R12 Stage 2: Enrichment
  Loaded 500 raw tasks
  Verification: 1 round(s), version=v2
  Output: /Users/dawsonblock/Downloads/Daph-ex-research-gate-c2-beir-retrieval-background-verification-v2a/experiments/daph_x/r12/r12_enriched_corpus.jsonl

  Resuming: 0 tasks already enriched, 500 to do

[1/500] reason_001

  Enriching: reason_001 (easy, math)
Loading model from /Users/dawsonblock/Downloads/qwen_gguf/Qwen2.5-7B-Instruct-Q4_K_M.gguf...
Model loaded.
    c 0: OK conf= 80 v=0.50
    c 1: OK conf= 80 v=0.50
    c 2: OK conf= 80 v=0.50
    c 3: OK conf= 80 v=0.50
    c 4: OK conf= 80 v=0.50
    c 5: OK conf= 80 v=0.50
    c 6: OK conf= 80 v=0.50
    c 7: OK conf= 80 v=0.50
    c 8: OK conf= 80 v=0.50
    c 9: OK conf= 80 v=0.50
    c10: OK conf= 80 v=0.50
    c11: OK conf= 80 v=0.50
  Enriched 12 candidates in 46.9s
[2/500] reason_002

  Enriching: reason_002 (medium, math)
    c 0: OK conf= 70 v=0.40
    c 1: OK conf= 70 v=0.40
    c 2: OK conf= 70 v=0.40
    c 3: OK conf= 70 v=0.40
    c 4: OK conf= 70 v=0.40
    c 5: OK conf= 70 v=0.40
    c 6: OK conf= 70 v=0.40
    c 7: OK conf= 70 v=0.40
    c 8: OK conf= 70 v=0.40
    c 9: OK conf= 70 v=0.40
    c10: OK conf= 70 v=0.40
    c11: OK conf= 70 v=0.40
  Enriched 12 candidates in 41.9s
[3/500] reason_003

  Enriching: reason_003 (medium, math)
    c 0: X  conf=  0 v=0.10
    c 1: X  conf=  0 v=0.10
    c 2: X  conf=  0 v=0.10
    c 3: X  conf=  0 v=0.10
    c 4: X  conf=  0 v=0.10
    c 5: X  conf=  0 v=0.10
    c 6: X  conf=  0 v=0.10
    c 7: X  conf=  0 v=0.10
    c 8: X  conf=  0 v=0.10
    c 9: X  conf=  0 v=0.10
    c10: X  conf=  0 v=0.10
    c11: X  conf=  0 v=0.10
  Enriched 12 candidates in 40.8s
[4/500] reason_004

  Enriching: reason_004 (medium, math)
    c 0: X  conf= 20 v=0.20
    c 1: X  conf= 25 v=0.50
    c 2: X  conf= 25 v=0.50
    c 3: X  conf= 25 v=0.50
    c 4: X  conf= 25 v=0.50
    c 5: X  conf= 20 v=0.20
    c 6: X  conf= 25 v=0.50
    c 7: X  conf= 25 v=0.50
    c 8: X  conf= 25 v=0.50
    c 9: X  conf= 25 v=0.50
    c10: X  conf= 20 v=0.20
    c11: X  conf= 25 v=0.50
  Enriched 12 candidates in 40.8s
[5/500] reason_005

  Enriching: reason_005 (hard, math)
    c 0: X  conf= 80 v=0.20
    c 1: X  conf=  0 v=0.20
    c 2: X  conf=  0 v=0.20
    c 3: X  conf=  0 v=0.20
    c 4: X  conf=  0 v=0.20
    c 5: X  conf=  0 v=0.20
    c 6: X  conf=  0 v=0.20
    c 7: X  conf=  0 v=0.20
    c 8: X  conf= 80 v=0.20
    c 9: X  conf= 80 v=0.20
    c10: X  conf=  0 v=0.20
    c11: X  conf=  0 v=0.20
  Enriched 12 candidates in 41.3s
[6/500] reason_006

  Enriching: reason_006 (easy, math)
    c 0: OK conf= 30 v=0.50
    c 1: OK conf= 30 v=0.50
    c 2: OK conf= 30 v=0.50
    c 3: OK conf= 30 v=0.50
    c 4: OK conf= 30 v=0.50
    c 5: OK conf= 30 v=0.50
    c 6: OK conf= 30 v=0.50
    c 7: OK conf= 30 v=0.50
    c 8: OK conf= 30 v=0.50
    c 9: OK conf= 30 v=0.50
    c10: OK conf= 30 v=0.50
    c11: OK conf= 30 v=0.50
  Enriched 12 candidates in 40.7s
[7/500] reason_007

  Enriching: reason_007 (hard, math)
    c 0: X  conf= 95 v=0.50
    c 1: X  conf= 95 v=0.50
    c 2: X  conf= 95 v=0.50
    c 3: X  conf= 95 v=0.50
    c 4: X  conf= 95 v=0.50
    c 5: X  conf= 95 v=0.50
    c 6: OK conf= 95 v=0.50
    c 7: OK conf= 95 v=0.50
    c 8: OK conf= 95 v=0.50
    c 9: X  conf= 30 v=0.50
    c10: OK conf= 95 v=0.50
    c11: OK conf= 95 v=0.50
  Enriched 12 candidates in 41.7s
[8/500] reason_008

  Enriching: reason_008 (medium, math)
    c 0: X  conf=  0 v=0.50
    c 1: X  conf=  0 v=0.50
    c 2: X  conf=  0 v=0.50
    c 3: X  conf=  0 v=0.50
    c 4: X  conf=  0 v=0.50
    c 5: X  conf=  0 v=0.50
    c 6: X  conf=  0 v=0.50
    c 7: X  conf=  0 v=0.50
    c 8: X  conf=  0 v=0.50
    c 9: X  conf=  0 v=0.50
    c10: X  conf=  0 v=0.50
    c11: X  conf=  0 v=0.50
  Enriched 12 candidates in 38.3s
[9/500] reason_009

  Enriching: reason_009 (medium, sequence)
    c 0: OK conf= 80 v=0.50
    c 1: OK conf= 80 v=0.50
    c 2: OK conf= 80 v=0.50
    c 3: OK conf= 80 v=0.50
    c 4: OK conf= 80 v=0.50
    c 5: X  conf=  0 v=0.50
    c 6: OK conf= 80 v=0.50
    c 7: X  conf= 80 v=0.50
    c 8: OK conf= 80 v=0.50
    c 9: OK conf= 80 v=0.50
    c10: OK conf= 80 v=0.50
    c11: X  conf=  0 v=0.50
  Enriched 12 candidates in 38.8s
[10/500] reason_010

  Enriching: reason_010 (easy, sequence)
    c 0: OK conf= 95 v=0.50
    c 1: OK conf= 95 v=0.50
    c 2: OK conf= 95 v=0.50
    c 3: OK conf= 95 v=0.50
    c 4: OK conf= 95 v=0.50
    c 5: OK conf= 95 v=0.50
    c 6: OK conf= 95 v=0.50
    c 7: OK conf= 95 v=0.50
    c 8: OK conf= 95 v=0.50
    c 9: OK conf= 95 v=0.50
    c10: OK conf= 95 v=0.50
    c11: OK conf= 95 v=0.50
  Enriched 12 candidates in 38.4s
[11/500] reason_011

  Enriching: reason_011 (easy, sequence)
    c 0: X  conf=  0 v=0.50
    c 1: OK conf=100 v=0.50
    c 2: OK conf=100 v=0.50
    c 3: OK conf=100 v=0.50
    c 4: OK conf=100 v=0.50
    c 5: OK conf=100 v=0.50
    c 6: OK conf=100 v=0.50
    c 7: OK conf=100 v=0.50
    c 8: OK conf=100 v=0.50
    c 9: OK conf=100 v=0.50
    c10: OK conf=100 v=0.50
    c11: OK conf=100 v=0.50
  Enriched 12 candidates in 39.5s
[12/500] reason_012

  Enriching: reason_012 (medium, sequence)
    c 0: OK conf= 95 v=0.50
    c 1: OK conf= 95 v=0.50
    c 2: OK conf= 95 v=0.50
    c 3: OK conf= 95 v=0.50
    c 4: OK conf= 95 v=0.50
    c 5: OK conf= 95 v=0.50
    c 6: OK conf= 95 v=0.50
    c 7: OK conf= 95 v=0.50
    c 8: OK conf= 95 v=0.50
    c 9: OK conf= 95 v=0.50
    c10: OK conf= 95 v=0.50
    c11: OK conf= 95 v=0.50
  Enriched 12 candidates in 38.3s
[13/500] reason_013

  Enriching: reason_013 (hard, logic)
    c 0: X  conf=  0 v=0.50
    c 1: X  conf=  0 v=0.50
    c 2: X  conf=  0 v=0.50
    c 3: X  conf=  0 v=0.50
    c 4: X  conf=  0 v=0.50
    c 5: X  conf=  0 v=0.50
    c 6: X  conf=  0 v=0.50
    c 7: X  conf=  0 v=0.50
    c 8: X  conf=  0 v=0.50
    c 9: X  conf=  0 v=0.50
    c10: X  conf=  0 v=0.50
    c11: X  conf=  0 v=0.50
  Enriched 12 candidates in 40.8s
[14/500] reason_014

  Enriching: reason_014 (medium, logic)
    c 0: X  conf= 80 v=0.50
    c 1: X  conf= 80 v=0.50
    c 2: OK conf= 80 v=0.50
    c 3: X  conf= 80 v=0.50
    c 4: X  conf= 80 v=0.50
    c 5: X  conf= 80 v=0.50
    c 6: X  conf= 80 v=0.50
    c 7: X  conf= 50 v=0.20
    c 8: OK conf= 80 v=0.50
    c 9: X  conf= 80 v=0.50
    c10: OK conf= 80 v=0.50
    c11: X  conf= 80 v=0.50
  Enriched 12 candidates in 40.1s
[15/500] reason_015

  Enriching: reason_015 (easy, logic)
    c 0: OK conf= 80 v=0.50
    c 1: X  conf=  0 v=0.50
    c 2: X  conf=  0 v=0.50
    c 3: X  conf=  0 v=0.50
    c 4: OK conf= 80 v=0.50
    c 5: OK conf= 80 v=0.50
    c 6: X  conf=  0 v=0.50
    c 7: OK conf= 80 v=0.50
    c 8: OK conf= 80 v=0.50
    c 9: OK conf= 80 v=0.50
    c10: OK conf= 80 v=0.50
    c11: X  conf=  0 v=0.50
  Enriched 12 candidates in 40.8s
[16/500] reason_016

  Enriching: reason_016 (medium, logic)
    c 0: X  conf=  0 v=0.20
    c 1: OK conf= 80 v=0.50
    c 2: OK conf= 80 v=0.50
    c 3: OK conf= 80 v=0.50
    c 4: OK conf= 80 v=0.50
    c 5: OK conf= 80 v=0.50
    c 6: X  conf= 80 v=0.50
    c 7: OK conf= 80 v=0.50
    c 8: OK conf= 80 v=0.50
    c 9: X  conf= 80 v=0.50
    c10: OK conf= 80 v=0.50
    c11: X  conf= 80 v=0.50
  Enriched 12 candidates in 38.4s
[17/500] reason_017

  Enriching: reason_017 (easy, combinatorics)
    c 0: OK conf=100 v=0.50
    c 1: OK conf=100 v=0.50
    c 2: OK conf=100 v=0.50
    c 3: OK conf=100 v=0.50
    c 4: OK conf=100 v=0.50
    c 5: OK conf=100 v=0.50
    c 6: OK conf=100 v=0.50
    c 7: OK conf=100 v=0.50
    c 8: OK conf=100 v=0.50
    c 9: OK conf=100 v=0.50
    c10: OK conf=100 v=0.50
    c11: OK conf=100 v=0.50
  Enriched 12 candidates in 41.7s
[18/500] reason_018

  Enriching: reason_018 (medium, combinatorics)
    c 0: X  conf= 35 v=0.20
    c 1: X  conf= 35 v=0.20
    c 2: X  conf= 35 v=0.20
    c 3: X  conf= 35 v=0.20
    c 4: X  conf= 35 v=0.50
    c 5: X  conf= 35 v=0.20
    c 6: X  conf= 35 v=0.20
    c 7: OK conf= 35 v=0.50
    c 8: X  conf= 35 v=0.20
    c 9: X  conf= 35 v=0.20
    c10: X  conf= 35 v=0.20
    c11: X  conf= 35 v=0.20
  Enriched 12 candidates in 39.3s
[19/500] reason_019

  Enriching: reason_019 (hard, combinatorics)
    c 0: X  conf= 20 v=0.20
    c 1: X  conf= 20 v=0.20
    c 2: OK conf= 80 v=0.50
    c 3: X  conf= 20 v=0.20
    c 4: X  conf= 20 v=0.20
    c 5: X  conf= 20 v=0.20
    c 6: X  conf= 20 v=0.20
    c 7: X  conf= 20 v=0.20
    c 8: X  conf= 20 v=0.20
    c 9: X  conf= 20 v=0.20
    c10: X  conf= 20 v=0.20
    c11: X  conf= 20 v=0.20
  Enriched 12 candidates in 40.7s
[20/500] reason_020

  Enriching: reason_020 (hard, combinatorics)
    c 0: X  conf= 90 v=0.50
    c 1: X  conf= 90 v=0.50
    c 2: X  conf= 90 v=0.50
    c 3: X  conf= 90 v=0.50
    c 4: X  conf= 90 v=0.50
    c 5: X  conf= 90 v=0.50
    c 6: X  conf= 90 v=0.50
    c 7: X  conf= 90 v=0.20
    c 8: X  conf= 90 v=0.50
    c 9: X  conf= 90 v=0.50
    c10: X  conf= 90 v=0.50
    c11: X  conf=  0 v=0.20
  Enriched 12 candidates in 40.9s
[21/500] reason_021

  Enriching: reason_021 (hard, math)
    c 0: OK conf=100 v=0.50
    c 1: X  conf=  1 v=0.50
    c 2: OK conf=100 v=0.50
    c 3: OK conf=100 v=0.50
    c 4: OK conf=100 v=0.50
    c 5: OK conf=100 v=0.50
    c 6: OK conf=100 v=0.50
    c 7: OK conf=100 v=0.50
    c 8: X  conf=  1 v=0.50
    c 9: OK conf=100 v=0.50
    c10: X  conf=  1 v=0.50
    c11: OK conf=100 v=0.50
  Enriched 12 candidates in 39.2s
[22/500] reason_022

  Enriching: reason_022 (medium, math)
    c 0: X  conf= 30 v=0.20
    c 1: X  conf=100 v=0.50
    c 2: X  conf=100 v=0.50
    c 3: X  conf=100 v=0.50
    c 4: X  conf=100 v=0.50
    c 5: X  conf= 30 v=0.20
    c 6: X  conf=100 v=0.50
    c 7: X  conf=100 v=0.50
    c 8: X  conf=100 v=0.50
    c 9: X  conf=100 v=0.50
    c10: X  conf=100 v=0.50
    c11: X  conf=100 v=0.50
  Enriched 12 candidates in 39.3s
[23/500] reason_023

  Enriching: reason_023 (medium, math)
    c 0: OK conf= 50 v=0.50
    c 1: X  conf= 50 v=0.50
    c 2: X  conf= 50 v=0.50
    c 3: OK conf= 50 v=0.50
    c 4: X  conf= 50 v=0.50
    c 5: X  conf= 50 v=0.50
    c 6: OK conf= 50 v=0.50
    c 7: X  conf= 50 v=0.50
    c 8: OK conf= 50 v=0.50
    c 9: OK conf= 50 v=0.50
    c10: X  conf= 50 v=0.50
    c11: X  conf= 50 v=0.50
  Enriched 12 candidates in 40.8s
[24/500] reason_024

  Enriching: reason_024 (medium, math)
    c 0: X  conf= 20 v=0.50
    c 1: OK conf= 50 v=0.50
    c 2: OK conf= 50 v=0.50
    c 3: X  conf= 20 v=0.50
    c 4: X  conf= 50 v=0.50
    c 5: X  conf= 20 v=0.50
    c 6: X  conf= 50 v=0.50
    c 7: X  conf= 50 v=0.50
    c 8: OK conf= 50 v=0.50
    c 9: OK conf= 50 v=0.50
    c10: X  conf= 50 v=0.50
    c11: X  conf= 20 v=0.50
  Enriched 12 candidates in 40.8s
[25/500] reason_025

  Enriching: reason_025 (medium, math)
    c 0: OK conf=100 v=0.50
    c 1: OK conf=100 v=0.50
    c 2: OK conf=100 v=0.50
    c 3: OK conf=100 v=0.50
    c 4: OK conf=100 v=0.50
    c 5: OK conf=100 v=0.50
    c 6: OK conf=100 v=0.50
    c 7: OK conf=100 v=0.50
    c 8: OK conf=100 v=0.50
    c 9: OK conf=100 v=0.50
    c10: OK conf=100 v=0.50
    c11: OK conf=100 v=0.50
  Enriched 12 candidates in 39.7s
[26/500] reason_026

  Enriching: reason_026 (easy, math)
    c 0: OK conf=100 v=0.50
    c 1: OK conf=100 v=0.50
    c 2: X  conf= 50 v=0.20
    c 3: OK conf=100 v=0.50
    c 4: OK conf=100 v=0.50
    c 5: X  conf= 50 v=0.20
    c 6: OK conf=100 v=0.50
    c 7: OK conf=100 v=0.50
    c 8: OK conf=100 v=0.50
    c 9: OK conf=100 v=0.50
    c10: X  conf= 50 v=0.20
    c11: OK conf=100 v=0.50
  Enriched 12 candidates in 39.9s
[27/500] reason_027

  Enriching: reason_027 (easy, math)
    c 0: OK conf=100 v=0.50
    c 1: OK conf=100 v=0.50
    c 2: OK conf=100 v=0.50
    c 3: OK conf=100 v=0.50
    c 4: OK conf=100 v=0.50
    c 5: OK conf=100 v=0.50
    c 6: OK conf=100 v=0.50
    c 7: OK conf=100 v=0.50
    c 8: OK conf=100 v=0.50
    c 9: OK conf=100 v=0.50
    c10: OK conf=100 v=0.50
    c11: OK conf=100 v=0.50
  Enriched 12 candidates in 38.9s
[28/500] reason_028

  Enriching: reason_028 (easy, math)
    c 0: OK conf=100 v=0.50
    c 1: OK conf=100 v=0.50
    c 2: OK conf=100 v=0.50
    c 3: OK conf=100 v=0.50
    c 4: OK conf=100 v=0.50
    c 5: OK conf=100 v=0.50
    c 6: OK conf=100 v=0.50
    c 7: OK conf=100 v=0.50
    c 8: OK conf=100 v=0.50
    c 9: OK conf=100 v=0.50
    c10: OK conf=100 v=0.50
    c11: OK conf=100 v=0.50
  Enriched 12 candidates in 41.8s
[29/500] reason_029

  Enriching: reason_029 (easy, math)
    c 0: OK conf=100 v=0.50
    c 1: OK conf=100 v=0.50
    c 2: OK conf=100 v=0.50
    c 3: OK conf=100 v=0.50
    c 4: OK conf=100 v=0.50
    c 5: OK conf=100 v=0.50
    c 6: OK conf=100 v=0.50
    c 7: OK conf=100 v=0.50
    c 8: OK conf=100 v=0.50
    c 9: OK conf=100 v=0.50
    c10: OK conf=100 v=0.50
    c11: OK conf=100 v=0.50
  Enriched 12 candidates in 38.7s
[30/500] reason_030

  Enriching: reason_030 (hard, math)
    c 0: OK conf= 80 v=0.50
    c 1: OK conf= 80 v=0.50
    c 2: OK conf= 80 v=0.50
    c 3: OK conf= 80 v=0.50
    c 4: X  conf= 80 v=0.50
    c 5: OK conf= 80 v=0.50
    c 6: OK conf= 80 v=0.50
    c 7: X  conf= 20 v=0.50
    c 8: OK conf= 80 v=0.50
    c 9: X  conf= 80 v=0.50
    c10: OK conf= 80 v=0.50
    c11: OK conf= 80 v=0.50
  Enriched 12 candidates in 40.9s
[31/500] reason_031

  Enriching: reason_031 (hard, math)
    c 0: X  conf=100 v=0.50
    c 1: OK conf= 95 v=0.50
    c 2: OK conf= 95 v=0.50
    c 3: OK conf= 95 v=0.50
    c 4: OK conf= 95 v=0.50
    c 5: OK conf= 95 v=0.50
    c 6: OK conf= 95 v=0.50
    c 7: OK conf= 95 v=0.50
    c 8: OK conf= 95 v=0.50
    c 9: OK conf= 95 v=0.50
    c10: OK conf= 95 v=0.50
    c11: OK conf= 95 v=0.50
  Enriched 12 candidates in 40.8s
[32/500] reason_032

  Enriching: reason_032 (hard, math)
    c 0: OK conf=100 v=0.50
    c 1: X  conf=  1 v=0.50
    c 2: X  conf=  1 v=0.50
    c 3: X  conf=100 v=0.50
    c 4: X  conf=  1 v=0.50
    c 5: X  conf=  1 v=0.50
    c 6: X  conf=  1 v=0.50
    c 7: X  conf=  0 v=0.20
    c 8: X  conf=  0 v=0.20
    c 9: X  conf=  1 v=0.50
    c10: X  conf=  1 v=0.50
    c11: X  conf=100 v=0.50
  Enriched 12 candidates in 40.9s
[33/500] reason_033

  Enriching: reason_033 (medium, math)
    c 0: X  conf= 40 v=0.20
    c 1: X  conf= 40 v=0.20
    c 2: X  conf= 40 v=0.20
    c 3: X  conf= 40 v=0.20
    c 4: X  conf= 40 v=0.20
    c 5: X  conf= 40 v=0.20
    c 6: X  conf= 40 v=0.20
    c 7: X  conf= 40 v=0.20
    c 8: OK conf= 40 v=0.50
    c 9: X  conf= 40 v=0.50
    c10: X  conf= 40 v=0.20
    c11: OK conf= 40 v=0.50
  Enriched 12 candidates in 40.8s
[34/500] reason_034

  Enriching: reason_034 (medium, math)
    c 0: OK conf=100 v=0.50
    c 1: OK conf=100 v=0.50
    c 2: OK conf=100 v=0.50
    c 3: OK conf=100 v=0.50
    c 4: OK conf=100 v=0.50
    c 5: OK conf=100 v=0.50
    c 6: OK conf=100 v=0.50
    c 7: OK conf=100 v=0.50
    c 8: OK conf=100 v=0.50
    c 9: OK conf=100 v=0.50
    c10: OK conf=100 v=0.50
    c11: X  conf= 60 v=0.20
  Enriched 12 candidates in 38.8s
[35/500] reason_035

  Enriching: reason_035 (hard, math)
    c 0: X  conf=  0 v=0.50
    c 1: X  conf=  0 v=0.50
    c 2: X  conf=  0 v=0.50
    c 3: X  conf=  0 v=0.50
    c 4: X  conf=  0 v=0.50
    c 5: X  conf=  0 v=0.50
    c 6: X  conf=  0 v=0.50
    c 7: X  conf=  0 v=0.50
    c 8: X  conf=  0 v=0.50
    c 9: X  conf=  0 v=0.50
    c10: X  conf=  0 v=0.50
    c11: X  conf=  0 v=0.50
  Enriched 12 candidates in 40.8s
[36/500] reason_036

  Enriching: reason_036 (hard, math)
    c 0: OK conf= 75 v=0.50
    c 1: OK conf= 75 v=0.50
    c 2: OK conf= 75 v=0.50
    c 3: X  conf= 75 v=0.50
    c 4: X  conf= 70 v=0.20
    c 5: X  conf= 70 v=0.20
    c 6: OK conf= 75 v=0.50
    c 7: X  conf= 75 v=0.50
    c 8: X  conf= 70 v=0.20
    c 9: X  conf= 70 v=0.20
    c10: X  conf= 70 v=0.20
    c11: X  conf= 75 v=0.50
  Enriched 12 candidates in 41.1s
[37/500] reason_037

  Enriching: reason_037 (medium, math)
    c 0: X  conf= 30 v=0.50
    c 1: X  conf= 30 v=0.50
    c 2: X  conf=  0 v=0.20
    c 3: X  conf= 30 v=0.50
    c 4: X  conf= 30 v=0.50
    c 5: X  conf= 30 v=0.50
    c 6: X  conf= 40 v=0.20
    c 7: X  conf= 30 v=0.50
    c 8: OK conf=100 v=0.50
    c 9: X  conf= 95 v=0.50
    c10: X  conf= 40 v=0.20
    c11: X  conf= 95 v=0.50
  Enriched 12 candidates in 40.6s
[38/500] reason_038

  Enriching: reason_038 (medium, combinatorics)
    c 0: X  conf=100 v=0.50
    c 1: X  conf=  3 v=0.50
    c 2: X  conf=  3 v=0.50
    c 3: X  conf=  3 v=0.50
    c 4: X  conf=100 v=0.50
    c 5: X  conf=100 v=0.50
    c 6: X  conf=  3 v=0.50
    c 7: OK conf=100 v=0.50
    c 8: X  conf=100 v=0.50
    c 9: X  conf=  3 v=0.50
    c10: X  conf=100 v=0.50
    c11: X  conf=100 v=0.50
  Enriched 12 candidates in 39.6s
[39/500] reason_039

  Enriching: reason_039 (medium, math)
    c 0: OK conf= 60 v=0.50
    c 1: OK conf= 60 v=0.50
    c 2: OK conf= 60 v=0.50
    c 3: OK conf= 60 v=0.50
    c 4: OK conf= 60 v=0.50
    c 5: OK conf= 60 v=0.50
    c 6: OK conf= 60 v=0.50
    c 7: OK conf= 60 v=0.50
    c 8: OK conf= 60 v=0.50
    c 9: OK conf= 60 v=0.50
    c10: OK conf= 60 v=0.50
    c11: OK conf= 60 v=0.50
  Enriched 12 candidates in 40.8s
[40/500] reason_040

  Enriching: reason_040 (medium, math)
    c 0: OK conf=100 v=0.50
    c 1: X  conf= 30 v=0.50
    c 2: OK conf=100 v=0.50
    c 3: X  conf= 30 v=0.50
    c 4: X  conf= 30 v=0.20
    c 5: X  conf= 30 v=0.50
    c 6: OK conf=100 v=0.50
    c 7: OK conf=100 v=0.50
    c 8: X  conf= 30 v=0.50
    c 9: OK conf=100 v=0.50
    c10: X  conf= 30 v=0.20
    c11: OK conf=100 v=0.50
  Enriched 12 candidates in 40.6s
[41/500] reason_041

  Enriching: reason_041 (easy, logic)
    c 0: OK conf=100 v=0.50
    c 1: OK conf=100 v=0.50
    c 2: OK conf=100 v=0.50
    c 3: OK conf=100 v=0.50
    c 4: OK conf=100 v=0.50
    c 5: OK conf=100 v=0.50
    c 6: OK conf=100 v=0.50
    c 7: X  conf=  0 v=0.20
    c 8: OK conf=100 v=0.50
    c 9: OK conf=100 v=0.50
    c10: OK conf=100 v=0.50
    c11: X  conf=100 v=0.50
  Enriched 12 candidates in 38.9s
[42/500] reason_042

  Enriching: reason_042 (medium, logic)
    c 0: X  conf= 70 v=0.50
    c 1: X  conf= 70 v=0.50
    c 2: X  conf= 70 v=0.50
    c 3: OK conf= 80 v=0.50
    c 4: X  conf= 70 v=0.50
    c 5: X  conf= 70 v=0.50
    c 6: OK conf= 80 v=0.50
    c 7: OK conf= 80 v=0.50
    c 8: X  conf= 70 v=0.50
    c 9: OK conf= 80 v=0.50
    c10: OK conf= 80 v=0.50
    c11: X  conf= 70 v=0.50
  Enriched 12 candidates in 40.7s
[43/500] reason_043

  Enriching: reason_043 (hard, logic)
    c 0: X  conf=  0 v=0.50
    c 1: X  conf=  0 v=0.50
    c 2: X  conf=  0 v=0.50
    c 3: X  conf=  0 v=0.50
    c 4: X  conf=  0 v=0.50
    c 5: X  conf=  0 v=0.50
    c 6: X  conf=  0 v=0.50
    c 7: X  conf=  0 v=0.50
    c 8: X  conf=  0 v=0.50
    c 9: X  conf=  0 v=0.50
    c10: X  conf=  0 v=0.50
    c11: X  conf=  0 v=0.50
  Enriched 12 candidates in 40.9s
[44/500] reason_044

  Enriching: reason_044 (hard, logic)
    c 0: OK conf= 95 v=0.50
    c 1: OK conf= 95 v=0.50
    c 2: OK conf= 95 v=0.50
    c 3: OK conf= 95 v=0.50
    c 4: OK conf= 95 v=0.50
    c 5: OK conf=  7 v=0.50
    c 6: OK conf=  7 v=0.50
    c 7: OK conf=  7 v=0.50
    c 8: X  conf= 95 v=0.50
    c 9: X  conf= 95 v=0.50
    c10: OK conf=  7 v=0.50
    c11: X  conf= 95 v=0.50
  Enriched 12 candidates in 40.3s
[45/500] reason_045

  Enriching: reason_045 (hard, math)
    c 0: X  conf=  0 v=0.50
    c 1: X  conf=  0 v=0.50
    c 2: X  conf=  0 v=0.50
    c 3: X  conf=  0 v=0.50
    c 4: X  conf=  0 v=0.50
    c 5: X  conf=  0 v=0.50
    c 6: X  conf=  0 v=0.50
    c 7: X  conf=  0 v=0.50
    c 8: X  conf=  0 v=0.50
    c 9: X  conf=  0 v=0.50
    c10: X  conf=  0 v=0.50
    c11: X  conf=  0 v=0.50
  Enriched 12 candidates in 41.0s
[46/500] reason_046

  Enriching: reason_046 (easy, sequence)
    c 0: X  conf=  0 v=0.50
    c 1: OK conf= 95 v=0.50
    c 2: OK conf= 95 v=0.50
    c 3: OK conf= 95 v=0.50
    c 4: OK conf= 95 v=0.50
    c 5: OK conf= 95 v=0.50
    c 6: OK conf= 95 v=0.50
    c 7: OK conf= 95 v=0.50
    c 8: OK conf= 95 v=0.50
    c 9: OK conf= 95 v=0.50
    c10: OK conf= 95 v=0.50
    c11: OK conf= 95 v=0.50
  Enriched 12 candidates in 38.5s
[47/500] reason_047

  Enriching: reason_047 (medium, sequence)
    c 0: OK conf=100 v=0.50
    c 1: X  conf=  0 v=0.50
    c 2: OK conf=100 v=0.50
    c 3: X  conf=  0 v=0.50
    c 4: X  conf=  0 v=0.50
    c 5: OK conf=100 v=0.50
    c 6: X  conf=  0 v=0.50
    c 7: OK conf=100 v=0.50
    c 8: X  conf=  0 v=0.50
    c 9: OK conf=100 v=0.50
    c10: OK conf=100 v=0.50
    c11: OK conf=100 v=0.50
  Enriched 12 candidates in 39.1s
[48/500] reason_048

  Enriching: reason_048 (easy, sequence)
    c 0: X  conf=  0 v=0.50
    c 1: OK conf=100 v=0.50
    c 2: OK conf=100 v=0.50
    c 3: OK conf=100 v=0.50
    c 4: OK conf=100 v=0.50
    c 5: OK conf=100 v=0.50
    c 6: OK conf=100 v=0.50
    c 7: OK conf=100 v=0.50
    c 8: OK conf=100 v=0.50
    c 9: OK conf=100 v=0.50
    c10: OK conf=100 v=0.50
    c11: OK conf=100 v=0.50
  Enriched 12 candidates in 38.7s
[49/500] reason_049

  Enriching: reason_049 (hard, sequence)
    c 0: OK conf= 80 v=0.50
    c 1: X  conf=  0 v=0.50
    c 2: OK conf= 80 v=0.50
    c 3: OK conf= 80 v=0.50
    c 4: X  conf=  0 v=0.50
    c 5: OK conf= 80 v=0.50
    c 6: X  conf= 80 v=0.50
    c 7: X  conf=  0 v=0.50
    c 8: X  conf=  0 v=0.50
    c 9: X  conf=  0 v=0.50
    c10: X  conf=  0 v=0.50
    c11: X  conf=  0 v=0.50
  Enriched 12 candidates in 38.1s
[50/500] reason_050

  Enriching: reason_050 (hard, sequence)
    c 0: OK conf= 80 v=0.50
    c 1: OK conf= 80 v=0.50
    c 2: OK conf= 80 v=0.50
    c 3: X  conf=  0 v=0.50
    c 4: X  conf=  0 v=0.50
    c 5: OK conf= 80 v=0.50
    c 6: OK conf= 80 v=0.50
    c 7: X  conf=  0 v=0.50
    c 8: OK conf= 80 v=0.50
    c 9: X  conf=  0 v=0.50
    c10: OK conf= 80 v=0.50
    c11: X  conf=  0 v=0.50
  Enriched 12 candidates in 38.1s
[51/500] reason_051

  Enriching: reason_051 (hard, combinatorics)
    c 0: OK conf= 20 v=0.20
    c 1: OK conf= 20 v=0.20
    c 2: OK conf= 20 v=0.20
    c 3: OK conf= 20 v=0.20
    c 4: OK conf= 20 v=0.20
    c 5: OK conf= 20 v=0.20
    c 6: OK conf= 20 v=0.20
    c 7: X  conf= 10 v=0.20
    c 8: OK conf= 20 v=0.20
    c 9: X  conf= 10 v=0.20
    c10: OK conf= 20 v=0.20
    c11: OK conf= 20 v=0.20
  Enriched 12 candidates in 41.6s
[52/500] reason_052

  Enriching: reason_052 (medium, combinatorics)
    c 0: X  conf= 20 v=0.20
    c 1: X  conf= 20 v=0.20
    c 2: X  conf= 20 v=0.20
    c 3: X  conf= 20 v=0.20
    c 4: X  conf= 20 v=0.20
    c 5: X  conf= 20 v=0.20
    c 6: X  conf= 20 v=0.20
    c 7: X  conf= 20 v=0.20
    c 8: X  conf= 20 v=0.20
    c 9: X  conf= 20 v=0.20
    c10: X  conf= 20 v=0.20
    c11: X  conf= 20 v=0.20
  Enriched 12 candidates in 40.8s
[53/500] reason_053

  Enriching: reason_053 (medium, combinatorics)
    c 0: X  conf= 20 v=0.50
    c 1: OK conf=100 v=0.50
    c 2: OK conf=100 v=0.50
    c 3: X  conf= 20 v=0.50
    c 4: X  conf=100 v=0.50
    c 5: OK conf=100 v=0.50
    c 6: OK conf=100 v=0.50
    c 7: X  conf= 20 v=0.50
    c 8: X  conf= 20 v=0.50
    c 9: OK conf=100 v=0.50
    c10: OK conf=100 v=0.50
    c11: X  conf=100 v=0.50
  Enriched 12 candidates in 39.0s
[54/500] reason_054

  Enriching: reason_054 (hard, combinatorics)
    c 0: X  conf= 40 v=0.50
    c 1: X  conf=  0 v=0.20
    c 2: X  conf= 40 v=0.50
    c 3: X  conf= 40 v=0.50
    c 4: OK conf= 45 v=0.50
    c 5: X  conf= 40 v=0.50
    c 6: X  conf= 40 v=0.50
    c 7: X  conf= 40 v=0.50
    c 8: X  conf= 40 v=0.20
    c 9: X  conf= 40 v=0.50
    c10: X  conf= 40 v=0.20
    c11: X  conf= 45 v=0.50
  Enriched 12 candidates in 40.6s
[55/500] reason_055

  Enriching: reason_055 (hard, combinatorics)
    c 0: X  conf=100 v=0.50
    c 1: OK conf=100 v=0.50
    c 2: OK conf=100 v=0.50
    c 3: OK conf=100 v=0.50
    c 4: OK conf=100 v=0.50
    c 5: OK conf=100 v=0.50
    c 6: OK conf=100 v=0.50
    c 7: OK conf=100 v=0.50
    c 8: X  conf=100 v=0.50
    c 9: OK conf=100 v=0.50
    c10: OK conf=100 v=0.50
    c11: X  conf=100 v=0.50
  Enriched 12 candidates in 40.7s
[56/500] reason_056

  Enriching: reason_056 (medium, math)
    c 0: X  conf= 40 v=0.20
    c 1: X  conf= 40 v=0.20
    c 2: X  conf= 40 v=0.20
    c 3: X  conf= 50 v=0.50
    c 4: X  conf= 50 v=0.50
    c 5: OK conf=100 v=0.50
    c 6: X  conf= 40 v=0.20
    c 7: X  conf= 40 v=0.50
    c 8: OK conf=100 v=0.50
    c 9: OK conf=100 v=0.50
    c10: OK conf=100 v=0.50
    c11: X  conf= 50 v=0.50
  Enriched 12 candidates in 41.0s
[57/500] reason_057

  Enriching: reason_057 (hard, math)
    c 0: X  conf=  0 v=0.50
    c 1: X  conf= 80 v=0.50
    c 2: X  conf= 80 v=0.50
    c 3: X  conf=  0 v=0.50
    c 4: X  conf= 80 v=0.50
    c 5: X  conf= 80 v=0.50
    c 6: X  conf= 80 v=0.50
    c 7: X  conf=  0 v=0.50
    c 8: X  conf= 80 v=0.50
    c 9: X  conf=  0 v=0.50
    c10: X  conf= 80 v=0.50
    c11: X  conf=  0 v=0.50
  Enriched 12 candidates in 40.8s
[58/500] reason_058

  Enriching: reason_058 (easy, math)
    c 0: X  conf= 80 v=0.20
    c 1: X  conf= 80 v=0.20
    c 2: X  conf= 80 v=0.20
    c 3: X  conf= 80 v=0.20
    c 4: OK conf= 80 v=1.00
    c 5: X  conf= 80 v=0.20
    c 6: X  conf= 80 v=0.20
    c 7: X  conf=100 v=1.00
    c 8: X  conf= 85 v=0.50
    c 9: X  conf=100 v=1.00
    c10: X  conf= 80 v=0.20
    c11: X  conf= 80 v=0.20
  Enriched 12 candidates in 40.2s
[59/500] reason_059

  Enriching: reason_059 (hard, math)
    c 0: X  conf= 40 v=0.20
    c 1: X  conf= 40 v=0.50
    c 2: X  conf= 40 v=0.50
    c 3: X  conf=100 v=0.50
    c 4: X  conf= 40 v=0.20
    c 5: X  conf= 40 v=0.20
    c 6: X  conf= 40 v=0.20
    c 7: X  conf= 40 v=0.20
    c 8: OK conf= 40 v=0.50
    c 9: X  conf= 40 v=0.20
    c10: X  conf= 40 v=0.20
    c11: X  conf= 40 v=0.20
  Enriched 12 candidates in 40.6s
[60/500] reason_060

  Enriching: reason_060 (medium, math)
    c 0: OK conf= 70 v=0.50
    c 1: OK conf= 70 v=0.50
    c 2: OK conf= 70 v=0.50
    c 3: OK conf= 70 v=0.50
    c 4: OK conf= 70 v=0.50
    c 5: OK conf= 70 v=0.50
    c 6: OK conf= 70 v=0.50
    c 7: OK conf= 70 v=0.50
    c 8: OK conf= 70 v=0.50
    c 9: OK conf= 70 v=0.50
    c10: OK conf= 70 v=0.50
    c11: OK conf= 70 v=0.50
  Enriched 12 candidates in 40.8s
[61/500] reason_061

  Enriching: reason_061 (hard, math)
    c 0: OK conf= 95 v=0.50
    c 1: OK conf= 95 v=0.50
    c 2: OK conf= 95 v=0.50
    c 3: OK conf= 85 v=0.50
    c 4: OK conf= 95 v=0.50
    c 5: OK conf= 95 v=0.50
    c 6: X  conf= 60 v=0.50
    c 7: X  conf= 64 v=0.50
    c 8: X  conf= 64 v=0.50
    c 9: OK conf= 85 v=0.50
    c10: OK conf= 95 v=0.50
    c11: X  conf= 60 v=0.50
  Enriched 12 candidates in 41.3s
[62/500] reason_062

  Enriching: reason_062 (medium, math)
    c 0: X  conf= 20 v=0.50
    c 1: X  conf= 20 v=0.50
    c 2: X  conf= 20 v=0.50
    c 3: OK conf=100 v=0.50
    c 4: OK conf=100 v=0.50
    c 5: X  conf= 20 v=0.50
    c 6: X  conf= 20 v=0.50
    c 7: X  conf= 20 v=0.50
    c 8: X  conf= 20 v=0.50
    c 9: OK conf=100 v=0.50
    c10: OK conf= 95 v=0.50
    c11: X  conf= 20 v=0.50
  Enriched 12 candidates in 38.9s
[63/500] reason_063

  Enriching: reason_063 (medium, combinatorics)
    c 0: X  conf= 10 v=0.50
    c 1: X  conf= 10 v=0.50
    c 2: X  conf= 10 v=0.50
    c 3: X  conf= 10 v=0.50
    c 4: X  conf= 10 v=0.50
    c 5: X  conf= 10 v=0.50
    c 6: X  conf= 10 v=0.50
    c 7: X  conf= 10 v=0.50
    c 8: X  conf= 10 v=0.50
    c 9: X  conf= 10 v=0.50
    c10: X  conf= 10 v=0.50
    c11: X  conf= 10 v=0.50
  Enriched 12 candidates in 40.7s
[64/500] reason_064

  Enriching: reason_064 (hard, math)
    c 0: X  conf=100 v=0.50
    c 1: X  conf=  1 v=0.50
    c 2: X  conf=  0 v=0.50
    c 3: X  conf=100 v=0.50
    c 4: OK conf=  0 v=0.50
    c 5: X  conf=100 v=0.50
    c 6: OK conf=  0 v=0.50
    c 7: OK conf=  0 v=0.50
    c 8: X  conf=  0 v=0.50
    c 9: OK conf=  0 v=0.50
    c10: X  conf=  1 v=0.50
    c11: OK conf=  0 v=0.50
  Enriched 12 candidates in 40.4s
[65/500] reason_065

  Enriching: reason_065 (medium, math)
    c 0: OK conf= 80 v=0.50
    c 1: OK conf= 80 v=0.50
    c 2: OK conf= 80 v=0.50
    c 3: OK conf= 80 v=0.50
    c 4: OK conf= 80 v=0.50
    c 5: OK conf= 80 v=0.50
    c 6: OK conf= 80 v=0.50
    c 7: OK conf= 80 v=0.50
    c 8: OK conf= 80 v=0.50
    c 9: OK conf= 80 v=0.50
    c10: OK conf= 80 v=0.50
    c11: OK conf= 80 v=0.50
  Enriched 12 candidates in 40.8s
[66/500] reason_066

  Enriching: reason_066 (medium, math)
    c 0: X  conf=  0 v=0.50
    c 1: X  conf=  0 v=0.50
    c 2: X  conf=  0 v=0.50
    c 3: X  conf=  0 v=0.50
    c 4: X  conf=  0 v=0.50
    c 5: X  conf=  0 v=0.50
    c 6: X  conf=  0 v=0.50
    c 7: X  conf=  0 v=0.50
    c 8: X  conf=  0 v=0.50
    c 9: X  conf=  0 v=0.50
    c10: X  conf=  0 v=0.50
    c11: X  conf=  0 v=0.50
  Enriched 12 candidates in 37.9s
[67/500] reason_067

  Enriching: reason_067 (easy, math)
    c 0: X  conf= 33 v=0.20
    c 1: X  conf= 33 v=0.20
    c 2: X  conf= 33 v=0.20
    c 3: X  conf= 33 v=0.20
    c 4: X  conf= 33 v=0.20
    c 5: X  conf= 33 v=0.20
    c 6: X  conf= 33 v=0.20
    c 7: X  conf= 33 v=0.20
    c 8: X  conf= 33 v=0.20
    c 9: X  conf= 33 v=0.20
    c10: X  conf=  3 v=0.50
    c11: X  conf= 33 v=0.20
  Enriched 12 candidates in 40.6s
[68/500] reason_068

  Enriching: reason_068 (hard, math)
    c 0: X  conf= 50 v=0.50
    c 1: X  conf= 50 v=0.50
    c 2: X  conf= 50 v=0.50
    c 3: X  conf= 50 v=0.50
    c 4: X  conf= 50 v=0.50
    c 5: X  conf= 50 v=0.50
    c 6: X  conf= 50 v=0.50
    c 7: X  conf= 50 v=0.50
    c 8: X  conf=  0 v=0.50
    c 9: X  conf= 50 v=0.50
    c10: X  conf= 50 v=0.50
    c11: X  conf= 50 v=0.50
  Enriched 12 candidates in 41.1s
[69/500] reason_069

  Enriching: reason_069 (medium, math)
    c 0: OK conf=100 v=0.50
    c 1: OK conf=100 v=0.50
    c 2: OK conf=100 v=0.50
    c 3: OK conf=100 v=0.50
    c 4: OK conf=100 v=0.50
    c 5: OK conf=100 v=0.50
    c 6: OK conf=100 v=0.50
    c 7: OK conf=100 v=0.50
    c 8: OK conf=100 v=0.50
    c 9: OK conf=100 v=0.50
    c10: OK conf=100 v=0.50
    c11: OK conf=100 v=0.50
  Enriched 12 candidates in 39.6s
[70/500] reason_070

  Enriching: reason_070 (easy, math)
    c 0: OK conf= 96 v=0.50
    c 1: OK conf= 96 v=0.50
    c 2: OK conf= 96 v=0.50
    c 3: OK conf= 96 v=0.50
    c 4: OK conf= 96 v=0.50
    c 5: OK conf= 96 v=0.50
    c 6: OK conf= 96 v=0.50
    c 7: OK conf= 96 v=0.50
    c 8: OK conf= 96 v=0.50
    c 9: OK conf= 96 v=0.50
    c10: OK conf= 96 v=0.50
    c11: OK conf= 96 v=0.50
  Enriched 12 candidates in 39.9s
[71/500] reason_071

  Enriching: reason_071 (medium, math)
    c 0: X  conf= 80 v=0.50
    c 1: X  conf= 80 v=0.50
    c 2: OK conf= 85 v=0.50
    c 3: OK conf= 85 v=0.50
    c 4: X  conf=100 v=0.50
    c 5: OK conf= 85 v=0.50
    c 6: OK conf= 85 v=0.50
    c 7: OK conf= 85 v=0.50
    c 8: X  conf= 85 v=0.50
    c 9: OK conf= 85 v=0.50
    c10: OK conf= 85 v=0.50
    c11: OK conf= 85 v=0.50
  Enriched 12 candidates in 41.8s
[72/500] reason_072

  Enriching: reason_072 (easy, math)
    c 0: X  conf= 50 v=0.20
    c 1: X  conf= 50 v=0.20
    c 2: X  conf= 50 v=0.20
    c 3: OK conf=100 v=0.50
    c 4: OK conf=100 v=0.50
    c 5: OK conf=100 v=0.50
    c 6: X  conf= 50 v=0.20
    c 7: OK conf=100 v=0.50
    c 8: OK conf=100 v=0.50
    c 9: OK conf=100 v=0.50
    c10: OK conf=100 v=0.50
    c11: OK conf=100 v=0.50
  Enriched 12 candidates in 39.4s
[73/500] reason_073

  Enriching: reason_073 (medium, math)
    c 0: X  conf=  0 v=0.50
    c 1: X  conf=  0 v=0.50
    c 2: X  conf=  0 v=0.50
    c 3: X  conf=  0 v=0.50
    c 4: X  conf=  0 v=0.50
    c 5: X  conf=  0 v=0.50
    c 6: X  conf=  0 v=0.50
    c 7: X  conf=  0 v=0.50
    c 8: X  conf=  0 v=0.50
    c 9: X  conf=  0 v=0.50
    c10: X  conf= 50 v=0.50
    c11: X  conf=  0 v=0.50
  Enriched 12 candidates in 38.3s
[74/500] reason_074

  Enriching: reason_074 (hard, math)
    c 0: X  conf= 80 v=0.50
    c 1: X  conf= 80 v=0.50
    c 2: X  conf= 80 v=0.50
    c 3: X  conf= 80 v=0.50
    c 4: X  conf= 80 v=0.50
    c 5: X  conf= 80 v=0.50
    c 6: X  conf= 80 v=0.50
    c 7: X  conf= 80 v=0.50
    c 8: X  conf= 80 v=0.50
    c 9: X  conf= 80 v=0.50
    c10: X  conf= 80 v=0.50
    c11: X  conf= 80 v=0.50
  Enriched 12 candidates in 40.8s
[75/500] reason_075

  Enriching: reason_075 (medium, math)
    c 0: X  conf=100 v=0.50
    c 1: X  conf=100 v=0.50
    c 2: X  conf=100 v=0.50
    c 3: X  conf=100 v=0.50
    c 4: X  conf= 25 v=0.50
    c 5: X  conf= 25 v=0.50
    c 6: OK conf=100 v=0.50
    c 7: X  conf=100 v=0.50
    c 8: OK conf=100 v=0.50
    c 9: OK conf=100 v=0.50
    c10: OK conf=100 v=0.50
    c11: OK conf=100 v=0.50
  Enriched 12 candidates in 39.7s
[76/500] reason_076

  Enriching: reason_076 (medium, math)
    c 0: X  conf= 40 v=0.50
    c 1: OK conf= 40 v=0.50
    c 2: OK conf= 40 v=0.50
    c 3: OK conf= 40 v=0.50
    c 4: OK conf= 40 v=0.50
    c 5: X  conf= 40 v=0.50
    c 6: OK conf= 40 v=0.50
    c 7: X  conf= 40 v=0.20
    c 8: OK conf= 40 v=0.50
    c 9: X  conf= 40 v=0.20
    c10: OK conf= 40 v=0.50
    c11: OK conf= 40 v=0.50
  Enriched 12 candidates in 40.8s
[77/500] reason_077

  Enriching: reason_077 (medium, math)
    c 0: OK conf= 40 v=0.50
    c 1: OK conf= 40 v=0.50
    c 2: OK conf= 40 v=0.50
    c 3: OK conf= 40 v=0.50
    c 4: OK conf= 40 v=0.50
    c 5: OK conf= 40 v=0.50
    c 6: OK conf= 40 v=0.50
    c 7: OK conf= 40 v=0.50
    c 8: OK conf= 40 v=0.50
    c 9: OK conf= 40 v=0.50
    c10: OK conf= 40 v=0.50
    c11: OK conf= 40 v=0.50
  Enriched 12 candidates in 40.8s
[78/500] reason_078

  Enriching: reason_078 (easy, math)
    c 0: OK conf=100 v=1.00
    c 1: OK conf=100 v=1.00
    c 2: OK conf=100 v=1.00
    c 3: OK conf=100 v=1.00
    c 4: OK conf=100 v=1.00
    c 5: OK conf=100 v=1.00
    c 6: OK conf=100 v=1.00
    c 7: OK conf=100 v=1.00
    c 8: OK conf=100 v=1.00
    c 9: OK conf=100 v=1.00
    c10: OK conf=100 v=1.00
    c11: OK conf=100 v=1.00
  Enriched 12 candidates in 40.6s
[79/500] reason_079

  Enriching: reason_079 (hard, math)
    c 0: X  conf= 90 v=0.01
    c 1: X  conf= 90 v=0.01
    c 2: X  conf= 90 v=0.01
    c 3: X  conf=  0 v=0.01
    c 4: X  conf=  0 v=0.01
    c 5: X  conf= 90 v=0.01
    c 6: X  conf=  0 v=0.01
    c 7: X  conf= 90 v=0.01
    c 8: X  conf= 90 v=0.01
    c 9: X  conf=  0 v=0.01
    c10: X  conf= 90 v=0.01
    c11: X  conf=  0 v=0.01
  Enriched 12 candidates in 41.2s
[80/500] reason_080

  Enriching: reason_080 (medium, math)
    c 0: OK conf= 80 v=0.50
    c 1: OK conf= 80 v=0.50
    c 2: OK conf= 80 v=0.50
    c 3: OK conf= 80 v=0.50
    c 4: OK conf= 80 v=0.50
    c 5: OK conf= 80 v=0.50
    c 6: OK conf= 80 v=0.50
    c 7: OK conf= 80 v=0.50
    c 8: OK conf= 80 v=0.50
    c 9: OK conf= 80 v=0.50
    c10: OK conf= 80 v=0.50
    c11: OK conf= 80 v=0.50
  Enriched 12 candidates in 40.7s
[81/500] reason_081

  Enriching: reason_081 (medium, logic)
    c 0: X  conf= 99 v=0.20
    c 1: X  conf= 99 v=0.20
    c 2: X  conf= 99 v=0.20
    c 3: X  conf=  0 v=0.20
    c 4: X  conf= 99 v=0.20
    c 5: X  conf=  0 v=0.20
    c 6: X  conf=  0 v=0.20
    c 7: X  conf=  0 v=0.20
    c 8: X  conf=  0 v=0.20
    c 9: X  conf=  0 v=0.20
    c10: X  conf=  0 v=0.20
    c11: X  conf=  0 v=0.20
  Enriched 12 candidates in 40.7s
[82/500] reason_082

  Enriching: reason_082 (easy, logic)
    c 0: OK conf=  3 v=0.50
    c 1: OK conf=  3 v=0.50
    c 2: OK conf=  3 v=0.50
    c 3: OK conf=  3 v=0.50
    c 4: OK conf=  3 v=0.50
    c 5: OK conf=  3 v=0.50
    c 6: OK conf=  3 v=0.50
    c 7: OK conf=  3 v=0.50
    c 8: OK conf=  3 v=0.50
    c 9: OK conf=  3 v=0.50
    c10: OK conf=  3 v=0.50
    c11: OK conf=  3 v=0.50
  Enriched 12 candidates in 39.1s
[83/500] reason_083

  Enriching: reason_083 (hard, logic)
    c 0: X  conf=  0 v=0.20
    c 1: X  conf=  0 v=0.20
    c 2: X  conf=  0 v=0.20
    c 3: X  conf=  0 v=0.20
    c 4: X  conf=  0 v=0.20
    c 5: X  conf=  0 v=0.20
    c 6: X  conf=  0 v=0.20
    c 7: X  conf=  0 v=0.50
    c 8: X  conf=  0 v=0.20
    c 9: X  conf=  0 v=0.20
    c10: X  conf=  0 v=0.20
    c11: X  conf=  0 v=0.20
  Enriched 12 candidates in 38.7s
[84/500] reason_084

  Enriching: reason_084 (medium, logic)
    c 0: X  conf=  0 v=0.20
    c 1: X  conf=  0 v=0.50
    c 2: X  conf=  0 v=0.20
    c 3: OK conf= 80 v=0.50
    c 4: X  conf=  0 v=0.20
    c 5: X  conf= 80 v=0.50
    c 6: X  conf=  0 v=0.20
    c 7: X  conf= 80 v=0.50
    c 8: X  conf= 80 v=0.50
    c 9: X  conf= 80 v=0.50
    c10: X  conf=  0 v=0.20
    c11: X  conf= 80 v=0.50
  Enriched 12 candidates in 39.6s
[85/500] reason_085

  Enriching: reason_085 (medium, logic)
    c 0: X  conf=  0 v=0.50
    c 1: X  conf=  0 v=0.50
    c 2: X  conf=  0 v=0.50
    c 3: X  conf=  0 v=0.50
    c 4: X  conf=  0 v=0.20
    c 5: X  conf=  0 v=0.50
    c 6: X  conf=  0 v=0.50
    c 7: X  conf=  0 v=0.50
    c 8: X  conf=  0 v=0.50
    c 9: X  conf=  0 v=0.50
    c10: X  conf=100 v=0.50
    c11: X  conf=  0 v=0.50
  Enriched 12 candidates in 38.2s
[86/500] reason_086

  Enriching: reason_086 (hard, logic)
    c 0: X  conf=  3 v=0.20
    c 1: OK conf= 25 v=0.50
    c 2: X  conf=  3 v=0.20
    c 3: OK conf= 25 v=0.50
    c 4: X  conf=  3 v=0.20
    c 5: X  conf=  3 v=0.20
    c 6: OK conf= 25 v=0.50
    c 7: X  conf=  3 v=0.20
    c 8: OK conf= 25 v=0.50
    c 9: OK conf= 25 v=0.50
    c10: X  conf=  3 v=0.20
    c11: X  conf=  3 v=0.20
  Enriched 12 candidates in 39.9s
[87/500] reason_087

  Enriching: reason_087 (hard, logic)
    c 0: X  conf=  0 v=0.20
    c 1: X  conf=  0 v=0.20
    c 2: X  conf=  0 v=0.20
    c 3: X  conf=  0 v=0.20
    c 4: X  conf=  0 v=0.20
    c 5: X  conf=  0 v=0.20
    c 6: X  conf= 80 v=0.20
    c 7: X  conf= 80 v=0.20
    c 8: X  conf= 80 v=0.20
    c 9: X  conf=  0 v=0.20
    c10: X  conf=  0 v=0.20
    c11: X  conf=  0 v=0.20
  Enriched 12 candidates in 39.0s
[88/500] reason_088

  Enriching: reason_088 (hard, logic)
    c 0: X  conf=  0 v=0.50
    c 1: X  conf=  0 v=0.50
    c 2: X  conf=  0 v=0.50
    c 3: X  conf=  0 v=0.50
    c 4: X  conf=  0 v=0.50
    c 5: X  conf=  0 v=0.50
    c 6: X  conf=  0 v=0.50
    c 7: X  conf=  0 v=0.50
    c 8: X  conf=  0 v=0.50
    c 9: X  conf= 80 v=0.50
    c10: X  conf=  0 v=0.50
    c11: X  conf=  0 v=0.50
  Enriched 12 candidates in 38.9s
[89/500] reason_089

  Enriching: reason_089 (medium, logic)
    c 0: X  conf=  0 v=0.50
    c 1: X  conf=  0 v=0.50
    c 2: X  conf=  0 v=0.50
    c 3: X  conf=100 v=0.50
    c 4: X  conf=  0 v=0.50
    c 5: X  conf=  0 v=0.50
    c 6: X  conf=  0 v=0.50
    c 7: X  conf=  0 v=0.50
    c 8: X  conf=  0 v=0.50
    c 9: X  conf=100 v=0.50
    c10: X  conf=  0 v=0.50
    c11: X  conf=100 v=0.50
  Enriched 12 candidates in 40.2s
[90/500] reason_090

  Enriching: reason_090 (easy, logic)
    c 0: OK conf=100 v=0.50
    c 1: OK conf=100 v=0.50
    c 2: OK conf=100 v=0.50
    c 3: OK conf=100 v=0.50
    c 4: OK conf=100 v=0.50
    c 5: OK conf=100 v=0.50
    c 6: OK conf=100 v=0.50
    c 7: OK conf=100 v=0.50
    c 8: OK conf=100 v=0.50
    c 9: OK conf=100 v=0.50
    c10: OK conf=100 v=0.50
    c11: OK conf=100 v=0.50
  Enriched 12 candidates in 38.7s
[91/500] reason_091

  Enriching: reason_091 (hard, sequence)
    c 0: X  conf= 80 v=0.50
    c 1: X  conf= 80 v=0.50
    c 2: X  conf=  0 v=0.50
    c 3: X  conf=  0 v=0.50
    c 4: X  conf=  0 v=0.50
    c 5: X  conf=  0 v=0.50
    c 6: X  conf=  0 v=0.50
    c 7: X  conf=  0 v=0.50
    c 8: X  conf=  0 v=0.50
    c 9: X  conf=  0 v=0.50
    c10: X  conf=  0 v=0.50
    c11: X  conf=  0 v=0.50
  Enriched 12 candidates in 38.3s
[92/500] reason_092

  Enriching: reason_092 (easy, sequence)
    c 0: OK conf=100 v=0.50
    c 1: OK conf=100 v=0.50
    c 2: OK conf=100 v=0.50
    c 3: OK conf=100 v=0.50
    c 4: OK conf=100 v=0.50
    c 5: OK conf=100 v=0.50
    c 6: OK conf=100 v=0.50
    c 7: OK conf=100 v=0.50
    c 8: OK conf=100 v=0.50
    c 9: OK conf=100 v=0.50
    c10: OK conf=100 v=0.50
    c11: OK conf=100 v=0.50
  Enriched 12 candidates in 39.7s
[93/500] reason_093

  Enriching: reason_093 (easy, sequence)
    c 0: OK conf= 95 v=0.50
    c 1: OK conf= 95 v=0.50
    c 2: OK conf= 95 v=0.50
    c 3: OK conf= 95 v=0.50
    c 4: X  conf=  0 v=0.50
    c 5: OK conf= 95 v=0.50
    c 6: OK conf= 95 v=0.50
    c 7: OK conf= 95 v=0.50
    c 8: OK conf= 95 v=0.50
    c 9: OK conf= 95 v=0.50
    c10: OK conf= 95 v=0.50
    c11: OK conf= 95 v=0.50
  Enriched 12 candidates in 39.4s
[94/500] reason_094

  Enriching: reason_094 (hard, sequence)
    c 0: OK conf= 80 v=0.50
    c 1: X  conf=  0 v=0.50
    c 2: X  conf=  0 v=0.50
    c 3: OK conf= 80 v=0.50
    c 4: X  conf=  0 v=0.50
    c 5: OK conf= 80 v=0.50
    c 6: OK conf= 80 v=0.50
    c 7: OK conf= 80 v=0.50
    c 8: OK conf= 80 v=0.50
    c 9: X  conf=  0 v=0.50
    c10: X  conf= 30 v=0.50
    c11: X  conf= 80 v=0.50
  Enriched 12 candidates in 39.2s
[95/500] reason_095

  Enriching: reason_095 (hard, sequence)
    c 0: OK conf= 80 v=0.50
    c 1: OK conf= 80 v=0.50
    c 2: OK conf= 80 v=0.50
    c 3: X  conf=  0 v=0.50
    c 4: X  conf=  0 v=0.50
    c 5: X  conf=  0 v=0.50
    c 6: OK conf= 80 v=0.50
    c 7: X  conf=  0 v=0.50
    c 8: X  conf=  0 v=0.50
    c 9: OK conf= 80 v=0.50
    c10: X  conf=  0 v=0.50
    c11: X  conf=  0 v=0.50
  Enriched 12 candidates in 38.1s
[96/500] reason_096

  Enriching: reason_096 (medium, sequence)
    c 0: X  conf=  0 v=0.50
    c 1: X  conf=  0 v=0.50
    c 2: OK conf= 95 v=0.50
    c 3: X  conf=  0 v=0.50
    c 4: OK conf= 95 v=0.50
    c 5: OK conf= 95 v=0.50
    c 6: OK conf= 95 v=0.50
    c 7: OK conf= 95 v=0.50
    c 8: X  conf=  0 v=0.50
    c 9: OK conf= 95 v=0.50
    c10: OK conf= 95 v=0.50
    c11: OK conf= 95 v=0.50
  Enriched 12 candidates in 39.1s
[97/500] reason_097

  Enriching: reason_097 (hard, sequence)
    c 0: X  conf=  0 v=0.50
    c 1: OK conf= 95 v=0.50
    c 2: X  conf=  0 v=0.50
    c 3: X  conf=  0 v=0.50
    c 4: X  conf=  0 v=0.50
    c 5: X  conf=  0 v=0.50
    c 6: X  conf=  0 v=0.50
    c 7: OK conf= 95 v=0.50
    c 8: X  conf=  0 v=0.50
    c 9: X  conf=  0 v=0.50
    c10: OK conf= 95 v=0.50
    c11: X  conf=  0 v=0.50
  Enriched 12 candidates in 38.7s
[98/500] reason_098

  Enriching: reason_098 (hard, sequence)
    c 0: X  conf=  0 v=0.50
    c 1: X  conf=  0 v=0.50
    c 2: X  conf= 25 v=0.50
    c 3: X  conf=  0 v=0.50
    c 4: X  conf=  0 v=0.50
    c 5: X  conf=  0 v=0.50
    c 6: X  conf=  0 v=0.50
    c 7: X  conf=  0 v=0.50
    c 8: X  conf=  0 v=0.50
    c 9: X  conf=  0 v=0.50
    c10: X  conf=  0 v=0.50
    c11: X  conf= 25 v=0.50
  Enriched 12 candidates in 38.1s
[99/500] reason_099

  Enriching: reason_099 (hard, sequence)
    c 0: X  conf=  0 v=0.50
    c 1: X  conf=  0 v=0.50
    c 2: X  conf=  0 v=0.50
    c 3: X  conf=  0 v=0.50
    c 4: X  conf=  0 v=0.50
    c 5: X  conf=  0 v=0.50
    c 6: X  conf=  0 v=0.50
    c 7: X  conf=  0 v=0.50
    c 8: X  conf=  0 v=0.50
    c 9: X  conf=  0 v=0.50
    c10: X  conf=  0 v=0.50
    c11: X  conf=  0 v=0.50
  Enriched 12 candidates in 38.1s
[100/500] reason_100

  Enriching: reason_100 (hard, sequence)
    c 0: OK conf= 95 v=0.50
    c 1: OK conf= 95 v=0.50
    c 2: OK conf= 95 v=0.50
    c 3: OK conf= 95 v=0.50
    c 4: OK conf= 95 v=0.50
    c 5: OK conf= 95 v=0.50
    c 6: OK conf= 95 v=0.50
    c 7: OK conf= 95 v=0.50
    c 8: OK conf= 95 v=0.50
    c 9: OK conf= 95 v=0.50
    c10: OK conf= 95 v=0.50
    c11: OK conf= 95 v=0.50
  Enriched 12 candidates in 40.8s
[101/500] reason_101

  Enriching: reason_101 (hard, combinatorics)
    c 0: X  conf= 15 v=0.20
    c 1: X  conf= 15 v=0.20
    c 2: X  conf= 80 v=0.50
    c 3: X  conf= 30 v=0.20
    c 4: X  conf= 15 v=0.20
    c 5: X  conf= 80 v=0.50
    c 6: X  conf= 30 v=0.20
    c 7: OK conf= 80 v=0.50
    c 8: X  conf= 15 v=0.20
    c 9: X  conf= 30 v=0.20
    c10: X  conf= 15 v=0.20
    c11: X  conf= 15 v=0.20
  Enriched 12 candidates in 40.8s
[102/500] reason_102

  Enriching: reason_102 (hard, combinatorics)
    c 0: X  conf= 75 v=0.50
    c 1: X  conf= 75 v=0.50
    c 2: OK conf=  7 v=0.50
    c 3: X  conf=100 v=0.50
    c 4: X  conf= 75 v=0.50
    c 5: X  conf= 75 v=0.50
    c 6: X  conf= 70 v=0.50
    c 7: X  conf= 75 v=0.50
    c 8: X  conf= 75 v=0.50
    c 9: X  conf=100 v=0.50
    c10: X  conf=100 v=0.50
    c11: OK conf=  7 v=0.50
  Enriched 12 candidates in 40.1s
[103/500] reason_103

  Enriching: reason_103 (hard, combinatorics)
    c 0: X  conf= 30 v=0.20
    c 1: X  conf= 33 v=0.20
    c 2: X  conf= 33 v=0.50
    c 3: X  conf= 30 v=0.20
    c 4: X  conf= 33 v=0.50
    c 5: X  conf= 30 v=0.20
    c 6: X  conf= 30 v=0.20
    c 7: X  conf= 30 v=0.20
    c 8: X  conf= 30 v=0.20
    c 9: X  conf= 30 v=0.20
    c10: X  conf= 33 v=0.20
    c11: X  conf= 33 v=0.50
  Enriched 12 candidates in 40.8s
[104/500] reason_104

  Enriching: reason_104 (medium, combinatorics)
    c 0: OK conf=100 v=0.50
    c 1: OK conf=100 v=0.50
    c 2: OK conf=100 v=0.50
    c 3: OK conf=100 v=0.50
    c 4: X  conf= 95 v=0.50
    c 5: OK conf=100 v=0.50
    c 6: OK conf=100 v=0.50
    c 7: OK conf=100 v=0.50
    c 8: X  conf= 95 v=0.20
    c 9: X  conf=100 v=0.50
    c10: X  conf= 95 v=0.20
    c11: X  conf= 95 v=0.50
  Enriched 12 candidates in 40.8s
[105/500] reason_105

  Enriching: reason_105 (hard, combinatorics)
    c 0: X  conf=  2 v=0.20
    c 1: X  conf=  2 v=0.50
    c 2: X  conf=  2 v=0.50
    c 3: X  conf=  2 v=0.20
    c 4: X  conf=  2 v=0.50
    c 5: OK conf=  2 v=0.50
    c 6: X  conf=  2 v=0.50
    c 7: X  conf=  2 v=0.50
    c 8: OK conf=  2 v=0.50
    c 9: X  conf=  2 v=0.50
    c10: X  conf=  2 v=0.50
    c11: OK conf=  2 v=0.50
  Enriched 12 candidates in 40.2s
[106/500] reason_106

  Enriching: reason_106 (hard, combinatorics)
    c 0: X  conf= 95 v=0.50
    c 1: X  conf= 95 v=0.50
    c 2: X  conf= 95 v=0.50
    c 3: X  conf= 95 v=0.50
    c 4: X  conf= 95 v=0.50
    c 5: X  conf= 95 v=0.50
    c 6: X  conf= 95 v=0.50
    c 7: X  conf= 95 v=0.50
    c 8: X  conf= 75 v=0.50
    c 9: X  conf= 95 v=0.50
    c10: X  conf= 95 v=0.50
    c11: X  conf= 75 v=0.50
  Enriched 12 candidates in 40.9s
[107/500] reason_107

  Enriching: reason_107 (hard, combinatorics)
    c 0: X  conf= 40 v=0.20
    c 1: X  conf= 40 v=0.20
    c 2: X  conf= 44 v=0.20
    c 3: X  conf= 44 v=0.20
    c 4: X  conf= 40 v=0.20
    c 5: X  conf= 40 v=0.20
    c 6: X  conf= 44 v=0.20
    c 7: X  conf= 44 v=0.20
    c 8: X  conf= 40 v=0.20
    c 9: X  conf= 44 v=0.20
    c10: X  conf= 40 v=0.20
    c11: X  conf=  0 v=0.20
  Enriched 12 candidates in 40.1s
[108/500] reason_108

  Enriching: reason_108 (medium, combinatorics)
    c 0: X  conf= 10 v=0.20
    c 1: X  conf= 20 v=0.50
    c 2: X  conf= 10 v=0.20
    c 3: OK conf=100 v=0.50
    c 4: X  conf= 20 v=0.50
    c 5: X  conf= 10 v=0.20
    c 6: OK conf=100 v=0.50
    c 7: X  conf= 20 v=0.50
    c 8: X  conf= 20 v=0.50
    c 9: X  conf= 10 v=0.20
    c10: X  conf= 10 v=0.50
    c11: OK conf=100 v=0.50
  Enriched 12 candidates in 41.0s
[109/500] reason_109

  Enriching: reason_109 (hard, combinatorics)
    c 0: OK conf=100 v=0.50
    c 1: OK conf=100 v=0.50
    c 2: OK conf=100 v=0.50
    c 3: OK conf=100 v=0.50
    c 4: X  conf= 40 v=0.20
    c 5: OK conf=100 v=0.50
    c 6: OK conf=100 v=0.50
    c 7: OK conf=100 v=0.50
    c 8: OK conf=100 v=0.50
    c 9: X  conf= 40 v=0.20
    c10: OK conf=100 v=0.50
    c11: X  conf= 40 v=0.50
  Enriched 12 candidates in 41.5s
[110/500] reason_110

  Enriching: reason_110 (hard, combinatorics)
    c 0: X  conf=  4 v=0.50
    c 1: X  conf=  4 v=0.50
    c 2: X  conf=  0 v=0.50
    c 3: X  conf=  0 v=0.50
    c 4: X  conf= 30 v=0.50
    c 5: X  conf= 45 v=0.50
    c 6: X  conf=  0 v=0.50
    c 7: X  conf=  4 v=0.50
    c 8: X  conf= 45 v=0.50
    c 9: X  conf=  4 v=0.50
    c10: X  conf= 42 v=0.50
    c11: X  conf=  0 v=0.50
  Enriched 12 candidates in 40.3s
[111/500] reason_111

  Enriching: reason_111 (hard, math)
    c 0: OK conf= 95 v=0.50
    c 1: X  conf=  0 v=0.50
    c 2: OK conf= 95 v=0.50
    c 3: OK conf= 95 v=0.50
    c 4: OK conf= 95 v=0.50
    c 5: X  conf=  0 v=0.50
    c 6: OK conf= 95 v=0.50
    c 7: X  conf=  0 v=0.50
    c 8: OK conf= 95 v=0.50
    c 9: X  conf=  0 v=0.50
    c10: X  conf=  0 v=0.50
    c11: X  conf=  0 v=0.50
  Enriched 12 candidates in 38.8s
[112/500] reason_112

  Enriching: reason_112 (hard, math)
    c 0: X  conf= 20 v=0.50
    c 1: X  conf= 20 v=0.50
    c 2: X  conf= 20 v=0.50
    c 3: X  conf= 20 v=0.50
    c 4: X  conf= 20 v=0.50
    c 5: X  conf= 20 v=0.50
    c 6: X  conf= 30 v=0.50
    c 7: X  conf=  0 v=0.50
    c 8: X  conf=  0 v=0.50
    c 9: X  conf= 20 v=0.50
    c10: X  conf= 20 v=0.50
    c11: X  conf= 20 v=0.50
  Enriched 12 candidates in 38.4s
[113/500] reason_113

  Enriching: reason_113 (medium, math)
    c 0: OK conf= 95 v=0.50
    c 1: OK conf= 95 v=0.50
    c 2: OK conf= 95 v=0.50
    c 3: OK conf= 95 v=0.50
    c 4: OK conf= 95 v=0.50
    c 5: X  conf= 90 v=0.20
    c 6: OK conf= 95 v=0.50
    c 7: OK conf= 95 v=0.50
    c 8: OK conf= 95 v=0.50
    c 9: OK conf= 95 v=0.50
    c10: OK conf= 95 v=0.50
    c11: OK conf= 95 v=0.50
  Enriched 12 candidates in 40.7s
[114/500] reason_114

  Enriching: reason_114 (medium, math)
    c 0: X  conf= 33 v=0.50
    c 1: X  conf= 30 v=0.50
    c 2: X  conf= 33 v=0.50
    c 3: X  conf=  1 v=0.50
    c 4: OK conf= 33 v=0.50
    c 5: X  conf= 33 v=0.50
    c 6: X  conf= 33 v=0.50
    c 7: X  conf=  1 v=0.50
    c 8: X  conf= 11 v=0.50
    c 9: X  conf= 33 v=0.50
    c10: X  conf= 33 v=0.50
    c11: X  conf= 33 v=0.50
  Enriched 12 candidates in 40.6s
[115/500] reason_115

  Enriching: reason_115 (medium, math)
    c 0: X  conf=  2 v=0.50
    c 1: X  conf=  2 v=0.50
    c 2: X  conf=  2 v=0.50
    c 3: X  conf=  2 v=0.50
    c 4: OK conf= 25 v=0.50
    c 5: X  conf=  2 v=0.50
    c 6: X  conf=  2 v=0.50
    c 7: OK conf= 25 v=0.50
    c 8: X  conf=  2 v=0.50
    c 9: X  conf=  2 v=0.50
    c10: X  conf=  2 v=0.50
    c11: OK conf= 25 v=0.50
  Enriched 12 candidates in 40.8s
[116/500] reason_116

  Enriching: reason_116 (medium, math)
    c 0: OK conf= 50 v=0.50
    c 1: OK conf= 50 v=0.50
    c 2: OK conf= 50 v=0.50
    c 3: OK conf= 50 v=0.50
    c 4: OK conf= 50 v=0.50
    c 5: OK conf= 50 v=0.50
    c 6: OK conf= 50 v=0.50
    c 7: OK conf= 50 v=0.50
    c 8: OK conf= 50 v=0.50
    c 9: OK conf= 50 v=0.50
    c10: OK conf= 50 v=0.50
    c11: OK conf= 50 v=0.50
  Enriched 12 candidates in 40.7s
[117/500] reason_117

  Enriching: reason_117 (easy, math)
    c 0: OK conf=100 v=0.50
    c 1: OK conf=100 v=0.50
    c 2: OK conf=100 v=0.50
    c 3: OK conf=100 v=0.50
    c 4: OK conf=100 v=0.50
    c 5: OK conf=100 v=0.50
    c 6: X  conf=  0 v=0.30
    c 7: OK conf=100 v=0.50
    c 8: OK conf=100 v=0.50
    c 9: OK conf=100 v=0.50
    c10: OK conf=100 v=0.50
    c11: X  conf=  0 v=0.50
  Enriched 12 candidates in 39.6s
[118/500] reason_118

  Enriching: reason_118 (easy, math)
    c 0: OK conf=  5 v=0.50
    c 1: OK conf=  5 v=0.50
    c 2: OK conf=  5 v=0.50
    c 3: OK conf=  5 v=0.50
    c 4: OK conf=  5 v=0.50
    c 5: OK conf=  5 v=0.50
    c 6: OK conf=  5 v=0.50
    c 7: OK conf=  5 v=0.50
    c 8: OK conf=  5 v=0.50
    c 9: OK conf=  5 v=0.50
    c10: OK conf=  5 v=0.50
    c11: OK conf=  5 v=0.50
  Enriched 12 candidates in 39.3s
[119/500] reason_119

  Enriching: reason_119 (medium, math)
    c 0: X  conf=100 v=0.20
    c 1: X  conf=100 v=0.20
    c 2: X  conf= 10 v=0.20
    c 3: X  conf=100 v=0.20
    c 4: X  conf= 10 v=0.20
    c 5: X  conf= 10 v=0.20
    c 6: X  conf= 10 v=0.20
    c 7: X  conf=100 v=0.20
    c 8: X  conf=100 v=0.20
    c 9: X  conf=100 v=0.20
    c10: X  conf= 10 v=0.20
    c11: X  conf=100 v=0.20
  Enriched 12 candidates in 40.7s
[120/500] reason_120

  Enriching: reason_120 (medium, math)
    c 0: OK conf=100 v=0.50
    c 1: OK conf=100 v=0.50
    c 2: OK conf=100 v=0.50
    c 3: OK conf=100 v=0.50
    c 4: OK conf=100 v=0.50
    c 5: OK conf=100 v=0.50
    c 6: OK conf=100 v=0.50
    c 7: OK conf=100 v=0.50
    c 8: OK conf=100 v=0.50
    c 9: OK conf=100 v=0.50
    c10: OK conf=100 v=0.50
    c11: OK conf=100 v=0.50
  Enriched 12 candidates in 41.8s
[121/500] reason_121

  Enriching: reason_121 (hard, math)
    c 0: X  conf= 95 v=0.50
    c 1: X  conf= 95 v=0.50
    c 2: X  conf= 20 v=0.50
    c 3: X  conf= 40 v=0.50
    c 4: X  conf= 95 v=0.50
    c 5: X  conf= 95 v=0.50
    c 6: X  conf= 20 v=0.50
    c 7: X  conf= 95 v=0.50
    c 8: X  conf= 40 v=0.50
    c 9: X  conf= 95 v=0.50
    c10: X  conf=  0 v=0.20
    c11: X  conf= 95 v=0.50
  Enriched 12 candidates in 40.8s
[122/500] reason_122

  Enriching: reason_122 (hard, math)
    c 0: X  conf=  0 v=0.50
    c 1: X  conf=  0 v=0.50
    c 2: X  conf=  0 v=0.50
    c 3: X  conf=  0 v=0.50
    c 4: X  conf=  0 v=0.50
    c 5: X  conf=  0 v=0.50
    c 6: X  conf=  0 v=0.50
    c 7: X  conf=  0 v=0.50
    c 8: X  conf=  0 v=0.50
    c 9: X  conf=  0 v=0.50
    c10: X  conf=  0 v=0.50
    c11: X  conf=  0 v=0.50
  Enriched 12 candidates in 40.8s
[123/500] reason_123

  Enriching: reason_123 (easy, math)
    c 0: OK conf=  4 v=1.00
    c 1: OK conf=  4 v=1.00
    c 2: OK conf=  4 v=1.00
    c 3: OK conf=  4 v=1.00
    c 4: OK conf=  4 v=1.00
    c 5: OK conf=  4 v=1.00
    c 6: OK conf=  4 v=1.00
    c 7: OK conf=  4 v=1.00
    c 8: OK conf=  4 v=1.00
    c 9: OK conf=  4 v=1.00
    c10: OK conf=  4 v=1.00
    c11: OK conf=  4 v=1.00
  Enriched 12 candidates in 26.4s
[124/500] reason_124

  Enriching: reason_124 (medium, math)
    c 0: X  conf= 60 v=0.20
    c 1: X  conf= 60 v=0.20
    c 2: X  conf= 60 v=0.20
    c 3: X  conf= 80 v=0.50
    c 4: OK conf=100 v=0.50
    c 5: X  conf= 60 v=0.20
    c 6: OK conf=100 v=0.50
    c 7: OK conf=100 v=0.50
    c 8: OK conf=100 v=0.50
    c 9: X  conf= 60 v=0.20
    c10: OK conf=100 v=0.50
    c11: OK conf=100 v=0.50
  Enriched 12 candidates in 39.7s
[125/500] reason_125

  Enriching: reason_125 (hard, math)
    c 0: OK conf= 30 v=0.80
    c 1: X  conf= 30 v=0.20
    c 2: OK conf= 30 v=0.80
    c 3: OK conf= 30 v=0.80
    c 4: X  conf= 30 v=0.20
    c 5: OK conf= 30 v=0.80
    c 6: OK conf= 30 v=0.80
    c 7: OK conf= 30 v=0.80
    c 8: OK conf= 30 v=0.80
    c 9: X  conf= 30 v=0.20
    c10: X  conf= 30 v=0.20
    c11: X  conf= 30 v=0.20
  Enriched 12 candidates in 40.1s
[126/500] reason_126

  Enriching: reason_126 (medium, math)
    c 0: OK conf=100 v=0.50
    c 1: OK conf=100 v=0.50
    c 2: OK conf=100 v=0.50
    c 3: OK conf=100 v=0.50
    c 4: OK conf=100 v=0.50
    c 5: OK conf=100 v=0.50
    c 6: OK conf=100 v=0.50
    c 7: OK conf=100 v=0.50
    c 8: OK conf=100 v=0.50
    c 9: OK conf=100 v=0.50
    c10: OK conf=100 v=0.50
    c11: OK conf=100 v=0.50
  Enriched 12 candidates in 41.3s
[127/500] reason_127

  Enriching: reason_127 (medium, math)
    c 0: OK conf=100 v=0.50
    c 1: OK conf=100 v=0.50
    c 2: OK conf=100 v=0.50
    c 3: OK conf=100 v=0.50
    c 4: OK conf=100 v=0.50
    c 5: OK conf=100 v=0.50
    c 6: OK conf=100 v=0.50
    c 7: OK conf=100 v=0.50
    c 8: OK conf=100 v=0.50
    c 9: OK conf=100 v=0.50
    c10: OK conf=100 v=0.50
    c11: OK conf=100 v=0.50
  Enriched 12 candidates in 39.7s
[128/500] reason_128

  Enriching: reason_128 (medium, math)
    c 0: OK conf= 80 v=0.50
    c 1: X  conf= 10 v=0.50
    c 2: X  conf=  0 v=0.50
    c 3: X  conf= 10 v=0.50
    c 4: X  conf=  0 v=0.50
    c 5: X  conf=  0 v=0.50
    c 6: X  conf=  0 v=0.50
    c 7: X  conf=  0 v=0.50
    c 8: X  conf=  0 v=0.50
    c 9: X  conf=  0 v=0.50
    c10: X  conf=  0 v=0.50
    c11: X  conf=  0 v=0.50
  Enriched 12 candidates in 39.2s
[129/500] reason_129

  Enriching: reason_129 (hard, math)
    c 0: X  conf= 70 v=0.10
    c 1: X  conf= 70 v=0.10
    c 2: X  conf= 70 v=0.10
    c 3: X  conf= 40 v=0.10
    c 4: X  conf= 70 v=0.10
    c 5: X  conf= 70 v=0.10
    c 6: X  conf= 70 v=0.10
    c 7: X  conf= 70 v=0.10
    c 8: X  conf= 20 v=0.40
    c 9: OK conf= 57 v=0.40
    c10: X  conf= 40 v=0.10
    c11: X  conf= 70 v=0.10
  Enriched 12 candidates in 41.0s
[130/500] reason_130

  Enriching: reason_130 (medium, math)
    c 0: OK conf=  0 v=0.50
    c 1: X  conf=  1 v=0.50
    c 2: X  conf=  0 v=0.20
    c 3: OK conf=  0 v=0.50
    c 4: X  conf=  0 v=0.20
    c 5: X  conf=  0 v=0.20
    c 6: X  conf=  0 v=0.20
    c 7: X  conf=  0 v=0.20
    c 8: X  conf=  0 v=0.20
    c 9: X  conf=  0 v=0.20
    c10: X  conf=  0 v=0.50
    c11: X  conf=  0 v=0.20
  Enriched 12 candidates in 40.2s
[131/500] reason_131

  Enriching: reason_131 (hard, sequence)
    c 0: X  conf=  0 v=0.50
    c 1: X  conf=  0 v=0.50
    c 2: X  conf=  0 v=0.50
    c 3: X  conf=  0 v=0.50
    c 4: X  conf=  0 v=0.50
    c 5: X  conf=  0 v=0.50
    c 6: X  conf=  0 v=0.50
    c 7: X  conf=  0 v=0.50
    c 8: X  conf=  0 v=0.50
    c 9: X  conf=  0 v=0.50
    c10: X  conf=  0 v=0.50
    c11: X  conf=  0 v=0.50
  Enriched 12 candidates in 40.7s
[132/500] reason_132

  Enriching: reason_132 (medium, sequence)
    c 0: OK conf= 80 v=0.50
    c 1: OK conf= 80 v=0.50
    c 2: X  conf=  0 v=0.50
    c 3: OK conf= 80 v=0.50
    c 4: OK conf= 80 v=0.50
    c 5: OK conf= 80 v=0.50
    c 6: OK conf= 80 v=0.50
    c 7: OK conf= 80 v=0.50
    c 8: OK conf= 80 v=0.50
    c 9: OK conf= 80 v=0.50
    c10: OK conf= 80 v=0.50
    c11: OK conf= 80 v=0.50
  Enriched 12 candidates in 38.3s
[133/500] reason_133

  Enriching: reason_133 (hard, sequence)
    c 0: X  conf= 85 v=0.50
    c 1: X  conf= 85 v=0.50
    c 2: X  conf= 85 v=0.50
    c 3: X  conf= 85 v=0.50
    c 4: X  conf= 85 v=0.50
    c 5: X  conf=  0 v=0.50
    c 6: X  conf= 85 v=0.50
    c 7: X  conf= 85 v=0.50
    c 8: X  conf= 85 v=0.50
    c 9: X  conf= 85 v=0.50
    c10: X  conf= 10 v=0.50
    c11: X  conf= 30 v=0.50
  Enriched 12 candidates in 40.8s
[134/500] reason_134

  Enriching: reason_134 (hard, math)
    c 0: X  conf=  0 v=0.50
    c 1: X  conf=  0 v=0.50
    c 2: X  conf=  0 v=0.50
    c 3: X  conf=  0 v=0.50
    c 4: X  conf=  0 v=0.50
    c 5: X  conf=  0 v=0.50
    c 6: X  conf=  0 v=0.50
    c 7: X  conf=  0 v=0.50
    c 8: X  conf=  0 v=0.50
    c 9: X  conf=  0 v=0.50
    c10: X  conf=  0 v=0.50
    c11: X  conf=  0 v=0.50
  Enriched 12 candidates in 38.6s
[135/500] reason_135

  Enriching: reason_135 (hard, math)
    c 0: X  conf= 20 v=0.50
    c 1: X  conf= 20 v=0.50
    c 2: X  conf= 20 v=0.50
    c 3: X  conf= 50 v=0.50
    c 4: X  conf= 20 v=0.50
    c 5: X  conf= 20 v=0.50
    c 6: X  conf= 20 v=0.50
    c 7: X  conf= 20 v=0.50
    c 8: X  conf= 20 v=0.50
    c 9: X  conf= 20 v=0.50
    c10: X  conf= 20 v=0.50
    c11: X  conf= 20 v=0.50
  Enriched 12 candidates in 41.0s
[136/500] reason_136

  Enriching: reason_136 (medium, math)
    c 0: X  conf= 50 v=0.50
    c 1: X  conf= 50 v=0.50
    c 2: X  conf= 50 v=0.50
    c 3: X  conf= 50 v=0.50
    c 4: X  conf= 50 v=0.50
    c 5: X  conf= 50 v=0.50
    c 6: X  conf= 50 v=0.20
    c 7: X  conf= 50 v=0.20
    c 8: X  conf= 50 v=0.20
    c 9: X  conf= 50 v=0.50
    c10: X  conf= 50 v=0.20
    c11: X  conf= 50 v=0.20
  Enriched 12 candidates in 41.0s
[137/500] reason_137

  Enriching: reason_137 (hard, math)
    c 0: X  conf= 20 v=0.20
    c 1: X  conf= 20 v=0.20
    c 2: X  conf= 20 v=0.20
    c 3: X  conf= 20 v=0.20
    c 4: X  conf= 20 v=0.20
    c 5: X  conf= 20 v=0.20
    c 6: X  conf= 20 v=0.20
    c 7: X  conf= 20 v=0.20
    c 8: X  conf= 20 v=0.20
    c 9: X  conf= 20 v=0.20
    c10: X  conf= 20 v=0.50
    c11: X  conf= 20 v=0.20
  Enriched 12 candidates in 41.0s
[138/500] reason_138

  Enriching: reason_138 (hard, math)
    c 0: X  conf= 28 v=0.20
    c 1: X  conf= 28 v=0.20
    c 2: X  conf= 28 v=0.20
    c 3: OK conf= 42 v=0.20
    c 4: X  conf=  4 v=0.50
    c 5: X  conf= 28 v=0.20
    c 6: X  conf= 49 v=0.50
    c 7: X  conf= 28 v=0.20
    c 8: X  conf= 28 v=0.20
    c 9: X  conf= 28 v=0.20
    c10: X  conf= 28 v=0.20
    c11: X  conf= 28 v=0.20
  Enriched 12 candidates in 39.1s
[139/500] reason_139

  Enriching: reason_139 (medium, logic)
    c 0: X  conf=  0 v=0.20
    c 1: X  conf= 95 v=0.50
    c 2: X  conf=  0 v=0.20
    c 3: X  conf=  0 v=0.20
    c 4: X  conf= 80 v=0.20
    c 5: X  conf=  0 v=0.20
    c 6: OK conf= 95 v=0.50
    c 7: X  conf=  0 v=0.20
    c 8: X  conf=  0 v=0.20
    c 9: X  conf=  0 v=0.20
    c10: X  conf=  0 v=0.20
    c11: X  conf=  0 v=0.20
  Enriched 12 candidates in 39.4s
[140/500] reason_140

  Enriching: reason_140 (medium, logic)
    c 0: X  conf=  0 v=0.20
    c 1: X  conf=  0 v=0.20
    c 2: OK conf= 50 v=0.50
    c 3: X  conf=  0 v=0.20
    c 4: OK conf= 50 v=0.50
    c 5: X  conf=  0 v=0.20
    c 6: X  conf=  0 v=0.20
    c 7: X  conf=  0 v=0.20
    c 8: X  conf=  0 v=0.20
    c 9: X  conf=  0 v=0.20
    c10: X  conf=  0 v=0.20
    c11: X  conf=  0 v=0.20
  Enriched 12 candidates in 38.7s
[141/500] reason_141

  Enriching: reason_141 (easy, math)
    c 0: X  conf=100 v=0.20
    c 1: X  conf=100 v=0.20
    c 2: X  conf=100 v=0.20
    c 3: X  conf=100 v=0.20
    c 4: X  conf=100 v=0.20
    c 5: X  conf=100 v=0.20
    c 6: X  conf=100 v=0.20
    c 7: X  conf=100 v=0.20
    c 8: X  conf=100 v=0.20
    c 9: X  conf=100 v=0.20
    c10: X  conf=100 v=0.20
    c11: X  conf=100 v=0.20
  Enriched 12 candidates in 38.8s
[142/500] reason_142

  Enriching: reason_142 (easy, math)
    c 0: X  conf=  0 v=0.20
    c 1: X  conf=  0 v=0.20
    c 2: X  conf=  0 v=0.20
    c 3: X  conf=  0 v=0.50
    c 4: X  conf=  0 v=0.20
    c 5: X  conf=  0 v=0.20
    c 6: X  conf=  0 v=0.20
    c 7: X  conf=  0 v=0.20
    c 8: X  conf=  0 v=0.20
    c 9: X  conf=  0 v=0.20
    c10: X  conf=  0 v=0.20
    c11: X  conf=  0 v=0.50
  Enriched 12 candidates in 39.3s
[143/500] reason_143

  Enriching: reason_143 (medium, math)
    c 0: OK conf=100 v=1.00
    c 1: X  conf=100 v=1.00
    c 2: OK conf=100 v=1.00
    c 3: OK conf=100 v=1.00
    c 4: OK conf=100 v=1.00
    c 5: OK conf=100 v=1.00
    c 6: OK conf=100 v=1.00
    c 7: OK conf=100 v=1.00
    c 8: OK conf=100 v=1.00
    c 9: OK conf=100 v=1.00
    c10: OK conf=100 v=1.00
    c11: OK conf=100 v=1.00
  Enriched 12 candidates in 34.5s
[144/500] reason_144

  Enriching: reason_144 (hard, math)
    c 0: X  conf= 20 v=0.20
    c 1: X  conf= 20 v=0.20
    c 2: X  conf= 20 v=0.20
    c 3: X  conf= 20 v=0.20
    c 4: X  conf= 20 v=0.20
    c 5: X  conf= 20 v=0.20
    c 6: X  conf= 20 v=0.20
    c 7: X  conf= 20 v=0.20
    c 8: X  conf= 20 v=0.20
    c 9: X  conf= 20 v=0.20
    c10: X  conf= 20 v=0.20
    c11: X  conf= 20 v=0.20
  Enriched 12 candidates in 40.9s
[145/500] reason_145

  Enriching: reason_145 (hard, math)
    c 0: X  conf=  0 v=0.20
    c 1: X  conf= 95 v=0.50
    c 2: X  conf= 95 v=0.50
    c 3: X  conf= 95 v=0.50
    c 4: X  conf= 95 v=1.00
    c 5: X  conf=  0 v=0.20
    c 6: X  conf=  0 v=0.20
    c 7: X  conf=  0 v=0.20
    c 8: X  conf=  0 v=0.20
    c 9: X  conf=  0 v=0.20
    c10: X  conf= 95 v=0.20
    c11: X  conf= 95 v=0.50
  Enriched 12 candidates in 46.1s
[146/500] reason_146

  Enriching: reason_146 (medium, math)
    c 0: X  conf= 90 v=0.20
    c 1: OK conf=100 v=0.50
    c 2: OK conf=100 v=0.50
    c 3: OK conf=100 v=0.50
    c 4: OK conf=100 v=0.50
    c 5: X  conf= 90 v=0.50
    c 6: OK conf=100 v=0.50
    c 7: OK conf=100 v=0.50
    c 8: OK conf=100 v=0.50
    c 9: OK conf=100 v=0.50
    c10: OK conf=100 v=0.50
    c11: OK conf=100 v=0.50
  Enriched 12 candidates in 39.1s
[147/500] reason_147

  Enriching: reason_147 (medium, math)
    c 0: X  conf= 30 v=0.50
    c 1: X  conf= 30 v=0.50
    c 2: X  conf= 30 v=0.50
    c 3: X  conf= 30 v=0.20
    c 4: X  conf= 30 v=0.50
    c 5: OK conf= 30 v=0.50
    c 6: X  conf= 30 v=0.20
    c 7: X  conf= 30 v=0.20
    c 8: X  conf= 30 v=0.50
    c 9: OK conf= 30 v=0.50
    c10: X  conf= 30 v=0.20
    c11: OK conf= 30 v=0.50
  Enriched 12 candidates in 40.8s
[148/500] reason_148

  Enriching: reason_148 (easy, math)
    c 0: OK conf=100 v=0.50
    c 1: OK conf=100 v=0.50
    c 2: OK conf=100 v=0.50
    c 3: OK conf=100 v=0.50
    c 4: OK conf=100 v=0.50
    c 5: OK conf=100 v=0.50
    c 6: OK conf=100 v=0.50
    c 7: OK conf=100 v=0.50
    c 8: OK conf=100 v=0.50
    c 9: OK conf=100 v=0.50
    c10: OK conf=100 v=0.50
    c11: OK conf=100 v=0.50
  Enriched 12 candidates in 38.7s
[149/500] reason_149

  Enriching: reason_149 (medium, math)
    c 0: X  conf=  0 v=0.50
    c 1: X  conf=  0 v=0.50
    c 2: X  conf=  0 v=0.50
    c 3: X  conf= 50 v=0.50
    c 4: X  conf=  0 v=0.50
    c 5: X  conf=  0 v=0.50
    c 6: X  conf= 50 v=0.50
    c 7: X  conf=  0 v=0.50
    c 8: X  conf=  0 v=0.50
    c 9: X  conf=  0 v=0.50
    c10: X  conf=  0 v=0.50
    c11: X  conf=  0 v=0.50
  Enriched 12 candidates in 40.7s
[150/500] reason_150

  Enriching: reason_150 (easy, math)
    c 0: OK conf= 32 v=0.50
    c 1: OK conf= 32 v=0.50
    c 2: OK conf= 32 v=0.50
    c 3: OK conf= 32 v=0.50
    c 4: OK conf= 32 v=0.50
    c 5: OK conf= 32 v=0.50
    c 6: OK conf= 32 v=0.50
    c 7: OK conf= 32 v=0.50
    c 8: OK conf= 32 v=0.50
    c 9: OK conf= 32 v=0.50
    c10: OK conf= 32 v=0.50
    c11: OK conf= 32 v=0.50
  Enriched 12 candidates in 39.4s
[151/500] reason_151

  Enriching: reason_151 (medium, math)
    c 0: X  conf=100 v=0.50
    c 1: X  conf=100 v=0.50
    c 2: OK conf=100 v=0.50
    c 3: X  conf=100 v=0.50
    c 4: X  conf=100 v=0.50
    c 5: X  conf=100 v=0.50
    c 6: X  conf=100 v=0.50
    c 7: X  conf=100 v=0.50
    c 8: OK conf=100 v=0.50
    c 9: X  conf=100 v=0.50
    c10: X  conf=100 v=0.50
    c11: OK conf=100 v=0.50
  Enriched 12 candidates in 40.3s
[152/500] reason_152

  Enriching: reason_152 (easy, logic)
    c 0: OK conf= 80 v=0.50
    c 1: OK conf= 80 v=0.50
    c 2: OK conf= 80 v=0.50
    c 3: OK conf= 80 v=0.50
    c 4: OK conf= 80 v=0.50
    c 5: OK conf= 80 v=0.50
    c 6: OK conf= 80 v=0.50
    c 7: OK conf= 80 v=0.50
    c 8: OK conf= 80 v=0.50
    c 9: X  conf=  0 v=0.50
    c10: X  conf=  0 v=0.50
    c11: OK conf= 80 v=0.50
  Enriched 12 candidates in 40.7s
[153/500] reason_153

  Enriching: reason_153 (hard, math)
    c 0: X  conf=  0 v=0.50
    c 1: X  conf=  0 v=0.70
    c 2: X  conf=  0 v=0.70
    c 3: X  conf=  0 v=0.70
    c 4: X  conf=  0 v=0.70
    c 5: X  conf=  0 v=0.70
    c 6: X  conf=  0 v=0.70
    c 7: X  conf=  0 v=0.50
    c 8: X  conf=  0 v=0.70
    c 9: X  conf=  0 v=0.50
    c10: X  conf=  0 v=0.50
    c11: X  conf=  0 v=0.70
  Enriched 12 candidates in 38.2s
[154/500] reason_154

  Enriching: reason_154 (medium, math)
    c 0: OK conf=  6 v=0.20
    c 1: OK conf=  6 v=0.20
    c 2: OK conf=  6 v=0.20
    c 3: OK conf=  6 v=0.20
    c 4: OK conf=  6 v=0.20
    c 5: OK conf=  6 v=0.20
    c 6: OK conf=  6 v=0.20
    c 7: OK conf=  6 v=0.20
    c 8: X  conf=  6 v=1.00
    c 9: OK conf=  6 v=0.20
    c10: OK conf=  6 v=0.20
    c11: OK conf=  6 v=0.20
  Enriched 12 candidates in 38.9s
[155/500] reason_155

  Enriching: reason_155 (hard, math)
    c 0: X  conf=  0 v=0.50
    c 1: X  conf=  0 v=0.50
    c 2: X  conf=  0 v=0.50
    c 3: X  conf=  0 v=0.50
    c 4: X  conf= 20 v=0.50
    c 5: X  conf=  0 v=0.50
    c 6: X  conf=  0 v=0.50
    c 7: X  conf=  0 v=0.50
    c 8: X  conf= 20 v=0.50
    c 9: X  conf= 20 v=0.50
    c10: X  conf= 25 v=0.50
    c11: X  conf= 25 v=0.50
  Enriched 12 candidates in 41.0s
[156/500] reason_156

  Enriching: reason_156 (hard, math)
    c 0: X  conf= 50 v=0.50
    c 1: X  conf= 50 v=0.50
    c 2: X  conf= 50 v=0.50
    c 3: X  conf= 50 v=0.50
    c 4: X  conf= 50 v=0.50
    c 5: X  conf= 50 v=0.50
    c 6: X  conf=  0 v=0.50
    c 7: X  conf= 50 v=0.50
    c 8: X  conf=  0 v=0.50
    c 9: X  conf= 50 v=0.50
    c10: X  conf=  0 v=0.50
    c11: X  conf= 50 v=0.50
  Enriched 12 candidates in 40.8s
[157/500] reason_157

  Enriching: reason_157 (hard, math)
    c 0: X  conf= 50 v=0.50
    c 1: X  conf= 50 v=0.50
    c 2: X  conf= 50 v=0.50
    c 3: X  conf= 50 v=0.50
    c 4: X  conf= 50 v=0.50
    c 5: X  conf= 50 v=0.50
    c 6: X  conf= 50 v=0.50
    c 7: X  conf= 50 v=0.50
    c 8: X  conf= 50 v=0.50
    c 9: X  conf= 50 v=0.50
    c10: X  conf= 50 v=0.50
    c11: X  conf= 50 v=0.50
  Enriched 12 candidates in 40.9s
[158/500] reason_158

  Enriching: reason_158 (medium, math)
    c 0: OK conf= 95 v=0.50
    c 1: X  conf= 95 v=0.50
    c 2: OK conf= 95 v=0.50
    c 3: X  conf=  0 v=0.20
    c 4: OK conf= 95 v=0.50
    c 5: OK conf= 95 v=0.50
    c 6: OK conf= 95 v=0.50
    c 7: OK conf= 95 v=0.50
    c 8: OK conf= 95 v=0.50
    c 9: OK conf= 95 v=0.50
    c10: OK conf= 95 v=0.50
    c11: OK conf= 95 v=0.50
  Enriched 12 candidates in 38.3s
[159/500] reason_159

  Enriching: reason_159 (medium, math)
    c 0: X  conf=  0 v=0.50
    c 1: X  conf=  0 v=0.50
    c 2: X  conf=  0 v=0.50
    c 3: X  conf=  0 v=0.50
    c 4: X  conf=  0 v=0.50
    c 5: X  conf=  0 v=0.50
    c 6: X  conf=  0 v=0.20
    c 7: X  conf=  0 v=0.50
    c 8: X  conf=  0 v=0.20
    c 9: X  conf=  0 v=0.50
    c10: X  conf=  0 v=0.20
    c11: X  conf=  0 v=0.50
  Enriched 12 candidates in 40.4s
[160/500] reason_160

  Enriching: reason_160 (hard, math)
    c 0: X  conf=  0 v=0.50
    c 1: OK conf= 85 v=0.50
    c 2: X  conf=  0 v=0.50
    c 3: OK conf= 85 v=0.50
    c 4: X  conf=  0 v=0.50
    c 5: X  conf=  0 v=0.50
    c 6: OK conf= 85 v=0.50
    c 7: OK conf= 85 v=0.50
    c 8: X  conf=  0 v=0.50
    c 9: OK conf= 85 v=0.50
    c10: X  conf=  0 v=0.50
    c11: X  conf=  0 v=0.50
  Enriched 12 candidates in 39.2s
[161/500] reason_161

  Enriching: reason_161 (easy, logic)
    c 0: X  conf=  0 v=0.20
    c 1: X  conf=  0 v=0.20
    c 2: X  conf=  0 v=0.20
    c 3: OK conf=  0 v=0.50
    c 4: X  conf=  0 v=0.20
    c 5: X  conf=  0 v=0.20
    c 6: X  conf=  0 v=0.20
    c 7: X  conf=  0 v=0.20
    c 8: OK conf=  0 v=0.50
    c 9: X  conf=  0 v=0.20
    c10: X  conf=  0 v=0.50
    c11: X  conf= 80 v=0.50
  Enriched 12 candidates in 40.7s
[162/500] reason_162

  Enriching: reason_162 (medium, logic)
    c 0: X  conf=  0 v=0.20
    c 1: OK conf= 80 v=0.50
    c 2: OK conf= 80 v=0.50
    c 3: OK conf= 80 v=0.50
    c 4: OK conf= 80 v=0.50
    c 5: OK conf= 80 v=0.50
    c 6: OK conf= 80 v=0.50
    c 7: OK conf= 80 v=0.50
    c 8: X  conf=  0 v=0.20
    c 9: X  conf=  0 v=0.20
    c10: OK conf= 80 v=0.50
    c11: OK conf= 80 v=0.50
  Enriched 12 candidates in 40.7s
[163/500] reason_163

  Enriching: reason_163 (medium, logic)
    c 0: OK conf= 80 v=0.50
    c 1: OK conf= 80 v=0.50
    c 2: OK conf= 80 v=0.50
    c 3: X  conf=  0 v=0.20
    c 4: OK conf= 80 v=0.50
    c 5: OK conf= 80 v=0.50
    c 6: X  conf=  0 v=0.20
    c 7: OK conf= 80 v=0.50
    c 8: OK conf= 80 v=0.50
    c 9: OK conf= 80 v=0.50
    c10: OK conf= 80 v=0.50
    c11: OK conf= 80 v=0.50
  Enriched 12 candidates in 40.7s
[164/500] reason_164

  Enriching: reason_164 (easy, logic)
    c 0: X  conf=  0 v=0.20
    c 1: OK conf=100 v=0.50
    c 2: X  conf=  0 v=0.20
    c 3: OK conf=100 v=0.50
    c 4: OK conf=100 v=0.50
    c 5: OK conf=100 v=0.50
    c 6: OK conf=100 v=0.50
    c 7: OK conf=100 v=0.50
    c 8: X  conf=  0 v=0.20
    c 9: OK conf=100 v=0.50
    c10: OK conf=100 v=0.50
    c11: X  conf=  0 v=0.20
  Enriched 12 candidates in 39.4s
[165/500] reason_165

  Enriching: reason_165 (easy, logic)
    c 0: OK conf= 80 v=0.50
    c 1: OK conf= 80 v=0.50
    c 2: OK conf= 80 v=0.50
    c 3: OK conf= 80 v=0.50
    c 4: OK conf= 80 v=0.50
    c 5: X  conf=  0 v=0.50
    c 6: OK conf= 80 v=0.50
    c 7: OK conf= 80 v=0.50
    c 8: OK conf= 80 v=0.50
    c 9: OK conf= 80 v=0.50
    c10: OK conf= 80 v=0.50
    c11: OK conf= 80 v=0.50
  Enriched 12 candidates in 40.7s
[166/500] reason_166

  Enriching: reason_166 (medium, logic)
    c 0: OK conf=100 v=0.50
    c 1: X  conf=  0 v=0.20
    c 2: X  conf=  0 v=0.20
    c 3: X  conf=  0 v=0.20
    c 4: X  conf=  0 v=0.20
    c 5: X  conf=  0 v=0.20
    c 6: X  conf= 80 v=0.50
    c 7: OK conf=100 v=0.50
    c 8: OK conf=100 v=0.50
    c 9: X  conf=  0 v=0.20
    c10: X  conf=  0 v=0.20
    c11: X  conf=  0 v=0.20
  Enriched 12 candidates in 39.2s
[167/500] reason_167

  Enriching: reason_167 (medium, logic)
    c 0: X  conf=  0 v=0.20
    c 1: X  conf=  0 v=0.20
    c 2: X  conf=  0 v=0.20
    c 3: X  conf=  0 v=0.20
    c 4: X  conf=  0 v=0.20
    c 5: OK conf=  0 v=0.50
    c 6: X  conf=  0 v=0.20
    c 7: X  conf=  0 v=0.20
    c 8: OK conf=  0 v=0.50
    c 9: X  conf=  0 v=0.20
    c10: X  conf=  0 v=0.20
    c11: OK conf=  0 v=0.50
  Enriched 12 candidates in 40.1s
[168/500] reason_168

  Enriching: reason_168 (easy, logic)
    c 0: OK conf= 80 v=0.50
    c 1: X  conf=  0 v=0.20
    c 2: X  conf=  0 v=0.20
    c 3: X  conf=  0 v=0.20
    c 4: X  conf=  0 v=0.20
    c 5: OK conf= 80 v=0.50
    c 6: X  conf=  0 v=0.20
    c 7: OK conf= 80 v=0.50
    c 8: X  conf=  0 v=0.50
    c 9: X  conf=  0 v=0.20
    c10: OK conf= 80 v=0.50
    c11: OK conf= 80 v=0.50
  Enriched 12 candidates in 40.0s
[169/500] reason_169

  Enriching: reason_169 (easy, logic)
    c 0: X  conf=  0 v=0.20
    c 1: OK conf= 80 v=0.50
    c 2: OK conf= 80 v=0.50
    c 3: X  conf=  0 v=0.20
    c 4: X  conf=  0 v=0.20
    c 5: OK conf= 80 v=0.50
    c 6: X  conf=  0 v=0.20
    c 7: OK conf= 80 v=0.50
    c 8: X  conf=  0 v=0.20
    c 9: X  conf=  0 v=0.20
    c10: OK conf= 80 v=0.50
    c11: OK conf= 80 v=0.50
  Enriched 12 candidates in 40.7s
[170/500] reason_170

  Enriching: reason_170 (medium, logic)
    c 0: X  conf=  0 v=0.50
    c 1: X  conf=  0 v=0.20
    c 2: X  conf=  0 v=0.50
    c 3: X  conf=  0 v=0.50
    c 4: X  conf=  0 v=0.20
    c 5: X  conf=  0 v=0.20
    c 6: X  conf=  0 v=0.50
    c 7: X  conf=  0 v=0.50
    c 8: X  conf=  0 v=0.50
    c 9: X  conf=  0 v=0.50
    c10: X  conf=  0 v=0.20
    c11: X  conf=  0 v=0.50
  Enriched 12 candidates in 38.0s
[171/500] reason_171

  Enriching: reason_171 (hard, combinatorics)
    c 0: X  conf=  0 v=0.50
    c 1: X  conf=  0 v=0.50
    c 2: X  conf=  0 v=0.50
    c 3: X  conf= 40 v=0.50
    c 4: X  conf=  0 v=0.50
    c 5: X  conf= 45 v=0.50
    c 6: X  conf= 40 v=0.50
    c 7: X  conf=  0 v=0.50
    c 8: X  conf= 45 v=0.50
    c 9: X  conf=  0 v=0.50
    c10: X  conf= 40 v=0.50
    c11: X  conf=  0 v=0.50
  Enriched 12 candidates in 40.5s
[172/500] reason_172

  Enriching: reason_172 (hard, combinatorics)
    c 0: X  conf= 70 v=0.50
    c 1: X  conf= 70 v=0.50
    c 2: X  conf= 70 v=0.50
    c 3: X  conf= 70 v=0.50
    c 4: OK conf= 70 v=0.50
    c 5: OK conf= 70 v=0.50
    c 6: OK conf= 70 v=0.50
    c 7: OK conf= 70 v=0.50
    c 8: X  conf= 70 v=0.50
    c 9: X  conf= 70 v=0.50
    c10: OK conf= 70 v=0.50
    c11: OK conf= 70 v=0.50
  Enriched 12 candidates in 40.7s
[173/500] reason_173

  Enriching: reason_173 (hard, combinatorics)
    c 0: X  conf=  0 v=0.20
    c 1: OK conf=100 v=0.50
    c 2: X  conf=  0 v=0.20
    c 3: X  conf=  0 v=0.20
    c 4: X  conf= 40 v=0.20
    c 5: X  conf= 95 v=0.50
    c 6: OK conf=100 v=0.50
    c 7: X  conf= 40 v=0.50
    c 8: X  conf=100 v=0.50
    c 9: OK conf=100 v=0.50
    c10: X  conf= 40 v=0.20
    c11: X  conf=100 v=0.50
  Enriched 12 candidates in 40.2s
[174/500] reason_174

  Enriching: reason_174 (easy, combinatorics)
    c 0: X  conf= 45 v=0.20
    c 1: X  conf= 45 v=0.20
    c 2: X  conf= 45 v=0.20
    c 3: X  conf= 45 v=0.20
    c 4: X  conf= 45 v=0.20
    c 5: X  conf= 45 v=0.20
    c 6: X  conf= 45 v=0.20
    c 7: X  conf= 40 v=0.20
    c 8: X  conf= 45 v=0.20
    c 9: OK conf= 45 v=0.50
    c10: X  conf= 45 v=0.20
    c11: X  conf= 45 v=0.20
  Enriched 12 candidates in 39.4s
[175/500] reason_175

  Enriching: reason_175 (medium, combinatorics)
    c 0: X  conf= 80 v=0.50
    c 1: X  conf= 60 v=0.50
    c 2: X  conf= 80 v=0.50
    c 3: X  conf= 80 v=0.50
    c 4: X  conf= 60 v=0.50
    c 5: X  conf= 80 v=0.50
    c 6: X  conf= 60 v=0.50
    c 7: X  conf= 60 v=0.50
    c 8: X  conf= 60 v=0.50
    c 9: X  conf= 80 v=0.50
    c10: X  conf= 60 v=0.50
    c11: X  conf= 60 v=0.50
  Enriched 12 candidates in 40.8s
[176/500] reason_176

  Enriching: reason_176 (hard, sequence)
    c 0: X  conf=  0 v=0.50
    c 1: X  conf=  0 v=0.50
    c 2: X  conf=  0 v=0.50
    c 3: X  conf=  0 v=0.50
    c 4: X  conf=  0 v=0.50
    c 5: X  conf=  0 v=0.50
    c 6: X  conf=  0 v=0.50
    c 7: X  conf=  0 v=0.50
    c 8: X  conf=  0 v=0.50
    c 9: X  conf=  0 v=0.50
    c10: X  conf=  0 v=0.50
    c11: X  conf=  0 v=0.50
  Enriched 12 candidates in 38.0s
[177/500] reason_177

  Enriching: reason_177 (hard, sequence)
    c 0: X  conf=  0 v=0.50
    c 1: X  conf=  0 v=0.50
    c 2: X  conf=  0 v=0.50
    c 3: X  conf=  0 v=0.50
    c 4: X  conf=  0 v=0.50
    c 5: X  conf=  0 v=0.50
    c 6: X  conf=  0 v=0.50
    c 7: X  conf=  0 v=0.50
    c 8: X  conf=  0 v=0.50
    c 9: X  conf=  0 v=0.50
    c10: X  conf=  0 v=0.50
    c11: X  conf=  0 v=0.50
  Enriched 12 candidates in 38.7s
[178/500] reason_178

  Enriching: reason_178 (hard, sequence)
    c 0: X  conf=  0 v=0.50
    c 1: X  conf=  0 v=0.50
    c 2: X  conf=  0 v=0.50
    c 3: X  conf=  0 v=0.50
    c 4: X  conf=  0 v=0.50
    c 5: X  conf=  0 v=0.50
    c 6: X  conf=  0 v=0.50
    c 7: X  conf=  0 v=0.50
    c 8: X  conf=  0 v=0.50
    c 9: X  conf=  0 v=0.50
    c10: X  conf=  0 v=0.50
    c11: X  conf=  0 v=0.50
  Enriched 12 candidates in 37.9s
[179/500] reason_179

  Enriching: reason_179 (hard, math)
    c 0: OK conf=100 v=1.00
    c 1: OK conf=100 v=1.00
    c 2: OK conf=100 v=1.00
    c 3: OK conf=100 v=1.00
    c 4: OK conf=100 v=1.00
    c 5: OK conf=100 v=1.00
    c 6: OK conf=100 v=1.00
    c 7: OK conf=100 v=1.00
    c 8: OK conf=100 v=1.00
    c 9: OK conf=100 v=1.00
    c10: OK conf=100 v=1.00
    c11: X  conf= 64 v=0.50
  Enriched 12 candidates in 39.7s
[180/500] reason_180

  Enriching: reason_180 (hard, math)
    c 0: OK conf=100 v=0.50
    c 1: OK conf=100 v=0.50
    c 2: X  conf=100 v=0.50
    c 3: OK conf=100 v=0.50
    c 4: OK conf=100 v=0.50
    c 5: X  conf= 75 v=0.50
    c 6: X  conf=  7 v=1.00
    c 7: X  conf= 72 v=1.00
    c 8: OK conf=100 v=0.50
    c 9: X  conf= 70 v=0.50
    c10: OK conf=100 v=0.50
    c11: OK conf=100 v=0.50
  Enriched 12 candidates in 40.1s
[181/500] reason_181

  Enriching: reason_181 (easy, math)
    c 0: OK conf=100 v=0.08
    c 1: OK conf=100 v=0.08
    c 2: OK conf=100 v=0.08
    c 3: OK conf=100 v=0.08
    c 4: OK conf=100 v=0.08
    c 5: OK conf=100 v=0.08
    c 6: X  conf=100 v=0.08
    c 7: OK conf=100 v=0.08
    c 8: OK conf=100 v=0.08
    c 9: X  conf=100 v=0.08
    c10: OK conf=100 v=0.08
    c11: OK conf=100 v=0.08
  Enriched 12 candidates in 41.8s
[182/500] reason_182

  Enriching: reason_182 (medium, math)
    c 0: OK conf=100 v=0.20
    c 1: OK conf=100 v=0.20
    c 2: OK conf=100 v=0.20
    c 3: OK conf=100 v=0.20
    c 4: OK conf=100 v=0.20
    c 5: OK conf=100 v=0.20
    c 6: OK conf=100 v=0.20
    c 7: OK conf=100 v=0.20
    c 8: OK conf=100 v=0.20
    c 9: OK conf=100 v=0.20
    c10: OK conf=100 v=0.20
    c11: OK conf=100 v=0.20
  Enriched 12 candidates in 41.8s
[183/500] reason_183

  Enriching: reason_183 (easy, math)
    c 0: OK conf= 54 v=0.08
    c 1: OK conf= 54 v=0.08
    c 2: OK conf= 54 v=0.08
    c 3: OK conf= 54 v=0.08
    c 4: OK conf= 54 v=0.08
    c 5: OK conf= 54 v=0.08
    c 6: OK conf= 54 v=0.08
    c 7: OK conf= 54 v=0.08
    c 8: OK conf= 54 v=0.08
    c 9: OK conf= 54 v=0.08
    c10: OK conf= 54 v=0.08
    c11: OK conf= 54 v=0.08
  Enriched 12 candidates in 39.3s
[184/500] reason_184

  Enriching: reason_184 (medium, math)
    c 0: OK conf= 25 v=0.50
    c 1: OK conf= 25 v=0.50
    c 2: OK conf= 25 v=0.50
    c 3: OK conf= 25 v=0.50
    c 4: OK conf= 25 v=0.50
    c 5: OK conf= 25 v=0.50
    c 6: OK conf= 25 v=0.50
    c 7: OK conf= 25 v=0.50
    c 8: OK conf= 25 v=0.50
    c 9: OK conf= 25 v=0.50
    c10: OK conf= 25 v=0.50
    c11: OK conf= 25 v=0.50
  Enriched 12 candidates in 39.7s
[185/500] reason_185

  Enriching: reason_185 (medium, math)
    c 0: X  conf= 85 v=0.50
    c 1: X  conf= 85 v=0.50
    c 2: OK conf= 88 v=0.50
    c 3: OK conf= 88 v=0.50
    c 4: OK conf= 88 v=0.50
    c 5: OK conf= 88 v=0.50
    c 6: OK conf= 88 v=0.50
    c 7: OK conf= 88 v=0.50
    c 8: X  conf= 85 v=0.50
    c 9: OK conf= 88 v=0.50
    c10: OK conf= 88 v=0.50
    c11: X  conf= 85 v=0.50
  Enriched 12 candidates in 39.9s
[186/500] reason_186

  Enriching: reason_186 (easy, math)
    c 0: OK conf=100 v=0.50
    c 1: OK conf=100 v=0.50
    c 2: OK conf=100 v=0.50
    c 3: OK conf=100 v=0.50
    c 4: OK conf=100 v=0.50
    c 5: OK conf=100 v=0.50
    c 6: OK conf=100 v=0.50
    c 7: OK conf=100 v=0.50
    c 8: OK conf=100 v=0.50
    c 9: OK conf=100 v=0.50
    c10: OK conf=100 v=0.50
    c11: OK conf=100 v=0.50
  Enriched 12 candidates in 41.7s
[187/500] reason_187

  Enriching: reason_187 (easy, math)
    c 0: OK conf= 80 v=0.50
    c 1: OK conf= 80 v=0.50
    c 2: OK conf= 80 v=0.50
    c 3: OK conf= 80 v=0.50
    c 4: OK conf= 80 v=0.50
    c 5: OK conf= 80 v=0.50
    c 6: OK conf= 80 v=0.50
    c 7: OK conf= 80 v=0.50
    c 8: OK conf= 80 v=0.50
    c 9: OK conf= 80 v=0.50
    c10: OK conf= 80 v=0.50
    c11: OK conf= 80 v=0.50
  Enriched 12 candidates in 40.8s
[188/500] reason_188

  Enriching: reason_188 (easy, math)
    c 0: OK conf= 50 v=0.50
    c 1: OK conf= 50 v=0.50
    c 2: OK conf= 50 v=0.50
    c 3: OK conf= 50 v=0.50
    c 4: OK conf= 50 v=0.50
    c 5: OK conf= 50 v=0.50
    c 6: OK conf= 50 v=0.50
    c 7: OK conf= 50 v=0.50
    c 8: OK conf= 50 v=0.50
    c 9: OK conf= 50 v=0.50
    c10: OK conf= 50 v=0.50
    c11: OK conf= 50 v=0.50
  Enriched 12 candidates in 40.8s
[189/500] reason_189

  Enriching: reason_189 (easy, math)
    c 0: OK conf= 33 v=0.50
    c 1: OK conf= 33 v=0.50
    c 2: OK conf= 33 v=0.50
    c 3: OK conf= 33 v=0.50
    c 4: OK conf= 33 v=0.50
    c 5: OK conf= 33 v=0.50
    c 6: OK conf= 33 v=0.50
    c 7: OK conf= 33 v=0.50
    c 8: OK conf= 33 v=0.50
    c 9: OK conf= 33 v=0.50
    c10: OK conf= 33 v=0.50
    c11: OK conf= 33 v=0.50
  Enriched 12 candidates in 40.8s
[190/500] reason_190

  Enriching: reason_190 (medium, math)
    c 0: X  conf= 95 v=0.50
    c 1: OK conf= 95 v=0.50
    c 2: OK conf= 95 v=0.50
    c 3: OK conf= 95 v=0.50
    c 4: OK conf= 95 v=0.50
    c 5: OK conf= 95 v=0.50
    c 6: X  conf= 90 v=0.20
    c 7: OK conf= 95 v=0.50
    c 8: X  conf= 90 v=0.20
    c 9: OK conf= 95 v=0.50
    c10: OK conf= 95 v=0.50
    c11: OK conf= 95 v=0.50
  Enriched 12 candidates in 40.8s
[191/500] reason_191

  Enriching: reason_191 (medium, logic)
    c 0: OK conf= 99 v=0.50
    c 1: OK conf= 99 v=0.50
    c 2: OK conf= 99 v=0.50
    c 3: OK conf= 99 v=0.50
    c 4: OK conf= 99 v=0.50
    c 5: X  conf=  0 v=0.20
    c 6: X  conf=  0 v=0.20
    c 7: X  conf=  0 v=0.20
    c 8: OK conf= 99 v=0.50
    c 9: OK conf= 99 v=0.50
    c10: X  conf=  0 v=0.20
    c11: X  conf=  0 v=0.20
  Enriched 12 candidates in 38.3s
[192/500] reason_192

  Enriching: reason_192 (easy, math)
    c 0: X  conf=  0 v=0.20
    c 1: X  conf=  0 v=0.20
    c 2: X  conf=  0 v=0.20
    c 3: X  conf=  0 v=0.20
    c 4: X  conf=  0 v=0.20
    c 5: X  conf=  0 v=0.20
    c 6: X  conf=  0 v=0.20
    c 7: X  conf=  0 v=0.20
    c 8: X  conf=  0 v=0.20
    c 9: X  conf=  0 v=0.20
    c10: X  conf=  0 v=0.20
    c11: X  conf=  0 v=0.20
  Enriched 12 candidates in 38.7s
[193/500] reason_193

  Enriching: reason_193 (medium, math)
    c 0: X  conf=100 v=0.50
    c 1: X  conf=  0 v=0.50
    c 2: X  conf=  0 v=0.50
    c 3: X  conf=100 v=0.50
    c 4: X  conf=100 v=0.50
    c 5: X  conf=  0 v=0.50
    c 6: X  conf=  0 v=0.50
    c 7: X  conf=  0 v=0.50
    c 8: X  conf=100 v=0.50
    c 9: X  conf= 95 v=0.50
    c10: X  conf=  0 v=0.50
    c11: X  conf=  0 v=0.50
  Enriched 12 candidates in 39.0s
[194/500] reason_194

  Enriching: reason_194 (hard, math)
    c 0: X  conf=  0 v=0.50
    c 1: X  conf= 99 v=0.50
    c 2: X  conf=  0 v=0.50
    c 3: X  conf=  0 v=0.50
    c 4: X  conf=  0 v=0.50
    c 5: X  conf=  0 v=0.50
    c 6: X  conf=  0 v=0.50
    c 7: X  conf=  0 v=0.50
    c 8: X  conf=  0 v=0.50
    c 9: X  conf= 99 v=0.50
    c10: X  conf=  0 v=0.50
    c11: X  conf=  0 v=0.50
  Enriched 12 candidates in 40.4s
[195/500] reason_195

  Enriching: reason_195 (easy, math)
    c 0: OK conf= 71 v=0.50
    c 1: OK conf= 71 v=0.50
    c 2: OK conf= 71 v=0.50
    c 3: OK conf= 71 v=0.50
    c 4: OK conf= 71 v=0.50
    c 5: OK conf= 71 v=0.50
    c 6: OK conf= 71 v=0.50
    c 7: OK conf= 71 v=0.50
    c 8: OK conf= 71 v=0.50
    c 9: OK conf= 71 v=0.50
    c10: OK conf= 71 v=0.50
    c11: OK conf= 71 v=0.50
  Enriched 12 candidates in 40.7s
[196/500] reason_196

  Enriching: reason_196 (medium, math)
    c 0: OK conf=100 v=0.50
    c 1: OK conf=100 v=0.50
    c 2: OK conf=100 v=0.50
    c 3: OK conf=100 v=0.50
    c 4: OK conf=100 v=0.50
    c 5: OK conf=100 v=0.50
    c 6: X  conf= 60 v=0.20
    c 7: OK conf=100 v=0.50
    c 8: OK conf=100 v=0.50
    c 9: X  conf= 60 v=0.20
    c10: OK conf=100 v=0.50
    c11: OK conf=100 v=0.50
  Enriched 12 candidates in 39.0s
[197/500] reason_197

  Enriching: reason_197 (easy, math)
    c 0: OK conf= 24 v=0.50
    c 1: OK conf= 24 v=0.50
    c 2: OK conf= 24 v=0.50
    c 3: OK conf= 24 v=0.50
    c 4: OK conf= 24 v=0.50
    c 5: OK conf= 24 v=0.50
    c 6: OK conf= 24 v=0.50
    c 7: OK conf= 24 v=0.50
    c 8: OK conf= 24 v=0.50
    c 9: OK conf= 24 v=0.50
    c10: OK conf= 24 v=0.50
    c11: OK conf= 24 v=0.50
  Enriched 12 candidates in 39.3s
[198/500] reason_198

  Enriching: reason_198 (easy, math)
    c 0: OK conf= 95 v=0.50
    c 1: OK conf= 95 v=0.50
    c 2: OK conf= 95 v=0.50
    c 3: OK conf= 95 v=0.50
    c 4: OK conf= 95 v=0.50
    c 5: OK conf= 95 v=0.50
    c 6: OK conf= 95 v=0.50
    c 7: OK conf= 95 v=0.50
    c 8: X  conf=  0 v=0.20
    c 9: OK conf= 95 v=0.50
    c10: OK conf= 95 v=0.50
    c11: OK conf= 95 v=0.50
  Enriched 12 candidates in 40.7s
[199/500] reason_199

  Enriching: reason_199 (hard, math)
    c 0: X  conf= 29 v=0.50
    c 1: X  conf=100 v=0.50
    c 2: X  conf= 95 v=0.50
    c 3: X  conf= 26 v=0.20
    c 4: X  conf= 29 v=0.20
    c 5: X  conf= 29 v=0.20
    c 6: X  conf= 20 v=0.20
    c 7: X  conf=100 v=0.50
    c 8: X  conf= 20 v=0.20
    c 9: X  conf= 20 v=0.20
    c10: X  conf= 29 v=0.50
    c11: X  conf= 29 v=0.20
  Enriched 12 candidates in 40.5s
[200/500] reason_200

  Enriching: reason_200 (easy, math)
    c 0: OK conf=100 v=0.50
    c 1: OK conf=100 v=0.50
    c 2: OK conf=100 v=0.50
    c 3: OK conf=100 v=0.50
    c 4: OK conf=100 v=0.50
    c 5: OK conf=100 v=0.50
    c 6: X  conf= 25 v=0.50
    c 7: OK conf=100 v=0.50
    c 8: X  conf=100 v=0.50
    c 9: OK conf=100 v=0.50
    c10: OK conf=100 v=0.50
    c11: X  conf=100 v=0.50
  Enriched 12 candidates in 39.1s
[201/500] reason_201

  Enriching: reason_201 (easy, math)
    c 0: OK conf= 35 v=0.50
    c 1: OK conf= 35 v=0.50
    c 2: OK conf= 35 v=0.50
    c 3: OK conf= 35 v=0.50
    c 4: OK conf= 35 v=0.50
    c 5: OK conf= 35 v=0.50
    c 6: OK conf= 35 v=0.50
    c 7: OK conf= 35 v=0.50
    c 8: OK conf= 35 v=0.50
    c 9: OK conf= 35 v=0.50
    c10: OK conf= 35 v=0.50
    c11: OK conf= 35 v=0.50
  Enriched 12 candidates in 40.8s
[202/500] reason_202

  Enriching: reason_202 (medium, math)
    c 0: OK conf=100 v=0.30
    c 1: OK conf=100 v=0.30
    c 2: OK conf=100 v=0.30
    c 3: OK conf=100 v=0.30
    c 4: OK conf=100 v=0.30
    c 5: OK conf=100 v=0.30
    c 6: OK conf=100 v=0.30
    c 7: OK conf=100 v=0.30
    c 8: X  conf= 10 v=0.30
    c 9: OK conf=100 v=0.30
    c10: OK conf=100 v=0.30
    c11: OK conf=100 v=0.30
  Enriched 12 candidates in 39.9s
[203/500] reason_203

  Enriching: reason_203 (medium, math)
    c 0: X  conf= 40 v=0.50
    c 1: X  conf= 40 v=0.50
    c 2: X  conf= 40 v=0.50
    c 3: X  conf= 40 v=0.50
    c 4: X  conf= 40 v=0.50
    c 5: X  conf= 40 v=0.20
    c 6: X  conf= 40 v=0.50
    c 7: X  conf= 40 v=0.50
    c 8: X  conf= 40 v=0.50
    c 9: X  conf= 40 v=0.50
    c10: X  conf= 40 v=0.50
    c11: X  conf= 40 v=0.50
  Enriched 12 candidates in 40.8s
[204/500] reason_204

  Enriching: reason_204 (medium, math)
    c 0: OK conf= 85 v=0.05
    c 1: OK conf= 85 v=0.05
    c 2: OK conf= 85 v=0.05
    c 3: OK conf= 85 v=0.05
    c 4: X  conf= 50 v=0.05
    c 5: X  conf= 50 v=0.05
    c 6: OK conf= 85 v=0.05
    c 7: OK conf= 85 v=0.05
    c 8: OK conf= 85 v=0.05
    c 9: OK conf= 85 v=0.05
    c10: OK conf= 85 v=0.05
    c11: OK conf= 85 v=0.05
  Enriched 12 candidates in 41.4s
[205/500] reason_205

  Enriching: reason_205 (hard, math)
    c 0: X  conf= 95 v=0.40
    c 1: X  conf= 95 v=0.40
    c 2: X  conf= 95 v=0.40
    c 3: X  conf=  0 v=0.40
    c 4: X  conf=  0 v=0.40
    c 5: X  conf=  0 v=0.40
    c 6: X  conf= 95 v=0.40
    c 7: X  conf= 95 v=0.40
    c 8: X  conf= 95 v=0.40
    c 9: OK conf= 95 v=0.40
    c10: OK conf= 95 v=0.40
    c11: X  conf= 95 v=0.40
  Enriched 12 candidates in 41.1s
[206/500] reason_206

  Enriching: reason_206 (medium, math)
    c 0: X  conf= 40 v=0.20
    c 1: X  conf= 40 v=0.20
    c 2: X  conf= 40 v=0.20
    c 3: X  conf= 40 v=0.20
    c 4: OK conf= 50 v=0.50
    c 5: X  conf= 40 v=0.20
    c 6: X  conf= 40 v=0.20
    c 7: X  conf= 40 v=0.20
    c 8: X  conf= 40 v=0.20
    c 9: X  conf= 40 v=0.20
    c10: X  conf= 40 v=0.20
    c11: X  conf= 40 v=0.20
  Enriched 12 candidates in 40.8s
[207/500] reason_207

  Enriching: reason_207 (medium, math)
    c 0: X  conf=100 v=0.10
    c 1: X  conf= 13 v=0.10
    c 2: X  conf= 50 v=0.10
    c 3: OK conf=100 v=0.10
    c 4: X  conf= 50 v=0.10
    c 5: X  conf=100 v=0.10
    c 6: X  conf=100 v=0.10
    c 7: X  conf=100 v=0.10
    c 8: X  conf= 50 v=0.10
    c 9: X  conf= 13 v=0.10
    c10: X  conf= 50 v=0.10
    c11: OK conf=100 v=0.10
  Enriched 12 candidates in 40.8s
[208/500] reason_208

  Enriching: reason_208 (easy, math)
    c 0: OK conf= 95 v=0.08
    c 1: OK conf= 95 v=0.08
    c 2: OK conf= 95 v=0.08
    c 3: OK conf= 95 v=0.08
    c 4: OK conf= 95 v=0.08
    c 5: OK conf= 95 v=0.08
    c 6: OK conf= 95 v=0.08
    c 7: OK conf= 95 v=0.08
    c 8: OK conf= 95 v=0.08
    c 9: OK conf= 95 v=0.08
    c10: OK conf= 95 v=0.08
    c11: OK conf= 95 v=0.08
  Enriched 12 candidates in 41.8s
[209/500] reason_209

  Enriching: reason_209 (hard, math)
    c 0: OK conf= 95 v=0.60
    c 1: X  conf= 95 v=0.60
    c 2: OK conf= 95 v=0.60
    c 3: OK conf= 95 v=0.60
    c 4: OK conf= 95 v=0.60
    c 5: OK conf= 95 v=0.60
    c 6: OK conf= 95 v=0.60
    c 7: OK conf= 95 v=0.60
    c 8: OK conf= 95 v=0.60
    c 9: OK conf= 95 v=0.60
    c10: OK conf= 95 v=0.60
    c11: OK conf= 95 v=0.60
  Enriched 12 candidates in 41.8s
[210/500] reason_210

  Enriching: reason_210 (easy, math)
    c 0: OK conf= 50 v=0.50
    c 1: OK conf= 50 v=0.50
    c 2: X  conf= 50 v=0.50
    c 3: X  conf= 50 v=0.50
    c 4: X  conf= 50 v=0.50
    c 5: X  conf= 50 v=0.50
    c 6: X  conf= 50 v=0.50
    c 7: OK conf= 50 v=0.50
    c 8: OK conf= 50 v=0.50
    c 9: X  conf= 50 v=0.50
    c10: X  conf= 50 v=0.50
    c11: OK conf= 50 v=0.50
  Enriched 12 candidates in 40.8s
[211/500] reason_211

  Enriching: reason_211 (medium, math)
    c 0: OK conf=100 v=0.50
    c 1: OK conf=100 v=0.50
    c 2: X  conf= 50 v=0.50
    c 3: OK conf=100 v=0.50
    c 4: OK conf=100 v=0.50
    c 5: OK conf=100 v=0.50
    c 6: OK conf=100 v=0.50
    c 7: OK conf=100 v=0.50
    c 8: OK conf=100 v=0.50
    c 9: OK conf=100 v=0.50
    c10: OK conf=100 v=0.50
    c11: OK conf=100 v=0.50
  Enriched 12 candidates in 39.0s
[212/500] reason_212

  Enriching: reason_212 (medium, math)
    c 0: X  conf= 60 v=0.50
    c 1: X  conf= 60 v=0.50
    c 2: X  conf= 60 v=0.50
    c 3: X  conf= 60 v=0.50
    c 4: X  conf= 60 v=0.50
    c 5: X  conf=  4 v=0.50
    c 6: X  conf= 60 v=0.50
    c 7: X  conf= 80 v=0.50
    c 8: X  conf= 80 v=0.50
    c 9: X  conf= 80 v=0.50
    c10: X  conf= 80 v=0.50
    c11: X  conf= 40 v=0.50
  Enriched 12 candidates in 40.7s
[213/500] reason_213

  Enriching: reason_213 (easy, math)
    c 0: OK conf= 50 v=0.50
    c 1: OK conf= 50 v=0.50
    c 2: OK conf= 50 v=0.50
    c 3: OK conf= 50 v=0.50
    c 4: OK conf= 50 v=0.50
    c 5: OK conf= 50 v=0.50
    c 6: OK conf= 50 v=0.50
    c 7: OK conf= 50 v=0.50
    c 8: OK conf= 50 v=0.50
    c 9: OK conf= 50 v=0.50
    c10: OK conf= 50 v=0.50
    c11: OK conf= 50 v=0.50
  Enriched 12 candidates in 40.6s
[214/500] reason_214

  Enriching: reason_214 (medium, math)
    c 0: OK conf= 81 v=0.50
    c 1: OK conf= 81 v=0.50
    c 2: OK conf= 81 v=0.50
    c 3: OK conf= 81 v=0.50
    c 4: OK conf= 81 v=0.50
    c 5: OK conf= 81 v=0.50
    c 6: OK conf= 81 v=0.50
    c 7: OK conf= 81 v=0.50
    c 8: OK conf= 81 v=0.50
    c 9: OK conf= 81 v=0.50
    c10: OK conf= 81 v=0.50
    c11: OK conf= 81 v=0.50
  Enriched 12 candidates in 39.7s
[215/500] reason_215

  Enriching: reason_215 (medium, math)
    c 0: X  conf=  0 v=0.50
    c 1: X  conf=  0 v=0.50
    c 2: X  conf=  1 v=0.50
    c 3: X  conf=  1 v=0.50
    c 4: X  conf=100 v=0.50
    c 5: X  conf=100 v=0.50
    c 6: X  conf=100 v=0.50
    c 7: X  conf=  1 v=0.50
    c 8: X  conf=  0 v=0.50
    c 9: X  conf= 10 v=0.50
    c10: X  conf=  1 v=0.50
    c11: X  conf=  1 v=0.50
  Enriched 12 candidates in 40.3s
[216/500] reason_216

  Enriching: reason_216 (medium, math)
    c 0: X  conf= 60 v=0.50
    c 1: X  conf= 60 v=0.50
    c 2: X  conf= 60 v=0.50
    c 3: OK conf=100 v=0.50
    c 4: X  conf= 60 v=0.50
    c 5: X  conf= 60 v=0.50
    c 6: OK conf=100 v=0.50
    c 7: OK conf=100 v=0.50
    c 8: OK conf=100 v=0.50
    c 9: X  conf=100 v=0.50
    c10: OK conf=100 v=0.50
    c11: OK conf=100 v=0.50
  Enriched 12 candidates in 39.5s
[217/500] reason_217

  Enriching: reason_217 (easy, math)
    c 0: OK conf= 95 v=0.50
    c 1: OK conf= 95 v=0.50
    c 2: OK conf= 95 v=0.50
    c 3: OK conf= 95 v=0.50
    c 4: OK conf= 95 v=0.50
    c 5: OK conf= 95 v=0.50
    c 6: OK conf= 95 v=0.50
    c 7: OK conf= 95 v=0.50
    c 8: OK conf= 95 v=0.50
    c 9: OK conf= 95 v=0.50
    c10: OK conf= 95 v=0.50
    c11: OK conf= 95 v=0.50
  Enriched 12 candidates in 40.8s
[218/500] reason_218

  Enriching: reason_218 (easy, math)
    c 0: OK conf=100 v=0.50
    c 1: OK conf=100 v=0.50
    c 2: OK conf=100 v=0.50
    c 3: OK conf=100 v=0.50
    c 4: OK conf=100 v=0.50
    c 5: OK conf=100 v=0.50
    c 6: OK conf=100 v=0.50
    c 7: OK conf=100 v=0.50
    c 8: OK conf=100 v=0.50
    c 9: OK conf=100 v=0.50
    c10: OK conf=100 v=0.50
    c11: OK conf=100 v=0.50
  Enriched 12 candidates in 38.6s
[219/500] reason_219

  Enriching: reason_219 (medium, math)
    c 0: X  conf= 20 v=0.50
    c 1: X  conf= 20 v=0.50
    c 2: OK conf= 80 v=0.50
    c 3: X  conf= 20 v=0.50
    c 4: X  conf= 20 v=0.50
    c 5: X  conf= 20 v=0.50
    c 6: X  conf= 20 v=0.50
    c 7: OK conf= 80 v=0.50
    c 8: OK conf= 80 v=0.50
    c 9: X  conf= 20 v=0.50
    c10: OK conf= 80 v=0.50
    c11: X  conf=100 v=0.50
  Enriched 12 candidates in 40.5s
[220/500] reason_220

  Enriching: reason_220 (medium, math)
    c 0: OK conf= 95 v=0.50
    c 1: OK conf= 95 v=0.50
    c 2: OK conf= 95 v=0.50
    c 3: OK conf= 95 v=0.50
    c 4: OK conf= 95 v=0.50
    c 5: X  conf= 95 v=0.50
    c 6: OK conf= 95 v=0.50
    c 7: OK conf= 95 v=0.50
    c 8: OK conf= 95 v=0.50
    c 9: OK conf= 95 v=0.50
    c10: OK conf= 95 v=0.50
    c11: X  conf= 90 v=0.50
  Enriched 12 candidates in 40.8s
[221/500] reason_221

  Enriching: reason_221 (easy, math)
    c 0: OK conf= 70 v=0.50
    c 1: OK conf= 70 v=0.50
    c 2: OK conf= 70 v=0.50
    c 3: OK conf= 70 v=0.50
    c 4: OK conf= 70 v=0.50
    c 5: OK conf= 70 v=0.50
    c 6: OK conf= 70 v=0.50
    c 7: OK conf= 70 v=0.50
    c 8: OK conf= 70 v=0.50
    c 9: OK conf= 70 v=0.50
    c10: OK conf= 70 v=0.50
    c11: OK conf= 70 v=0.50
  Enriched 12 candidates in 40.7s
[222/500] reason_222

  Enriching: reason_222 (medium, math)
    c 0: OK conf= 20 v=0.50
    c 1: OK conf= 20 v=0.50
    c 2: OK conf= 20 v=0.50
    c 3: OK conf= 20 v=0.50
    c 4: OK conf= 20 v=0.50
    c 5: OK conf= 20 v=0.50
    c 6: OK conf= 20 v=0.50
    c 7: OK conf= 20 v=0.50
    c 8: OK conf= 20 v=0.50
    c 9: OK conf= 20 v=0.50
    c10: OK conf= 20 v=0.50
    c11: OK conf= 20 v=0.50
  Enriched 12 candidates in 40.7s
[223/500] reason_223

  Enriching: reason_223 (medium, math)
    c 0: OK conf=100 v=0.50
    c 1: X  conf= 80 v=0.50
    c 2: OK conf=100 v=0.50
    c 3: OK conf=100 v=0.50
    c 4: X  conf= 40 v=0.50
    c 5: X  conf= 40 v=0.50
    c 6: X  conf= 80 v=0.50
    c 7: OK conf=100 v=0.50
    c 8: X  conf= 40 v=0.50
    c 9: OK conf=100 v=0.50
    c10: X  conf= 80 v=0.50
    c11: X  conf= 80 v=0.50
  Enriched 12 candidates in 40.7s
[224/500] reason_224

  Enriching: reason_224 (easy, math)
    c 0: X  conf= 33 v=0.20
    c 1: X  conf= 33 v=0.20
    c 2: OK conf=100 v=0.50
    c 3: OK conf=100 v=0.50
    c 4: OK conf=100 v=0.50
    c 5: OK conf=100 v=0.50
    c 6: OK conf=100 v=0.50
    c 7: OK conf=100 v=0.50
    c 8: X  conf= 32 v=0.20
    c 9: OK conf=100 v=0.50
    c10: OK conf=100 v=0.50
    c11: OK conf=100 v=0.50
  Enriched 12 candidates in 39.8s
[225/500] reason_225

  Enriching: reason_225 (easy, math)
    c 0: X  conf= 30 v=0.50
    c 1: X  conf= 30 v=0.50
    c 2: X  conf= 30 v=0.50
    c 3: X  conf= 30 v=0.50
    c 4: X  conf= 30 v=0.50
    c 5: X  conf= 30 v=0.50
    c 6: X  conf= 30 v=0.50
    c 7: X  conf= 30 v=0.50
    c 8: X  conf= 30 v=0.50
    c 9: X  conf= 30 v=0.50
    c10: X  conf= 30 v=0.50
    c11: X  conf= 30 v=0.50
  Enriched 12 candidates in 40.7s
[226/500] reason_226

  Enriching: reason_226 (medium, math)
    c 0: OK conf= 80 v=0.50
    c 1: OK conf= 80 v=0.50
    c 2: X  conf= 60 v=0.50
    c 3: OK conf= 80 v=0.50
    c 4: X  conf= 60 v=0.50
    c 5: X  conf= 60 v=0.50
    c 6: X  conf= 60 v=0.50
    c 7: X  conf= 60 v=0.50
    c 8: OK conf= 80 v=0.50
    c 9: X  conf= 60 v=0.50
    c10: OK conf= 80 v=0.50
    c11: X  conf= 60 v=0.50
  Enriched 12 candidates in 40.9s
[227/500] reason_227

  Enriching: reason_227 (medium, math)
    c 0: OK conf=100 v=0.50
    c 1: OK conf=100 v=0.50
    c 2: OK conf=100 v=0.50
    c 3: OK conf=100 v=0.50
    c 4: OK conf=100 v=0.50
    c 5: OK conf=100 v=0.50
    c 6: OK conf=100 v=0.50
    c 7: OK conf=100 v=0.50
    c 8: OK conf=100 v=0.50
    c 9: OK conf=100 v=0.50
    c10: OK conf=100 v=0.50
    c11: OK conf=100 v=0.50
  Enriched 12 candidates in 38.7s
[228/500] reason_228

  Enriching: reason_228 (easy, math)
    c 0: OK conf=100 v=0.50
    c 1: OK conf=100 v=0.50
    c 2: X  conf= 50 v=0.50
    c 3: OK conf=100 v=0.50
    c 4: OK conf=100 v=0.50
    c 5: OK conf=100 v=0.50
    c 6: OK conf=100 v=0.50
    c 7: OK conf=100 v=0.50
    c 8: X  conf= 50 v=0.50
    c 9: OK conf=100 v=0.50
    c10: OK conf=100 v=0.50
    c11: OK conf=100 v=0.50
  Enriched 12 candidates in 39.0s
[229/500] reason_229

  Enriching: reason_229 (medium, math)
    c 0: X  conf= 30 v=0.50
    c 1: OK conf=100 v=0.50
    c 2: OK conf=100 v=0.50
    c 3: X  conf= 30 v=0.50
    c 4: X  conf= 30 v=0.50
    c 5: OK conf=100 v=0.50
    c 6: OK conf=100 v=0.50
    c 7: OK conf=100 v=0.50
    c 8: X  conf= 30 v=0.50
    c 9: OK conf=100 v=0.50
    c10: X  conf= 30 v=0.50
    c11: OK conf=100 v=0.50
  Enriched 12 candidates in 39.6s
[230/500] reason_230

  Enriching: reason_230 (medium, math)
    c 0: OK conf=100 v=0.50
    c 1: OK conf=100 v=0.50
    c 2: OK conf=100 v=0.50
    c 3: OK conf=100 v=0.50
    c 4: OK conf=100 v=0.50
    c 5: OK conf=100 v=0.50
    c 6: OK conf=100 v=0.50
    c 7: X  conf=100 v=0.50
    c 8: OK conf=100 v=0.50
    c 9: OK conf=100 v=0.50
    c10: OK conf=100 v=0.50
    c11: OK conf=100 v=0.50
  Enriched 12 candidates in 38.6s
[231/500] reason_231

  Enriching: reason_231 (hard, logic)
    c 0: X  conf=  0 v=0.50
    c 1: X  conf=  0 v=0.50
    c 2: X  conf=  0 v=0.50
    c 3: X  conf=  0 v=0.50
    c 4: X  conf=  0 v=0.50
    c 5: X  conf=  0 v=0.50
    c 6: X  conf=  0 v=0.50
    c 7: X  conf=  0 v=0.50
    c 8: X  conf=  0 v=0.50
    c 9: X  conf=  0 v=0.50
    c10: X  conf=  0 v=0.50
    c11: X  conf=  0 v=0.50
  Enriched 12 candidates in 40.3s
[232/500] reason_232

  Enriching: reason_232 (easy, logic)
    c 0: OK conf=  0 v=0.50
    c 1: OK conf=  0 v=0.50
    c 2: OK conf=  0 v=0.50
    c 3: OK conf=  0 v=0.50
    c 4: OK conf=  0 v=0.50
    c 5: X  conf=  0 v=0.50
    c 6: X  conf= 80 v=0.50
    c 7: OK conf=  0 v=0.50
    c 8: OK conf=  0 v=0.50
    c 9: X  conf= 80 v=0.50
    c10: OK conf=  0 v=0.50
    c11: OK conf=  0 v=0.50
  Enriched 12 candidates in 40.5s
[233/500] reason_233

  Enriching: reason_233 (medium, logic)
    c 0: OK conf= 80 v=0.50
    c 1: OK conf= 80 v=0.50
    c 2: OK conf= 80 v=0.50
    c 3: OK conf= 80 v=0.50
    c 4: OK conf= 80 v=0.50
    c 5: OK conf= 80 v=0.50
    c 6: X  conf=100 v=0.20
    c 7: X  conf=100 v=0.20
    c 8: X  conf=100 v=0.20
    c 9: OK conf= 80 v=0.50
    c10: OK conf= 80 v=0.50
    c11: OK conf= 80 v=0.50
  Enriched 12 candidates in 40.5s
[234/500] reason_234

  Enriching: reason_234 (medium, logic)
    c 0: OK conf= 80 v=0.50
    c 1: OK conf= 80 v=0.50
    c 2: X  conf=  0 v=0.50
    c 3: X  conf=  0 v=0.50
    c 4: X  conf=  0 v=0.50
    c 5: OK conf= 80 v=0.50
    c 6: OK conf= 80 v=0.50
    c 7: OK conf= 80 v=0.50
    c 8: OK conf= 80 v=0.50
    c 9: X  conf=  0 v=0.50
    c10: OK conf= 80 v=0.50
    c11: X  conf=  0 v=0.50
  Enriched 12 candidates in 40.7s
[235/500] reason_235

  Enriching: reason_235 (easy, logic)
    c 0: OK conf= 80 v=0.50
    c 1: OK conf= 80 v=0.50
    c 2: OK conf= 80 v=0.50
    c 3: OK conf= 80 v=0.50
    c 4: OK conf= 80 v=0.50
    c 5: OK conf= 80 v=0.50
    c 6: OK conf= 80 v=0.50
    c 7: OK conf= 80 v=0.50
    c 8: OK conf= 80 v=0.50
    c 9: X  conf=  0 v=0.50
    c10: OK conf= 80 v=0.50
    c11: OK conf= 80 v=0.50
  Enriched 12 candidates in 40.8s
[236/500] reason_236

  Enriching: reason_236 (hard, logic)
    c 0: X  conf=  0 v=0.50
    c 1: X  conf=  0 v=0.50
    c 2: OK conf= 80 v=0.50
    c 3: X  conf=  0 v=0.50
    c 4: X  conf=  0 v=0.50
    c 5: OK conf= 80 v=0.50
    c 6: X  conf=  0 v=0.50
    c 7: X  conf=  0 v=0.50
    c 8: X  conf=  0 v=0.50
    c 9: X  conf=  0 v=0.50
    c10: X  conf=  0 v=0.50
    c11: X  conf=  0 v=0.50
  Enriched 12 candidates in 38.8s
[237/500] reason_237

  Enriching: reason_237 (hard, logic)
    c 0: X  conf= 20 v=0.50
    c 1: X  conf= 20 v=0.50
    c 2: OK conf= 30 v=0.50
    c 3: X  conf= 20 v=0.50
    c 4: X  conf= 25 v=0.50
    c 5: X  conf= 20 v=0.50
    c 6: X  conf= 20 v=0.50
    c 7: X  conf= 20 v=0.50
    c 8: X  conf= 25 v=0.50
    c 9: X  conf= 20 v=0.50
    c10: X  conf= 25 v=0.50
    c11: X  conf= 25 v=0.50
  Enriched 12 candidates in 40.8s
[238/500] reason_238

  Enriching: reason_238 (hard, logic)
    c 0: OK conf= 20 v=0.50
    c 1: X  conf=100 v=0.50
    c 2: X  conf= 80 v=0.50
    c 3: OK conf= 20 v=0.50
    c 4: X  conf= 80 v=0.50
    c 5: X  conf= 80 v=0.50
    c 6: X  conf= 80 v=0.50
    c 7: X  conf= 80 v=0.50
    c 8: X  conf= 80 v=0.50
    c 9: X  conf= 80 v=0.50
    c10: OK conf= 20 v=0.50
    c11: X  conf= 40 v=0.50
  Enriched 12 candidates in 40.8s
[239/500] reason_239

  Enriching: reason_239 (medium, logic)
    c 0: OK conf= 80 v=0.50
    c 1: OK conf= 80 v=0.50
    c 2: OK conf= 80 v=0.50
    c 3: OK conf= 80 v=0.50
    c 4: OK conf= 80 v=0.50
    c 5: OK conf= 80 v=0.50
    c 6: X  conf=  0 v=0.50
    c 7: OK conf= 80 v=0.50
    c 8: OK conf= 80 v=0.50
    c 9: OK conf= 80 v=0.50
    c10: OK conf= 80 v=0.50
    c11: OK conf= 80 v=0.50
  Enriched 12 candidates in 38.3s
[240/500] reason_240

  Enriching: reason_240 (medium, logic)
    c 0: OK conf= 80 v=0.50
    c 1: OK conf= 80 v=0.50
    c 2: OK conf= 80 v=0.50
    c 3: OK conf= 80 v=0.50
    c 4: OK conf= 80 v=0.50
    c 5: X  conf=  0 v=0.20
    c 6: OK conf= 80 v=0.50
    c 7: OK conf= 80 v=0.50
    c 8: OK conf= 80 v=0.50
    c 9: OK conf= 80 v=0.50
    c10: OK conf= 80 v=0.50
    c11: OK conf= 80 v=0.50
  Enriched 12 candidates in 40.4s
[241/500] reason_241

  Enriching: reason_241 (easy, logic)
    c 0: OK conf=  0 v=1.00
    c 1: OK conf=  0 v=1.00
    c 2: OK conf=  0 v=1.00
    c 3: OK conf=  0 v=1.00
    c 4: OK conf=  0 v=1.00
    c 5: OK conf=  0 v=1.00
    c 6: OK conf=  0 v=1.00
    c 7: OK conf=  0 v=1.00
    c 8: OK conf=  0 v=1.00
    c 9: OK conf=  0 v=1.00
    c10: OK conf=  0 v=1.00
    c11: OK conf=  0 v=1.00
  Enriched 12 candidates in 26.4s
[242/500] reason_242

  Enriching: reason_242 (easy, logic)
    c 0: X  conf=  2 v=0.50
    c 1: X  conf=  2 v=0.50
    c 2: X  conf=  2 v=0.50
    c 3: OK conf=100 v=0.50
    c 4: OK conf=100 v=0.50
    c 5: X  conf=  2 v=0.50
    c 6: OK conf=100 v=0.50
    c 7: X  conf=  2 v=0.50
    c 8: OK conf=100 v=0.50
    c 9: OK conf=100 v=0.50
    c10: OK conf=100 v=0.50
    c11: OK conf=100 v=0.50
  Enriched 12 candidates in 38.9s
[243/500] reason_243

  Enriching: reason_243 (medium, logic)
    c 0: OK conf= 80 v=0.50
    c 1: X  conf=  0 v=0.50
    c 2: X  conf=  0 v=0.50
    c 3: OK conf= 80 v=0.50
    c 4: X  conf=  0 v=0.50
    c 5: X  conf=  0 v=0.50
    c 6: X  conf=  0 v=0.50
    c 7: X  conf=  0 v=0.50
    c 8: X  conf=  0 v=0.50
    c 9: X  conf=  0 v=0.50
    c10: X  conf=  0 v=0.50
    c11: OK conf= 80 v=0.50
  Enriched 12 candidates in 40.7s
[244/500] reason_244

  Enriching: reason_244 (hard, logic)
    c 0: X  conf=  0 v=0.50
    c 1: X  conf=  0 v=0.50
    c 2: X  conf=  0 v=0.50
    c 3: X  conf=  0 v=0.50
    c 4: X  conf=  0 v=0.50
    c 5: X  conf=  0 v=0.50
    c 6: X  conf=  0 v=0.50
    c 7: X  conf=  0 v=0.50
    c 8: X  conf=  0 v=0.50
    c 9: X  conf=  0 v=0.50
    c10: X  conf=  0 v=0.50
    c11: X  conf=  0 v=0.50
  Enriched 12 candidates in 40.8s
[245/500] reason_245

  Enriching: reason_245 (easy, logic)
    c 0: OK conf=100 v=0.50
    c 1: OK conf=100 v=0.50
    c 2: OK conf=100 v=0.50
    c 3: OK conf=100 v=0.50
    c 4: OK conf=100 v=0.50
    c 5: OK conf=100 v=0.50
    c 6: OK conf=100 v=0.50
    c 7: OK conf=100 v=0.50
    c 8: OK conf=100 v=0.50
    c 9: OK conf=100 v=0.50
    c10: OK conf=100 v=0.50
    c11: OK conf=100 v=0.50
  Enriched 12 candidates in 34.4s
[246/500] reason_246

  Enriching: reason_246 (easy, logic)
    c 0: OK conf= 80 v=0.50
    c 1: OK conf= 80 v=0.50
    c 2: OK conf= 80 v=0.50
    c 3: OK conf= 80 v=0.50
    c 4: OK conf= 80 v=0.50
    c 5: OK conf= 80 v=0.50
    c 6: OK conf= 80 v=0.50
    c 7: OK conf= 80 v=0.50
    c 8: X  conf= 80 v=0.50
    c 9: OK conf= 80 v=0.50
    c10: OK conf= 80 v=0.50
    c11: OK conf= 80 v=0.50
  Enriched 12 candidates in 38.4s
[247/500] reason_247

  Enriching: reason_247 (easy, logic)
    c 0: X  conf= 25 v=0.50
    c 1: OK conf= 80 v=0.50
    c 2: OK conf= 80 v=0.50
    c 3: OK conf= 80 v=0.50
    c 4: OK conf= 80 v=0.50
    c 5: OK conf= 80 v=0.50
    c 6: OK conf= 80 v=0.50
    c 7: OK conf= 80 v=0.50
    c 8: X  conf=  0 v=0.20
    c 9: X  conf= 25 v=0.50
    c10: OK conf= 80 v=0.50
    c11: X  conf=  0 v=0.50
  Enriched 12 candidates in 40.7s
[248/500] reason_248

  Enriching: reason_248 (easy, logic)
    c 0: OK conf=100 v=0.50
    c 1: X  conf=  0 v=0.20
    c 2: X  conf=  0 v=0.20
    c 3: X  conf=  0 v=0.20
    c 4: OK conf=100 v=0.50
    c 5: OK conf=100 v=0.50
    c 6: X  conf= 95 v=0.50
    c 7: OK conf=100 v=0.50
    c 8: OK conf=100 v=0.50
    c 9: X  conf=  0 v=0.20
    c10: X  conf=  0 v=0.20
    c11: X  conf=100 v=0.20
  Enriched 12 candidates in 38.5s
[249/500] reason_249

  Enriching: reason_249 (medium, logic)
    c 0: OK conf= 80 v=0.50
    c 1: OK conf= 80 v=0.50
    c 2: X  conf=  0 v=0.20
    c 3: OK conf= 80 v=0.50
    c 4: OK conf= 80 v=0.50
    c 5: OK conf= 80 v=0.50
    c 6: OK conf= 80 v=0.50
    c 7: OK conf= 80 v=0.50
    c 8: OK conf= 80 v=0.50
    c 9: OK conf= 80 v=0.50
    c10: OK conf= 80 v=0.50
    c11: OK conf= 80 v=0.50
  Enriched 12 candidates in 38.7s
[250/500] reason_250

  Enriching: reason_250 (easy, logic)
    c 0: X  conf= 80 v=0.50
    c 1: X  conf= 80 v=0.50
    c 2: X  conf= 80 v=0.50
    c 3: X  conf=  0 v=0.50
    c 4: X  conf= 80 v=0.50
    c 5: X  conf= 80 v=0.50
    c 6: X  conf= 80 v=0.50
    c 7: X  conf= 80 v=0.50
    c 8: X  conf= 80 v=0.50
    c 9: X  conf= 80 v=0.50
    c10: X  conf= 80 v=0.50
    c11: X  conf=  0 v=0.50
  Enriched 12 candidates in 38.8s
[251/500] reason_251

  Enriching: reason_251 (medium, math)
    c 0: OK conf=100 v=0.50
    c 1: OK conf=100 v=0.50
    c 2: OK conf=100 v=0.50
    c 3: OK conf=100 v=0.50
    c 4: OK conf=100 v=0.50
    c 5: OK conf=100 v=0.50
    c 6: OK conf=100 v=0.50
    c 7: OK conf=100 v=0.50
    c 8: OK conf=100 v=0.50
    c 9: OK conf=100 v=0.50
    c10: OK conf=100 v=0.50
    c11: OK conf=100 v=0.50
  Enriched 12 candidates in 40.7s
[252/500] reason_252

  Enriching: reason_252 (hard, math)
    c 0: OK conf=100 v=0.50
    c 1: OK conf=100 v=0.50
    c 2: OK conf=100 v=0.50
    c 3: OK conf=100 v=0.50
    c 4: OK conf=100 v=0.50
    c 5: OK conf=100 v=0.50
    c 6: OK conf=100 v=0.50
    c 7: OK conf=100 v=0.50
    c 8: OK conf=100 v=0.50
    c 9: OK conf=100 v=0.50
    c10: OK conf=100 v=0.50
    c11: OK conf=100 v=0.50
  Enriched 12 candidates in 40.7s
[253/500] reason_253

  Enriching: reason_253 (easy, math)
    c 0: X  conf=100 v=0.20
    c 1: X  conf=100 v=0.20
    c 2: X  conf=100 v=0.20
    c 3: X  conf=  0 v=0.20
    c 4: X  conf=100 v=0.20
    c 5: X  conf=100 v=0.20
    c 6: X  conf=100 v=0.20
    c 7: X  conf=100 v=0.20
    c 8: X  conf=100 v=0.20
    c 9: X  conf=100 v=0.20
    c10: X  conf=100 v=0.20
    c11: X  conf=100 v=0.20
  Enriched 12 candidates in 41.6s
[254/500] reason_254

  Enriching: reason_254 (medium, math)
    c 0: OK conf=100 v=0.50
    c 1: OK conf=100 v=0.50
    c 2: OK conf=100 v=0.50
    c 3: OK conf=100 v=0.50
    c 4: OK conf=100 v=0.50
    c 5: OK conf=100 v=0.50
    c 6: OK conf=100 v=0.50
    c 7: X  conf=100 v=0.50
    c 8: OK conf=100 v=0.50
    c 9: OK conf=100 v=0.50
    c10: OK conf=100 v=0.50
    c11: OK conf=100 v=0.50
  Enriched 12 candidates in 38.7s
[255/500] reason_255

  Enriching: reason_255 (medium, math)
    c 0: OK conf=100 v=0.50
    c 1: OK conf=100 v=0.50
    c 2: OK conf=100 v=0.50
    c 3: OK conf=100 v=0.50
    c 4: OK conf=100 v=0.50
    c 5: OK conf=100 v=0.50
    c 6: OK conf=100 v=0.50
    c 7: OK conf=100 v=0.50
    c 8: OK conf=100 v=0.50
    c 9: OK conf=100 v=0.50
    c10: OK conf=100 v=0.50
    c11: OK conf=100 v=0.50
  Enriched 12 candidates in 38.7s
[256/500] reason_256

  Enriching: reason_256 (medium, math)
    c 0: X  conf= 80 v=0.50
    c 1: X  conf= 30 v=0.20
    c 2: X  conf=  3 v=0.50
    c 3: X  conf= 30 v=0.20
    c 4: X  conf= 30 v=0.20
    c 5: X  conf= 30 v=0.50
    c 6: X  conf= 30 v=0.20
    c 7: X  conf= 35 v=0.20
    c 8: X  conf= 30 v=0.50
    c 9: X  conf= 30 v=0.50
    c10: X  conf=  3 v=0.50
    c11: X  conf= 30 v=0.20
  Enriched 12 candidates in 40.8s
[257/500] reason_257

  Enriching: reason_257 (hard, math)
    c 0: X  conf= 80 v=0.20
    c 1: X  conf= 80 v=0.20
    c 2: X  conf= 80 v=0.20
    c 3: X  conf= 80 v=0.50
    c 4: X  conf= 80 v=0.20
    c 5: X  conf= 80 v=0.20
    c 6: X  conf= 80 v=0.20
    c 7: X  conf= 80 v=0.20
    c 8: X  conf= 80 v=0.20
    c 9: X  conf= 80 v=0.20
    c10: X  conf= 80 v=0.20
    c11: X  conf= 80 v=0.20
  Enriched 12 candidates in 40.7s
[258/500] reason_258

  Enriching: reason_258 (hard, math)
    c 0: OK conf=  4 v=0.50
    c 1: OK conf=  4 v=0.50
    c 2: OK conf=  4 v=0.50
    c 3: OK conf=  4 v=0.50
    c 4: OK conf=  4 v=0.50
    c 5: OK conf=  4 v=0.50
    c 6: OK conf=  4 v=0.50
    c 7: OK conf=  4 v=0.50
    c 8: OK conf=  4 v=0.50
    c 9: OK conf=  4 v=0.50
    c10: OK conf=  4 v=0.50
    c11: OK conf=  4 v=0.50
  Enriched 12 candidates in 40.7s
[259/500] reason_259

  Enriching: reason_259 (hard, math)
    c 0: X  conf= 95 v=0.50
    c 1: X  conf= 95 v=0.50
    c 2: X  conf= 20 v=0.50
    c 3: X  conf= 95 v=0.50
    c 4: X  conf= 20 v=0.50
    c 5: X  conf= 20 v=0.50
    c 6: X  conf= 90 v=0.50
    c 7: X  conf= 20 v=0.50
    c 8: X  conf= 20 v=0.50
    c 9: X  conf= 90 v=0.50
    c10: X  conf= 20 v=0.50
    c11: X  conf=  0 v=0.20
  Enriched 12 candidates in 40.8s
[260/500] reason_260

  Enriching: reason_260 (medium, math)
    c 0: X  conf=  0 v=1.00
    c 1: X  conf=  0 v=1.00
    c 2: X  conf=  0 v=1.00
    c 3: X  conf=100 v=0.50
    c 4: X  conf=  0 v=1.00
    c 5: X  conf= 25 v=0.50
    c 6: X  conf=  0 v=1.00
    c 7: X  conf=  0 v=0.20
    c 8: X  conf= 80 v=0.50
    c 9: X  conf=100 v=0.50
    c10: X  conf=  4 v=1.00
    c11: X  conf= 80 v=0.50
  Enriched 12 candidates in 37.5s
[261/500] reason_261

  Enriching: reason_261 (easy, math)
    c 0: OK conf= 95 v=0.50
    c 1: X  conf= 85 v=0.20
    c 2: OK conf= 95 v=0.50
    c 3: OK conf= 95 v=0.50
    c 4: OK conf= 95 v=0.50
    c 5: OK conf= 95 v=0.50
    c 6: X  conf= 85 v=0.20
    c 7: X  conf= 85 v=0.20
    c 8: OK conf= 95 v=0.50
    c 9: X  conf= 85 v=0.20
    c10: OK conf= 95 v=0.50
    c11: X  conf=  0 v=0.20
  Enriched 12 candidates in 40.5s
[262/500] reason_262

  Enriching: reason_262 (hard, math)
    c 0: OK conf=100 v=0.50
    c 1: OK conf=100 v=0.50
    c 2: X  conf=100 v=0.50
    c 3: X  conf=100 v=0.50
    c 4: X  conf=  2 v=0.50
    c 5: X  conf=  2 v=0.50
    c 6: X  conf=100 v=0.50
    c 7: X  conf=  2 v=0.50
    c 8: X  conf=100 v=0.50
    c 9: X  conf=  2 v=0.50
    c10: OK conf=100 v=0.50
    c11: X  conf=  1 v=0.50
  Enriched 12 candidates in 39.9s
[263/500] reason_263

  Enriching: reason_263 (medium, math)
    c 0: X  conf= 10 v=0.20
    c 1: X  conf= 10 v=0.20
    c 2: X  conf=100 v=0.20
    c 3: X  conf= 10 v=0.50
    c 4: X  conf= 10 v=0.20
    c 5: X  conf= 10 v=0.20
    c 6: X  conf= 10 v=0.50
    c 7: X  conf= 10 v=0.20
    c 8: X  conf= 10 v=0.20
    c 9: X  conf= 10 v=0.20
    c10: X  conf= 10 v=0.20
    c11: X  conf= 10 v=0.20
  Enriched 12 candidates in 40.7s
[264/500] reason_264

  Enriching: reason_264 (hard, math)
    c 0: X  conf= 10 v=0.20
    c 1: X  conf= 10 v=0.20
    c 2: X  conf= 10 v=0.20
    c 3: X  conf=100 v=0.20
    c 4: X  conf=100 v=0.50
    c 5: X  conf=100 v=0.20
    c 6: X  conf=100 v=0.20
    c 7: X  conf=100 v=0.20
    c 8: X  conf= 10 v=0.20
    c 9: X  conf=100 v=0.50
    c10: X  conf=100 v=0.20
    c11: X  conf=100 v=0.50
  Enriched 12 candidates in 40.7s
[265/500] reason_265

  Enriching: reason_265 (hard, math)
    c 0: OK conf=100 v=0.50
    c 1: OK conf=100 v=0.50
    c 2: OK conf=100 v=0.50
    c 3: OK conf=100 v=0.50
    c 4: X  conf=  0 v=0.50
    c 5: OK conf=100 v=0.50
    c 6: OK conf=100 v=0.50
    c 7: OK conf=100 v=0.50
    c 8: OK conf=100 v=0.50
    c 9: OK conf=100 v=0.50
    c10: OK conf=100 v=0.50
    c11: OK conf=100 v=0.50
  Enriched 12 candidates in 38.9s
[266/500] reason_266

  Enriching: reason_266 (medium, combinatorics)
    c 0: X  conf= 30 v=0.20
    c 1: X  conf= 30 v=0.20
    c 2: X  conf= 30 v=0.20
    c 3: X  conf= 33 v=0.50
    c 4: X  conf= 30 v=0.20
    c 5: X  conf= 30 v=0.50
    c 6: OK conf= 50 v=0.50
    c 7: X  conf= 30 v=0.20
    c 8: X  conf= 30 v=0.20
    c 9: X  conf= 30 v=0.20
    c10: X  conf= 30 v=0.50
    c11: X  conf= 30 v=0.50
  Enriched 12 candidates in 40.8s
[267/500] reason_267

  Enriching: reason_267 (hard, combinatorics)
    c 0: X  conf= 20 v=0.50
    c 1: X  conf= 20 v=0.50
    c 2: X  conf= 20 v=0.50
    c 3: X  conf= 20 v=0.20
    c 4: X  conf=100 v=0.50
    c 5: X  conf=100 v=0.50
    c 6: X  conf= 20 v=0.20
    c 7: X  conf=100 v=0.50
    c 8: X  conf= 20 v=0.20
    c 9: X  conf= 20 v=0.20
    c10: X  conf= 20 v=0.20
    c11: X  conf= 20 v=0.20
  Enriched 12 candidates in 40.9s
[268/500] reason_268

  Enriching: reason_268 (hard, combinatorics)
    c 0: OK conf= 80 v=0.50
    c 1: X  conf= 80 v=0.50
    c 2: X  conf= 80 v=0.50
    c 3: X  conf= 80 v=0.50
    c 4: OK conf= 80 v=0.50
    c 5: OK conf= 80 v=0.50
    c 6: X  conf= 80 v=0.50
    c 7: X  conf= 80 v=0.50
    c 8: X  conf= 80 v=0.50
    c 9: X  conf=  0 v=0.20
    c10: X  conf= 10 v=0.50
    c11: X  conf= 10 v=0.50
  Enriched 12 candidates in 40.7s
[269/500] reason_269

  Enriching: reason_269 (medium, combinatorics)
    c 0: OK conf=100 v=0.50
    c 1: OK conf=100 v=0.50
    c 2: OK conf=100 v=0.50
    c 3: OK conf=100 v=0.50
    c 4: OK conf=100 v=0.50
    c 5: OK conf=100 v=0.50
    c 6: OK conf=100 v=0.50
    c 7: OK conf=100 v=0.50
    c 8: X  conf= 20 v=0.20
    c 9: OK conf=100 v=0.50
    c10: X  conf= 20 v=0.20
    c11: X  conf= 20 v=0.20
  Enriched 12 candidates in 41.5s
[270/500] reason_270

  Enriching: reason_270 (medium, combinatorics)
    c 0: X  conf= 20 v=0.50
    c 1: X  conf= 20 v=0.50
    c 2: OK conf=  2 v=0.50
    c 3: X  conf= 20 v=0.50
    c 4: X  conf=  2 v=0.50
    c 5: X  conf= 20 v=0.50
    c 6: X  conf=  2 v=0.50
    c 7: X  conf=  2 v=0.50
    c 8: X  conf= 20 v=0.50
    c 9: X  conf= 20 v=0.20
    c10: X  conf=  2 v=0.50
    c11: X  conf=  2 v=0.50
  Enriched 12 candidates in 40.7s
[271/500] reason_271

  Enriching: reason_271 (easy, combinatorics)
    c 0: X  conf= 25 v=0.50
    c 1: OK conf=100 v=0.50
    c 2: X  conf= 25 v=0.50
    c 3: OK conf=100 v=0.50
    c 4: X  conf= 50 v=0.50
    c 5: OK conf=100 v=0.50
    c 6: OK conf=100 v=0.50
    c 7: X  conf= 25 v=0.50
    c 8: OK conf=100 v=0.50
    c 9: X  conf= 25 v=0.20
    c10: X  conf= 25 v=0.50
    c11: X  conf= 25 v=0.50
  Enriched 12 candidates in 40.4s
[272/500] reason_272

  Enriching: reason_272 (hard, combinatorics)
    c 0: X  conf= 40 v=0.50
    c 1: X  conf= 40 v=0.50
    c 2: X  conf= 40 v=0.50
    c 3: X  conf= 40 v=0.50
    c 4: X  conf= 40 v=0.50
    c 5: X  conf= 40 v=0.50
    c 6: X  conf= 40 v=0.50
    c 7: X  conf= 40 v=0.50
    c 8: X  conf= 40 v=0.50
    c 9: X  conf= 40 v=0.50
    c10: X  conf= 40 v=0.50
    c11: X  conf= 40 v=0.50
  Enriched 12 candidates in 40.8s
[273/500] reason_273

  Enriching: reason_273 (hard, combinatorics)
    c 0: X  conf= 20 v=0.20
    c 1: X  conf= 20 v=0.20
    c 2: X  conf= 10 v=0.20
    c 3: X  conf= 10 v=0.20
    c 4: X  conf= 20 v=0.50
    c 5: OK conf=100 v=0.50
    c 6: OK conf=100 v=0.50
    c 7: X  conf= 20 v=0.50
    c 8: X  conf= 20 v=0.20
    c 9: X  conf= 20 v=0.20
    c10: OK conf=100 v=0.50
    c11: X  conf=100 v=0.50
  Enriched 12 candidates in 40.7s
[274/500] reason_274

  Enriching: reason_274 (hard, combinatorics)
    c 0: OK conf=100 v=0.50
    c 1: OK conf=100 v=0.50
    c 2: OK conf=100 v=0.50
    c 3: OK conf=100 v=0.50
    c 4: X  conf=100 v=0.50
    c 5: X  conf= 40 v=0.20
    c 6: X  conf=100 v=0.50
    c 7: X  conf=100 v=0.50
    c 8: X  conf=100 v=0.50
    c 9: X  conf= 50 v=0.50
    c10: X  conf= 40 v=0.20
    c11: OK conf=100 v=0.50
  Enriched 12 candidates in 40.7s
[275/500] reason_275

  Enriching: reason_275 (hard, combinatorics)
    c 0: X  conf=  0 v=0.50
    c 1: X  conf=  0 v=0.50
    c 2: X  conf=  0 v=0.50
    c 3: X  conf=  0 v=0.50
    c 4: X  conf= 80 v=0.50
    c 5: X  conf=  0 v=0.50
    c 6: X  conf=  0 v=0.50
    c 7: OK conf= 80 v=0.50
    c 8: X  conf= 80 v=0.50
    c 9: X  conf= 80 v=0.50
    c10: OK conf= 80 v=0.50
    c11: X  conf= 80 v=0.50
  Enriched 12 candidates in 40.1s
[276/500] reason_276

  Enriching: reason_276 (easy, sequence)
    c 0: OK conf= 80 v=0.50
    c 1: OK conf= 80 v=0.50
    c 2: OK conf= 80 v=0.50
    c 3: OK conf= 80 v=0.50
    c 4: OK conf= 80 v=0.50
    c 5: X  conf=  0 v=0.50
    c 6: OK conf= 80 v=0.50
    c 7: OK conf= 80 v=0.50
    c 8: OK conf= 80 v=0.50
    c 9: OK conf= 80 v=0.50
    c10: OK conf= 80 v=0.50
    c11: OK conf= 80 v=0.50
  Enriched 12 candidates in 38.4s
[277/500] reason_277

  Enriching: reason_277 (easy, sequence)
    c 0: OK conf= 80 v=0.50
    c 1: OK conf= 80 v=0.50
    c 2: OK conf= 80 v=0.50
    c 3: OK conf= 80 v=0.50
    c 4: OK conf= 80 v=0.50
    c 5: OK conf= 80 v=0.50
    c 6: OK conf= 80 v=0.50
    c 7: OK conf= 80 v=0.50
    c 8: OK conf= 80 v=0.50
    c 9: OK conf= 80 v=0.50
    c10: OK conf= 80 v=0.50
    c11: OK conf= 80 v=0.50
  Enriched 12 candidates in 38.3s
[278/500] reason_278

  Enriching: reason_278 (hard, sequence)
    c 0: X  conf=  0 v=0.50
    c 1: X  conf=  0 v=0.50
    c 2: X  conf= 80 v=0.50
    c 3: X  conf= 80 v=0.50
    c 4: X  conf=  0 v=0.50
    c 5: X  conf=  0 v=0.50
    c 6: X  conf= 80 v=0.50
    c 7: X  conf=  0 v=0.50
    c 8: X  conf=  0 v=0.50
    c 9: X  conf= 80 v=0.50
    c10: X  conf=  0 v=0.50
    c11: OK conf= 80 v=0.50
  Enriched 12 candidates in 38.2s
[279/500] reason_279

  Enriching: reason_279 (medium, sequence)
    c 0: OK conf= 80 v=0.50
    c 1: OK conf= 80 v=0.50
    c 2: OK conf= 80 v=0.50
    c 3: OK conf= 80 v=0.50
    c 4: OK conf= 80 v=0.50
    c 5: X  conf=  0 v=0.50
    c 6: X  conf=  0 v=0.50
    c 7: OK conf= 80 v=0.50
    c 8: OK conf= 80 v=0.50
    c 9: X  conf=  0 v=0.50
    c10: OK conf= 80 v=0.50
    c11: OK conf= 80 v=0.50
  Enriched 12 candidates in 38.2s
[280/500] reason_280

  Enriching: reason_280 (easy, sequence)
    c 0: X  conf=  0 v=0.50
    c 1: X  conf=  0 v=0.50
    c 2: OK conf= 95 v=0.50
    c 3: X  conf= 80 v=0.50
    c 4: OK conf= 95 v=0.50
    c 5: X  conf=  0 v=0.50
    c 6: OK conf= 95 v=0.50
    c 7: OK conf= 95 v=0.50
    c 8: OK conf= 95 v=0.50
    c 9: X  conf=  0 v=0.50
    c10: X  conf= 20 v=0.50
    c11: OK conf= 95 v=0.50
  Enriched 12 candidates in 38.3s
[281/500] reason_281

  Enriching: reason_281 (easy, sequence)
    c 0: OK conf=100 v=0.50
    c 1: X  conf=  0 v=0.50
    c 2: OK conf=100 v=0.50
    c 3: OK conf=100 v=0.50
    c 4: OK conf=100 v=0.50
    c 5: OK conf=100 v=0.50
    c 6: OK conf=100 v=0.50
    c 7: OK conf=100 v=0.50
    c 8: OK conf=100 v=0.50
    c 9: OK conf=100 v=0.50
    c10: OK conf=100 v=0.50
    c11: OK conf=100 v=0.50
  Enriched 12 candidates in 38.7s
[282/500] reason_282

  Enriching: reason_282 (medium, sequence)
    c 0: OK conf= 80 v=0.50
    c 1: OK conf= 80 v=0.50
    c 2: OK conf= 80 v=0.50
    c 3: OK conf= 80 v=0.50
    c 4: X  conf=  0 v=0.50
    c 5: OK conf= 80 v=0.50
    c 6: OK conf= 80 v=0.50
    c 7: OK conf= 80 v=0.50
    c 8: OK conf= 80 v=0.50
    c 9: OK conf= 80 v=0.50
    c10: OK conf= 80 v=0.50
    c11: X  conf=  0 v=0.50
  Enriched 12 candidates in 38.4s
[283/500] reason_283

  Enriching: reason_283 (hard, sequence)
    c 0: X  conf=  0 v=0.50
    c 1: X  conf=  0 v=0.50
    c 2: X  conf=  0 v=0.50
    c 3: X  conf= 95 v=0.50
    c 4: X  conf= 80 v=0.50
    c 5: X  conf= 95 v=0.50
    c 6: X  conf=  0 v=0.50
    c 7: X  conf=  0 v=0.50
    c 8: X  conf=  0 v=0.50
    c 9: OK conf= 80 v=0.50
    c10: X  conf=  0 v=0.50
    c11: X  conf=  0 v=0.50
  Enriched 12 candidates in 38.4s
[284/500] reason_284

  Enriching: reason_284 (easy, sequence)
    c 0: OK conf= 95 v=0.50
    c 1: OK conf= 95 v=0.50
    c 2: OK conf= 95 v=0.50
    c 3: OK conf= 95 v=0.50
    c 4: OK conf= 95 v=0.50
    c 5: OK conf= 95 v=0.50
    c 6: OK conf= 95 v=0.50
    c 7: OK conf= 95 v=0.50
    c 8: OK conf= 95 v=0.50
    c 9: OK conf= 95 v=0.50
    c10: OK conf= 95 v=0.50
    c11: X  conf=  0 v=0.50
  Enriched 12 candidates in 39.2s
[285/500] reason_285

  Enriching: reason_285 (hard, sequence)
    c 0: OK conf=  0 v=0.50
    c 1: X  conf=  0 v=0.50
    c 2: OK conf=  0 v=0.50
    c 3: X  conf=  0 v=0.50
    c 4: OK conf=  0 v=0.50
    c 5: X  conf=  0 v=0.50
    c 6: X  conf=  0 v=0.50
    c 7: X  conf=  0 v=0.50
    c 8: X  conf=  0 v=0.50
    c 9: X  conf=  0 v=0.50
    c10: X  conf=  0 v=0.50
    c11: X  conf=  0 v=0.50
  Enriched 12 candidates in 38.4s
[286/500] reason_286

  Enriching: reason_286 (medium, sequence)
    c 0: OK conf= 80 v=0.50
    c 1: OK conf= 80 v=0.50
    c 2: OK conf= 80 v=0.50
    c 3: X  conf=  0 v=0.50
    c 4: OK conf= 80 v=0.50
    c 5: OK conf= 80 v=0.50
    c 6: OK conf= 80 v=0.50
    c 7: OK conf= 80 v=0.50
    c 8: OK conf= 80 v=0.50
    c 9: OK conf= 80 v=0.50
    c10: OK conf= 80 v=0.50
    c11: OK conf= 80 v=0.50
  Enriched 12 candidates in 38.3s
[287/500] reason_287

  Enriching: reason_287 (hard, sequence)
    c 0: OK conf= 80 v=0.50
    c 1: X  conf=  0 v=0.50
    c 2: OK conf= 80 v=0.50
    c 3: X  conf=  0 v=0.50
    c 4: X  conf=  0 v=0.50
    c 5: OK conf= 80 v=0.50
    c 6: OK conf= 80 v=0.50
    c 7: OK conf= 80 v=0.50
    c 8: X  conf=  0 v=0.50
    c 9: OK conf= 80 v=0.50
    c10: X  conf=  0 v=0.50
    c11: OK conf= 80 v=0.50
  Enriched 12 candidates in 38.2s
[288/500] reason_288

  Enriching: reason_288 (hard, sequence)
    c 0: X  conf=  0 v=0.50
    c 1: X  conf=  0 v=0.50
    c 2: X  conf=  0 v=0.50
    c 3: X  conf=  0 v=0.50
    c 4: X  conf=  0 v=0.50
    c 5: X  conf=  0 v=0.50
    c 6: X  conf=  0 v=0.50
    c 7: X  conf=  0 v=0.50
    c 8: X  conf=  0 v=0.50
    c 9: X  conf=  0 v=0.50
    c10: X  conf=  0 v=0.50
    c11: X  conf=  0 v=0.50
  Enriched 12 candidates in 38.0s
[289/500] reason_289

  Enriching: reason_289 (medium, sequence)
    c 0: X  conf=  0 v=0.50
    c 1: X  conf=  0 v=0.50
    c 2: X  conf=  0 v=0.50
    c 3: X  conf=  0 v=0.50
    c 4: OK conf= 80 v=0.50
    c 5: X  conf=  0 v=0.50
    c 6: X  conf=  0 v=0.50
    c 7: OK conf= 80 v=0.50
    c 8: X  conf=  0 v=0.50
    c 9: X  conf=  0 v=0.50
    c10: X  conf=  0 v=0.50
    c11: X  conf=  0 v=0.50
  Enriched 12 candidates in 38.1s
[290/500] reason_290

  Enriching: reason_290 (easy, sequence)
    c 0: OK conf= 80 v=0.50
    c 1: OK conf= 80 v=0.50
    c 2: OK conf= 80 v=0.50
    c 3: OK conf= 80 v=0.50
    c 4: OK conf= 80 v=0.50
    c 5: OK conf= 80 v=0.50
    c 6: OK conf= 80 v=0.50
    c 7: OK conf= 80 v=0.50
    c 8: OK conf= 80 v=0.50
    c 9: OK conf= 80 v=0.50
    c10: OK conf= 80 v=0.50
    c11: OK conf= 80 v=0.50
  Enriched 12 candidates in 40.7s
[291/500] reason_291

  Enriching: reason_291 (medium, math)
    c 0: X  conf=  0 v=0.50
    c 1: X  conf=  0 v=0.50
    c 2: X  conf=  0 v=0.50
    c 3: X  conf=  0 v=0.50
    c 4: X  conf=  0 v=0.50
    c 5: X  conf=  0 v=0.50
    c 6: X  conf=  0 v=0.50
    c 7: X  conf=  0 v=0.50
    c 8: X  conf=  0 v=0.50
    c 9: X  conf=  0 v=0.50
    c10: X  conf=  0 v=0.50
    c11: X  conf=  0 v=0.50
  Enriched 12 candidates in 38.0s
[292/500] reason_292

  Enriching: reason_292 (easy, math)
    c 0: X  conf=  0 v=0.50
    c 1: X  conf=  0 v=0.50
    c 2: X  conf=  0 v=0.50
    c 3: X  conf=  0 v=0.50
    c 4: X  conf=  0 v=0.50
    c 5: X  conf=  0 v=0.50
    c 6: X  conf=  0 v=0.50
    c 7: X  conf=  0 v=0.50
    c 8: X  conf=  0 v=0.50
    c 9: X  conf=  0 v=0.50
    c10: X  conf=  0 v=0.50
    c11: X  conf=  0 v=0.50
  Enriched 12 candidates in 40.8s
[293/500] reason_293

  Enriching: reason_293 (medium, math)
    c 0: X  conf=  0 v=0.50
    c 1: X  conf=  0 v=0.50
    c 2: X  conf=  0 v=0.50
    c 3: X  conf=  0 v=0.50
    c 4: X  conf=  0 v=0.50
    c 5: X  conf=  0 v=0.50
    c 6: X  conf=  0 v=0.50
    c 7: X  conf=  0 v=0.50
    c 8: X  conf=  0 v=0.50
    c 9: X  conf=  0 v=0.50
    c10: X  conf=  0 v=0.50
    c11: X  conf=  0 v=0.50
  Enriched 12 candidates in 40.8s
[294/500] reason_294

  Enriching: reason_294 (medium, math)
    c 0: X  conf=  1 v=0.50
    c 1: X  conf=  1 v=0.20
    c 2: X  conf=  1 v=0.50
    c 3: X  conf=  1 v=0.50
    c 4: X  conf=  1 v=0.50
    c 5: X  conf=  1 v=0.50
    c 6: X  conf=  1 v=0.50
    c 7: X  conf=  1 v=0.50
    c 8: X  conf=  1 v=0.50
    c 9: X  conf=  1 v=0.50
    c10: X  conf=  1 v=0.50
    c11: X  conf=  1 v=0.50
  Enriched 12 candidates in 39.5s
[295/500] reason_295

  Enriching: reason_295 (medium, math)
    c 0: OK conf= 20 v=0.50
    c 1: X  conf= 20 v=0.50
    c 2: OK conf= 20 v=0.50
    c 3: OK conf= 20 v=0.50
    c 4: X  conf= 20 v=0.50
    c 5: OK conf= 20 v=0.50
    c 6: X  conf= 20 v=0.50
    c 7: X  conf= 20 v=0.50
    c 8: X  conf= 20 v=0.50
    c 9: X  conf= 20 v=0.50
    c10: OK conf= 20 v=0.50
    c11: OK conf= 80 v=0.50
  Enriched 12 candidates in 40.8s
[296/500] reason_296

  Enriching: reason_296 (medium, math)
    c 0: X  conf=  0 v=0.50
    c 1: X  conf=  0 v=0.50
    c 2: X  conf=  0 v=0.50
    c 3: X  conf=  0 v=0.50
    c 4: X  conf=  0 v=0.50
    c 5: X  conf=  0 v=0.50
    c 6: X  conf=  0 v=0.50
    c 7: X  conf=  0 v=0.50
    c 8: X  conf=  0 v=0.50
    c 9: X  conf=  0 v=0.50
    c10: X  conf=  0 v=0.50
    c11: X  conf=  0 v=0.50
  Enriched 12 candidates in 40.8s
[297/500] reason_297

  Enriching: reason_297 (medium, math)
    c 0: X  conf=  0 v=0.50
    c 1: X  conf=  0 v=0.50
    c 2: X  conf=  0 v=0.50
    c 3: X  conf=  3 v=0.50
    c 4: X  conf=  0 v=0.50
    c 5: X  conf=  0 v=0.50
    c 6: X  conf=  0 v=0.50
    c 7: X  conf=  0 v=0.50
    c 8: X  conf=  0 v=0.50
    c 9: X  conf=  0 v=0.50
    c10: X  conf=  0 v=0.50
    c11: X  conf=  0 v=0.50
  Enriched 12 candidates in 38.2s
[298/500] reason_298

  Enriching: reason_298 (hard, math)
    c 0: X  conf=  0 v=0.50
    c 1: X  conf=  0 v=0.50
    c 2: X  conf=  0 v=0.50
    c 3: X  conf=  0 v=0.50
    c 4: X  conf=  0 v=0.50
    c 5: X  conf=  0 v=0.50
    c 6: X  conf=  0 v=0.50
    c 7: X  conf=  0 v=0.50
    c 8: X  conf=  0 v=0.50
    c 9: X  conf=  0 v=0.50
    c10: X  conf=  0 v=0.50
    c11: X  conf=  0 v=0.50
  Enriched 12 candidates in 38.1s
[299/500] reason_299

  Enriching: reason_299 (medium, math)
    c 0: X  conf= 20 v=0.50
    c 1: X  conf= 20 v=0.50
    c 2: X  conf= 20 v=0.50
    c 3: X  conf= 20 v=0.50
    c 4: X  conf= 20 v=0.50
    c 5: X  conf= 20 v=0.50
    c 6: X  conf= 20 v=0.50
    c 7: X  conf= 20 v=1.00
    c 8: X  conf= 20 v=0.50
    c 9: X  conf= 20 v=0.50
    c10: X  conf= 20 v=1.00
    c11: X  conf= 20 v=0.50
  Enriched 12 candidates in 41.0s
[300/500] reason_300

  Enriching: reason_300 (medium, math)
    c 0: X  conf=  0 v=0.50
    c 1: X  conf=  0 v=0.50
    c 2: X  conf=  0 v=0.50
    c 3: X  conf=  0 v=0.50
    c 4: X  conf=  0 v=0.50
    c 5: X  conf=  0 v=0.50
    c 6: X  conf=  0 v=0.50
    c 7: X  conf=  0 v=0.50
    c 8: X  conf=  0 v=0.50
    c 9: X  conf=  0 v=0.50
    c10: X  conf=  0 v=0.50
    c11: X  conf=  0 v=0.50
  Enriched 12 candidates in 40.6s
[301/500] reason_301

  Enriching: reason_301 (easy, math)
    c 0: OK conf= 35 v=0.50
    c 1: OK conf= 35 v=0.50
    c 2: OK conf= 35 v=0.50
    c 3: OK conf= 35 v=0.50
    c 4: OK conf= 35 v=0.50
    c 5: OK conf= 35 v=0.50
    c 6: OK conf= 35 v=0.50
    c 7: OK conf= 35 v=0.50
    c 8: OK conf= 35 v=0.50
    c 9: OK conf= 35 v=0.50
    c10: OK conf= 35 v=0.50
    c11: OK conf= 35 v=0.50
  Enriched 12 candidates in 39.7s
[302/500] reason_302

  Enriching: reason_302 (medium, math)
    c 0: OK conf= 50 v=0.50
    c 1: OK conf= 50 v=0.50
    c 2: OK conf= 50 v=0.50
    c 3: OK conf= 50 v=0.50
    c 4: X  conf= 50 v=0.20
    c 5: OK conf= 50 v=0.50
    c 6: OK conf= 50 v=0.50
    c 7: OK conf= 50 v=0.50
    c 8: OK conf= 50 v=0.50
    c 9: OK conf= 50 v=0.50
    c10: OK conf= 50 v=0.50
    c11: OK conf= 50 v=0.50
  Enriched 12 candidates in 40.8s
[303/500] reason_303

  Enriching: reason_303 (medium, math)
    c 0: OK conf= 50 v=0.50
    c 1: OK conf= 50 v=0.50
    c 2: OK conf= 50 v=0.50
    c 3: OK conf= 50 v=0.50
    c 4: OK conf= 50 v=0.50
    c 5: OK conf= 50 v=0.50
    c 6: OK conf= 50 v=0.50
    c 7: OK conf= 50 v=0.50
    c 8: OK conf= 50 v=0.50
    c 9: OK conf= 50 v=0.50
    c10: OK conf= 50 v=0.50
    c11: OK conf= 50 v=0.50
  Enriched 12 candidates in 40.7s
[304/500] reason_304

  Enriching: reason_304 (medium, math)
    c 0: OK conf= 95 v=0.50
    c 1: OK conf= 95 v=0.50
    c 2: OK conf= 95 v=0.50
    c 3: OK conf= 95 v=0.50
    c 4: X  conf= 20 v=0.50
    c 5: OK conf= 95 v=0.50
    c 6: X  conf= 50 v=0.50
    c 7: OK conf= 95 v=0.50
    c 8: OK conf= 95 v=0.50
    c 9: OK conf= 95 v=0.50
    c10: X  conf= 95 v=0.50
    c11: X  conf= 95 v=0.50
  Enriched 12 candidates in 41.7s
[305/500] reason_305

  Enriching: reason_305 (medium, math)
    c 0: OK conf=100 v=0.50
    c 1: OK conf=100 v=0.50
    c 2: OK conf=100 v=0.50
    c 3: OK conf=100 v=0.50
    c 4: OK conf=100 v=0.50
    c 5: OK conf=100 v=0.50
    c 6: OK conf=100 v=0.50
    c 7: OK conf=100 v=0.50
    c 8: X  conf= 10 v=0.20
    c 9: OK conf=100 v=0.50
    c10: OK conf=100 v=0.50
    c11: OK conf=100 v=0.50
  Enriched 12 candidates in 41.7s
[306/500] reason_306

  Enriching: reason_306 (hard, math)
    c 0: X  conf= 50 v=0.20
    c 1: X  conf= 50 v=0.50
    c 2: X  conf= 50 v=0.20
    c 3: X  conf= 50 v=0.20
    c 4: OK conf= 80 v=0.50
    c 5: OK conf= 80 v=0.50
    c 6: X  conf= 50 v=0.20
    c 7: X  conf= 50 v=0.20
    c 8: OK conf= 80 v=0.50
    c 9: X  conf= 50 v=0.20
    c10: OK conf= 80 v=0.50
    c11: X  conf= 50 v=0.20
  Enriched 12 candidates in 40.8s
[307/500] reason_307

  Enriching: reason_307 (medium, math)
    c 0: X  conf= 12 v=0.50
    c 1: X  conf= 12 v=0.50
    c 2: OK conf=100 v=0.50
    c 3: X  conf= 12 v=0.50
    c 4: X  conf= 12 v=0.50
    c 5: X  conf= 12 v=0.50
    c 6: OK conf=100 v=0.50
    c 7: OK conf=100 v=0.50
    c 8: OK conf=100 v=0.50
    c 9: X  conf= 12 v=0.50
    c10: X  conf= 12 v=0.50
    c11: X  conf= 12 v=0.50
  Enriched 12 candidates in 40.6s
[308/500] reason_308

  Enriching: reason_308 (easy, math)
    c 0: OK conf= 75 v=0.50
    c 1: OK conf= 75 v=0.50
    c 2: OK conf= 75 v=0.50
    c 3: OK conf= 75 v=0.50
    c 4: OK conf= 75 v=0.50
    c 5: OK conf= 75 v=0.50
    c 6: OK conf= 75 v=0.50
    c 7: OK conf= 75 v=0.50
    c 8: OK conf= 75 v=0.50
    c 9: OK conf= 75 v=0.50
    c10: OK conf= 75 v=0.50
    c11: OK conf= 75 v=0.50
  Enriched 12 candidates in 39.5s
[309/500] reason_309

  Enriching: reason_309 (medium, math)
    c 0: X  conf= 25 v=0.50
    c 1: X  conf= 78 v=0.50
    c 2: X  conf= 25 v=0.50
    c 3: X  conf= 25 v=0.50
    c 4: X  conf= 20 v=0.50
    c 5: X  conf= 75 v=0.50
    c 6: X  conf= 25 v=0.50
    c 7: X  conf= 20 v=0.50
    c 8: X  conf= 25 v=0.50
    c 9: X  conf= 78 v=0.50
    c10: X  conf= 25 v=0.50
    c11: X  conf= 25 v=0.50
  Enriched 12 candidates in 41.2s
[310/500] reason_310

  Enriching: reason_310 (easy, math)
    c 0: OK conf=100 v=0.50
    c 1: OK conf=100 v=0.50
    c 2: OK conf=100 v=0.50
    c 3: OK conf=100 v=0.50
    c 4: OK conf=100 v=0.50
    c 5: OK conf=100 v=0.50
    c 6: OK conf=100 v=0.50
    c 7: OK conf=100 v=0.50
    c 8: OK conf=100 v=0.50
    c 9: OK conf=100 v=0.50
    c10: OK conf=100 v=0.50
    c11: OK conf=100 v=0.50
  Enriched 12 candidates in 40.8s
[311/500] reason_311

  Enriching: reason_311 (medium, math)
    c 0: OK conf=100 v=1.00
    c 1: OK conf=100 v=1.00
    c 2: OK conf=100 v=1.00
    c 3: OK conf=100 v=1.00
    c 4: OK conf=100 v=1.00
    c 5: OK conf=100 v=1.00
    c 6: OK conf=100 v=1.00
    c 7: OK conf=100 v=1.00
    c 8: OK conf=100 v=1.00
    c 9: OK conf=100 v=1.00
    c10: OK conf=100 v=1.00
    c11: OK conf=100 v=1.00
  Enriched 12 candidates in 33.7s
[312/500] reason_312

  Enriching: reason_312 (medium, math)
    c 0: OK conf=100 v=0.70
    c 1: OK conf=100 v=0.70
    c 2: OK conf=100 v=0.70
    c 3: OK conf=100 v=0.70
    c 4: OK conf=100 v=0.70
    c 5: OK conf=100 v=0.70
    c 6: OK conf=100 v=0.70
    c 7: OK conf=100 v=0.70
    c 8: OK conf=100 v=0.70
    c 9: OK conf=100 v=0.70
    c10: OK conf=100 v=0.70
    c11: OK conf=100 v=0.70
  Enriched 12 candidates in 35.3s
[313/500] reason_313

  Enriching: reason_313 (medium, math)
    c 0: OK conf=100 v=0.50
    c 1: OK conf=100 v=0.50
    c 2: OK conf=100 v=0.50
    c 3: OK conf=100 v=0.50
    c 4: OK conf=100 v=0.50
    c 5: OK conf=100 v=0.50
    c 6: OK conf=100 v=0.50
    c 7: OK conf=100 v=0.50
    c 8: OK conf=100 v=0.50
    c 9: OK conf=100 v=0.50
    c10: OK conf=100 v=0.50
    c11: OK conf=100 v=0.50
  Enriched 12 candidates in 38.8s
[314/500] reason_314

  Enriching: reason_314 (easy, math)
    c 0: OK conf=  0 v=0.50
    c 1: OK conf=  0 v=0.50
    c 2: OK conf=  0 v=0.50
    c 3: OK conf=  0 v=0.50
    c 4: OK conf=  0 v=0.50
    c 5: OK conf=  0 v=0.50
    c 6: OK conf=  0 v=0.50
    c 7: OK conf=  0 v=0.50
    c 8: OK conf=  0 v=0.50
    c 9: OK conf=  0 v=0.50
    c10: OK conf=  0 v=0.50
    c11: OK conf=  0 v=0.50
  Enriched 12 candidates in 41.0s
[315/500] reason_315

  Enriching: reason_315 (hard, math)
    c 0: X  conf= 85 v=0.25
    c 1: X  conf= 85 v=0.25
    c 2: X  conf= 85 v=0.25
    c 3: X  conf= 85 v=0.25
    c 4: X  conf= 85 v=0.25
    c 5: X  conf= 85 v=0.25
    c 6: X  conf= 85 v=0.25
    c 7: X  conf= 85 v=0.25
    c 8: X  conf= 85 v=0.25
    c 9: X  conf= 85 v=0.25
    c10: X  conf= 85 v=0.25
    c11: X  conf= 85 v=0.25
  Enriched 12 candidates in 41.9s
[316/500] reason_316

  Enriching: reason_316 (medium, math)
    c 0: X  conf= 95 v=0.60
    c 1: X  conf= 95 v=0.60
    c 2: X  conf= 95 v=0.60
    c 3: X  conf= 95 v=0.60
    c 4: X  conf= 95 v=0.60
    c 5: X  conf= 95 v=0.60
    c 6: X  conf= 95 v=0.60
    c 7: X  conf= 95 v=0.60
    c 8: X  conf= 95 v=0.60
    c 9: X  conf= 95 v=0.60
    c10: X  conf= 95 v=0.60
    c11: X  conf= 95 v=0.60
  Enriched 12 candidates in 41.8s
[317/500] reason_317

  Enriching: reason_317 (hard, math)
    c 0: X  conf= 80 v=0.50
    c 1: OK conf= 80 v=0.50
    c 2: X  conf= 80 v=0.50
    c 3: X  conf= 80 v=0.50
    c 4: X  conf= 80 v=0.50
    c 5: OK conf= 80 v=0.50
    c 6: X  conf= 80 v=0.50
    c 7: X  conf= 80 v=0.50
    c 8: OK conf= 80 v=0.50
    c 9: X  conf= 80 v=0.50
    c10: X  conf= 80 v=0.50
    c11: X  conf= 80 v=0.50
  Enriched 12 candidates in 40.8s
[318/500] reason_318

  Enriching: reason_318 (medium, math)
    c 0: OK conf= 95 v=0.50
    c 1: OK conf= 95 v=0.50
    c 2: OK conf= 95 v=0.50
    c 3: OK conf= 95 v=0.50
    c 4: X  conf= 40 v=0.50
    c 5: X  conf= 80 v=0.50
    c 6: OK conf= 95 v=0.50
    c 7: OK conf= 95 v=0.50
    c 8: OK conf= 95 v=0.50
    c 9: OK conf= 95 v=0.50
    c10: OK conf= 95 v=0.50
    c11: OK conf= 95 v=0.50
  Enriched 12 candidates in 40.7s
[319/500] reason_319

  Enriching: reason_319 (hard, math)
    c 0: X  conf= 20 v=0.05
    c 1: X  conf= 80 v=0.05
    c 2: X  conf= 20 v=0.05
    c 3: X  conf= 80 v=0.05
    c 4: X  conf= 80 v=0.05
    c 5: X  conf= 95 v=0.05
    c 6: X  conf=  0 v=0.05
    c 7: X  conf= 20 v=0.05
    c 8: X  conf=  0 v=0.05
    c 9: X  conf= 80 v=0.05
    c10: X  conf= 80 v=0.05
    c11: X  conf= 80 v=0.05
  Enriched 12 candidates in 40.7s
[320/500] reason_320

  Enriching: reason_320 (hard, math)
    c 0: X  conf= 40 v=0.30
    c 1: X  conf= 40 v=0.30
    c 2: X  conf= 40 v=0.30
    c 3: X  conf= 40 v=0.30
    c 4: X  conf= 40 v=0.30
    c 5: X  conf= 40 v=0.30
    c 6: X  conf= 40 v=0.30
    c 7: X  conf= 30 v=0.30
    c 8: X  conf= 30 v=0.30
    c 9: X  conf=  0 v=0.30
    c10: X  conf= 40 v=0.30
    c11: X  conf= 40 v=0.30
  Enriched 12 candidates in 41.1s
[321/500] reason_321

  Enriching: reason_321 (medium, math)
    c 0: X  conf= 40 v=0.20
    c 1: X  conf= 40 v=0.20
    c 2: X  conf= 40 v=0.20
    c 3: X  conf= 40 v=0.20
    c 4: OK conf= 48 v=0.50
    c 5: X  conf= 40 v=0.20
    c 6: X  conf= 40 v=0.20
    c 7: X  conf= 40 v=0.20
    c 8: OK conf= 48 v=0.50
    c 9: X  conf= 40 v=0.20
    c10: X  conf= 40 v=0.20
    c11: X  conf= 40 v=0.20
  Enriched 12 candidates in 40.9s
[322/500] reason_322

  Enriching: reason_322 (easy, math)
    c 0: OK conf= 50 v=0.50
    c 1: OK conf= 50 v=0.50
    c 2: OK conf= 50 v=0.50
    c 3: OK conf= 50 v=0.50
    c 4: OK conf= 50 v=0.50
    c 5: OK conf= 50 v=0.50
    c 6: OK conf= 50 v=0.50
    c 7: OK conf= 50 v=0.50
    c 8: OK conf= 50 v=0.50
    c 9: OK conf= 50 v=0.50
    c10: OK conf= 50 v=0.50
    c11: OK conf= 50 v=0.50
  Enriched 12 candidates in 40.8s
[323/500] reason_323

  Enriching: reason_323 (easy, logic)
    c 0: OK conf= 47 v=1.00
    c 1: OK conf= 47 v=1.00
    c 2: OK conf= 47 v=1.00
    c 3: OK conf= 47 v=1.00
    c 4: OK conf= 47 v=1.00
    c 5: OK conf= 47 v=1.00
    c 6: OK conf= 47 v=1.00
    c 7: OK conf= 47 v=1.00
    c 8: OK conf= 47 v=1.00
    c 9: OK conf= 47 v=1.00
    c10: OK conf= 47 v=1.00
    c11: OK conf= 47 v=1.00
  Enriched 12 candidates in 37.8s
[324/500] reason_324

  Enriching: reason_324 (easy, math)
    c 0: OK conf= 50 v=0.70
    c 1: OK conf= 50 v=0.70
    c 2: OK conf= 50 v=0.70
    c 3: OK conf= 50 v=0.70
    c 4: OK conf= 50 v=0.70
    c 5: OK conf= 50 v=0.70
    c 6: OK conf= 50 v=0.70
    c 7: OK conf= 50 v=0.70
    c 8: OK conf= 50 v=0.70
    c 9: OK conf= 50 v=0.70
    c10: OK conf= 50 v=0.70
    c11: OK conf= 50 v=0.70
  Enriched 12 candidates in 39.4s
[325/500] reason_325

  Enriching: reason_325 (easy, logic)
    c 0: OK conf= 90 v=1.00
    c 1: OK conf= 90 v=1.00
    c 2: OK conf= 90 v=1.00
    c 3: OK conf= 90 v=1.00
    c 4: OK conf= 90 v=1.00
    c 5: OK conf= 90 v=1.00
    c 6: OK conf= 90 v=1.00
    c 7: OK conf= 90 v=1.00
    c 8: OK conf= 90 v=1.00
    c 9: OK conf= 90 v=1.00
    c10: OK conf= 90 v=1.00
    c11: OK conf= 90 v=1.00
  Enriched 12 candidates in 40.8s
[326/500] reason_326

  Enriching: reason_326 (medium, math)
    c 0: OK conf=100 v=0.50
    c 1: OK conf=100 v=0.50
    c 2: OK conf=100 v=0.50
    c 3: OK conf=100 v=0.50
    c 4: OK conf=100 v=0.50
    c 5: OK conf=100 v=0.50
    c 6: OK conf=100 v=0.50
    c 7: X  conf= 40 v=0.50
    c 8: OK conf=100 v=0.50
    c 9: OK conf=100 v=0.50
    c10: OK conf=100 v=0.50
    c11: OK conf=100 v=0.50
  Enriched 12 candidates in 39.0s
[327/500] reason_327

  Enriching: reason_327 (medium, math)
    c 0: OK conf=100 v=0.50
    c 1: OK conf=100 v=0.50
    c 2: OK conf=100 v=0.50
    c 3: OK conf=100 v=0.50
    c 4: OK conf=100 v=0.50
    c 5: OK conf=100 v=0.50
    c 6: OK conf=100 v=0.50
    c 7: OK conf=100 v=0.50
    c 8: OK conf=100 v=0.50
    c 9: OK conf=100 v=0.50
    c10: OK conf=100 v=0.50
    c11: OK conf=100 v=0.50
  Enriched 12 candidates in 40.8s
[328/500] reason_328

  Enriching: reason_328 (easy, math)
    c 0: OK conf=100 v=0.70
    c 1: OK conf=100 v=0.70
    c 2: OK conf=100 v=0.70
    c 3: OK conf=100 v=0.70
    c 4: OK conf=100 v=0.70
    c 5: OK conf=100 v=0.70
    c 6: OK conf=100 v=0.70
    c 7: OK conf=100 v=0.70
    c 8: OK conf=100 v=0.70
    c 9: OK conf=100 v=0.70
    c10: OK conf=100 v=0.70
    c11: OK conf=100 v=0.70
  Enriched 12 candidates in 38.8s
[329/500] reason_329

  Enriching: reason_329 (easy, math)
    c 0: OK conf= 20 v=1.00
    c 1: OK conf= 20 v=1.00
    c 2: OK conf= 20 v=1.00
    c 3: OK conf= 20 v=1.00
    c 4: OK conf= 20 v=1.00
    c 5: OK conf= 20 v=1.00
    c 6: OK conf= 20 v=1.00
    c 7: OK conf= 20 v=1.00
    c 8: OK conf= 20 v=1.00
    c 9: OK conf= 20 v=1.00
    c10: OK conf= 20 v=1.00
    c11: OK conf= 20 v=1.00
  Enriched 12 candidates in 39.5s
[330/500] reason_330

  Enriching: reason_330 (easy, math)
    c 0: X  conf=100 v=0.50
    c 1: X  conf=100 v=0.50
    c 2: X  conf=100 v=0.50
    c 3: X  conf=100 v=0.50
    c 4: X  conf=100 v=0.50
    c 5: X  conf=100 v=0.50
    c 6: X  conf=100 v=0.50
    c 7: X  conf=100 v=0.50
    c 8: X  conf=100 v=0.50
    c 9: X  conf=100 v=0.50
    c10: X  conf= 10 v=0.20
    c11: X  conf=100 v=0.50
  Enriched 12 candidates in 38.9s
[331/500] reason_331

  Enriching: reason_331 (hard, math)
    c 0: OK conf= 80 v=0.50
    c 1: OK conf= 80 v=0.50
    c 2: OK conf= 80 v=0.50
    c 3: OK conf= 80 v=0.50
    c 4: OK conf= 80 v=0.50
    c 5: OK conf= 80 v=0.50
    c 6: OK conf= 80 v=0.50
    c 7: OK conf= 80 v=0.50
    c 8: OK conf= 80 v=0.50
    c 9: OK conf= 80 v=0.50
    c10: OK conf= 80 v=0.50
    c11: OK conf= 80 v=0.50
  Enriched 12 candidates in 40.8s
[332/500] reason_332

  Enriching: reason_332 (hard, logic)
    c 0: X  conf= 80 v=0.20
    c 1: X  conf= 80 v=0.50
    c 2: X  conf= 80 v=0.50
    c 3: OK conf= 80 v=0.50
    c 4: X  conf= 80 v=0.50
    c 5: X  conf= 80 v=0.50
    c 6: X  conf= 80 v=0.20
    c 7: X  conf= 80 v=0.50
    c 8: X  conf= 80 v=0.20
    c 9: X  conf= 80 v=0.50
    c10: X  conf= 80 v=0.50
    c11: X  conf= 80 v=0.50
  Enriched 12 candidates in 40.8s
[333/500] reason_333

  Enriching: reason_333 (easy, logic)
    c 0: OK conf=  3 v=0.80
    c 1: OK conf=  3 v=0.80
    c 2: OK conf=  3 v=0.80
    c 3: OK conf=  3 v=0.80
    c 4: OK conf=  3 v=0.80
    c 5: OK conf=  3 v=0.80
    c 6: OK conf=  3 v=0.80
    c 7: OK conf=  3 v=0.80
    c 8: OK conf=  3 v=0.80
    c 9: OK conf=  3 v=0.80
    c10: OK conf=  3 v=0.80
    c11: OK conf=  3 v=0.80
  Enriched 12 candidates in 27.8s
[334/500] reason_334

  Enriching: reason_334 (easy, math)
    c 0: OK conf=100 v=0.50
    c 1: OK conf=100 v=0.50
    c 2: OK conf=100 v=0.50
    c 3: OK conf=100 v=0.50
    c 4: OK conf=100 v=0.50
    c 5: OK conf=100 v=0.50
    c 6: OK conf=100 v=0.50
    c 7: OK conf=100 v=0.50
    c 8: OK conf=100 v=0.50
    c 9: OK conf=100 v=0.50
    c10: OK conf=100 v=0.50
    c11: OK conf=100 v=0.50
  Enriched 12 candidates in 38.7s
[335/500] reason_335

  Enriching: reason_335 (medium, math)
    c 0: OK conf=100 v=0.50
    c 1: OK conf=100 v=0.50
    c 2: OK conf=100 v=0.50
    c 3: OK conf=100 v=0.50
    c 4: X  conf= 25 v=0.50
    c 5: X  conf= 25 v=0.50
    c 6: OK conf=100 v=0.50
    c 7: X  conf= 25 v=0.50
    c 8: OK conf=100 v=0.50
    c 9: OK conf=100 v=0.50
    c10: OK conf=100 v=0.50
    c11: OK conf=100 v=0.50
  Enriched 12 candidates in 39.4s
[336/500] reason_336

  Enriching: reason_336 (medium, math)
    c 0: OK conf= 20 v=0.50
    c 1: OK conf= 20 v=0.50
    c 2: OK conf= 20 v=0.50
    c 3: OK conf= 20 v=0.50
    c 4: OK conf= 20 v=0.50
    c 5: OK conf= 20 v=0.50
    c 6: OK conf= 20 v=0.50
    c 7: OK conf= 20 v=0.50
    c 8: OK conf= 20 v=0.50
    c 9: OK conf= 20 v=0.50
    c10: OK conf= 20 v=0.50
    c11: OK conf= 20 v=0.50
  Enriched 12 candidates in 40.8s
[337/500] reason_337

  Enriching: reason_337 (medium, math)
    c 0: X  conf=100 v=0.50
    c 1: X  conf=100 v=0.50
    c 2: OK conf=100 v=0.50
    c 3: X  conf= 95 v=0.50
    c 4: X  conf=100 v=0.50
    c 5: X  conf=100 v=0.50
    c 6: X  conf=100 v=0.50
    c 7: OK conf=100 v=0.50
    c 8: X  conf=100 v=0.50
    c 9: X  conf= 20 v=0.50
    c10: OK conf=100 v=0.50
    c11: OK conf=100 v=0.50
  Enriched 12 candidates in 39.0s
[338/500] reason_338

  Enriching: reason_338 (easy, math)
    c 0: OK conf=  0 v=0.50
    c 1: OK conf=  0 v=0.50
    c 2: OK conf=  0 v=0.50
    c 3: OK conf=  0 v=0.50
    c 4: OK conf=  0 v=0.50
    c 5: OK conf=  0 v=0.50
    c 6: OK conf=  0 v=0.50
    c 7: OK conf=  0 v=0.50
    c 8: OK conf=  0 v=0.50
    c 9: OK conf=  0 v=0.50
    c10: OK conf=  0 v=0.50
    c11: OK conf=  0 v=0.50
  Enriched 12 candidates in 40.8s
[339/500] reason_339

  Enriching: reason_339 (easy, math)
    c 0: OK conf= 75 v=0.50
    c 1: OK conf= 75 v=0.50
    c 2: OK conf= 75 v=0.50
    c 3: OK conf= 75 v=0.50
    c 4: OK conf= 75 v=0.50
    c 5: OK conf= 75 v=0.50
    c 6: OK conf= 75 v=0.50
    c 7: OK conf= 75 v=0.50
    c 8: OK conf= 75 v=0.50
    c 9: OK conf= 75 v=0.50
    c10: OK conf= 75 v=0.50
    c11: OK conf= 75 v=0.50
  Enriched 12 candidates in 40.7s
[340/500] reason_340

  Enriching: reason_340 (medium, math)
    c 0: OK conf=  2 v=0.50
    c 1: X  conf=  2 v=0.50
    c 2: OK conf=  2 v=0.50
    c 3: X  conf=  2 v=0.50
    c 4: X  conf=  2 v=0.50
    c 5: X  conf=  2 v=0.50
    c 6: X  conf=  2 v=0.50
    c 7: X  conf=  2 v=0.50
    c 8: OK conf=  2 v=0.50
    c 9: X  conf=  2 v=0.50
    c10: X  conf=  2 v=0.50
    c11: X  conf=  2 v=0.50
  Enriched 12 candidates in 39.8s
[341/500] reason_341

  Enriching: reason_341 (medium, math)
    c 0: OK conf= 85 v=0.50
    c 1: OK conf= 85 v=0.50
    c 2: OK conf= 85 v=0.50
    c 3: OK conf= 85 v=0.50
    c 4: OK conf= 85 v=0.50
    c 5: OK conf= 85 v=0.50
    c 6: OK conf= 85 v=0.50
    c 7: OK conf= 85 v=0.50
    c 8: OK conf= 85 v=0.50
    c 9: OK conf= 85 v=0.50
    c10: OK conf= 85 v=0.50
    c11: OK conf= 85 v=0.50
  Enriched 12 candidates in 41.2s
[342/500] reason_342

  Enriching: reason_342 (easy, math)
    c 0: OK conf= 95 v=0.50
    c 1: OK conf= 95 v=0.50
    c 2: OK conf= 95 v=0.50
    c 3: OK conf= 95 v=0.50
    c 4: OK conf= 95 v=0.50
    c 5: OK conf= 95 v=0.50
    c 6: OK conf= 95 v=0.50
    c 7: OK conf= 95 v=0.50
    c 8: OK conf= 95 v=0.50
    c 9: OK conf= 95 v=0.50
    c10: OK conf= 95 v=0.50
    c11: OK conf= 95 v=0.50
  Enriched 12 candidates in 40.8s
[343/500] reason_343

  Enriching: reason_343 (easy, math)
    c 0: OK conf=100 v=0.50
    c 1: OK conf=100 v=0.50
    c 2: X  conf=100 v=0.50
    c 3: OK conf=100 v=0.50
    c 4: OK conf=100 v=0.50
    c 5: X  conf=100 v=0.50
    c 6: OK conf=100 v=0.50
    c 7: OK conf=100 v=0.50
    c 8: OK conf=100 v=0.50
    c 9: OK conf=100 v=0.50
    c10: OK conf=100 v=0.50
    c11: OK conf=100 v=0.50
  Enriched 12 candidates in 40.7s
[344/500] reason_344

  Enriching: reason_344 (easy, math)
    c 0: OK conf=100 v=0.50
    c 1: OK conf=100 v=0.50
    c 2: OK conf=100 v=0.50
    c 3: OK conf=100 v=0.50
    c 4: OK conf=100 v=0.50
    c 5: OK conf=100 v=0.50
    c 6: OK conf=100 v=0.50
    c 7: OK conf=100 v=0.50
    c 8: OK conf=100 v=0.50
    c 9: OK conf=100 v=0.50
    c10: OK conf=100 v=0.50
    c11: OK conf=100 v=0.50
  Enriched 12 candidates in 38.7s
[345/500] reason_345

  Enriching: reason_345 (medium, math)
    c 0: OK conf= 25 v=0.50
    c 1: OK conf= 25 v=0.50
    c 2: OK conf= 25 v=0.50
    c 3: OK conf= 25 v=0.50
    c 4: OK conf= 25 v=0.50
    c 5: OK conf= 25 v=0.50
    c 6: OK conf= 25 v=0.50
    c 7: OK conf= 25 v=0.50
    c 8: OK conf= 25 v=0.50
    c 9: OK conf= 25 v=0.50
    c10: OK conf= 25 v=0.50
    c11: OK conf= 25 v=0.50
  Enriched 12 candidates in 39.4s
[346/500] reason_346

  Enriching: reason_346 (medium, math)
    c 0: X  conf= 40 v=0.20
    c 1: X  conf=100 v=0.50
    c 2: X  conf= 40 v=0.50
    c 3: X  conf=  0 v=0.50
    c 4: OK conf=100 v=0.50
    c 5: X  conf= 40 v=0.50
    c 6: X  conf= 40 v=0.20
    c 7: X  conf= 40 v=0.20
    c 8: X  conf= 40 v=0.20
    c 9: X  conf= 40 v=0.50
    c10: OK conf=100 v=0.50
    c11: X  conf= 40 v=0.50
  Enriched 12 candidates in 40.9s
[347/500] reason_347

  Enriching: reason_347 (easy, math)
    c 0: OK conf=100 v=0.50
    c 1: OK conf=100 v=0.50
    c 2: OK conf=100 v=0.50
    c 3: OK conf=100 v=0.50
    c 4: OK conf=100 v=0.50
    c 5: OK conf=100 v=0.50
    c 6: OK conf=100 v=0.50
    c 7: OK conf=100 v=0.50
    c 8: OK conf=100 v=0.50
    c 9: OK conf=100 v=0.50
    c10: OK conf=100 v=0.50
    c11: OK conf=100 v=0.50
  Enriched 12 candidates in 38.8s
[348/500] reason_348

  Enriching: reason_348 (hard, math)
    c 0: OK conf=100 v=0.50
    c 1: OK conf=100 v=0.50
    c 2: OK conf=100 v=0.50
    c 3: OK conf=100 v=0.50
    c 4: OK conf=100 v=0.50
    c 5: OK conf=100 v=0.50
    c 6: OK conf=100 v=0.50
    c 7: OK conf=100 v=0.50
    c 8: OK conf=100 v=0.50
    c 9: OK conf=100 v=0.50
    c10: OK conf=100 v=0.50
    c11: OK conf=100 v=0.50
  Enriched 12 candidates in 38.8s
[349/500] reason_349

  Enriching: reason_349 (medium, math)
    c 0: OK conf= 80 v=0.50
    c 1: OK conf= 80 v=0.50
    c 2: OK conf= 80 v=0.50
    c 3: OK conf= 95 v=0.50
    c 4: OK conf= 80 v=0.50
    c 5: OK conf= 80 v=0.50
    c 6: OK conf= 80 v=0.50
    c 7: X  conf=  0 v=0.50
    c 8: OK conf= 95 v=0.50
    c 9: OK conf= 80 v=0.50
    c10: OK conf= 95 v=0.50
    c11: OK conf= 80 v=0.50
  Enriched 12 candidates in 40.2s
[350/500] reason_350

  Enriching: reason_350 (hard, math)
    c 0: X  conf= 20 v=0.50
    c 1: X  conf= 20 v=0.50
    c 2: X  conf= 20 v=0.50
    c 3: X  conf= 20 v=0.50
    c 4: X  conf=100 v=0.50
    c 5: X  conf= 10 v=0.50
    c 6: X  conf= 10 v=0.50
    c 7: X  conf= 20 v=0.50
    c 8: X  conf= 20 v=0.50
    c 9: X  conf= 20 v=0.50
    c10: X  conf= 20 v=0.50
    c11: X  conf= 20 v=0.50
  Enriched 12 candidates in 40.6s
[351/500] reason_351

  Enriching: reason_351 (medium, logic)
    c 0: OK conf= 80 v=0.50
    c 1: X  conf= 80 v=0.50
    c 2: OK conf= 80 v=0.50
    c 3: OK conf= 80 v=0.50
    c 4: X  conf= 80 v=0.50
    c 5: OK conf= 80 v=0.50
    c 6: OK conf= 80 v=0.50
    c 7: X  conf=  0 v=0.50
    c 8: OK conf= 80 v=0.50
    c 9: OK conf= 80 v=0.50
    c10: OK conf= 80 v=0.50
    c11: X  conf=  0 v=0.50
  Enriched 12 candidates in 38.4s
[352/500] reason_352

  Enriching: reason_352 (hard, logic)
    c 0: OK conf= 80 v=0.50
    c 1: OK conf= 80 v=0.50
    c 2: OK conf= 80 v=0.50
    c 3: OK conf= 80 v=0.50
    c 4: OK conf= 80 v=0.50
    c 5: X  conf=  0 v=0.50
    c 6: X  conf= 80 v=0.50
    c 7: X  conf= 80 v=0.50
    c 8: X  conf= 80 v=0.50
    c 9: OK conf= 80 v=0.50
    c10: X  conf= 80 v=0.50
    c11: X  conf= 80 v=0.50
  Enriched 12 candidates in 40.9s
[353/500] reason_353

  Enriching: reason_353 (easy, logic)
    c 0: OK conf= 80 v=0.50
    c 1: X  conf=  0 v=0.50
    c 2: OK conf= 80 v=0.50
    c 3: OK conf= 80 v=0.50
    c 4: OK conf= 80 v=0.50
    c 5: OK conf= 80 v=0.50
    c 6: OK conf= 80 v=0.50
    c 7: X  conf=  0 v=0.20
    c 8: X  conf=  0 v=0.20
    c 9: OK conf= 80 v=0.50
    c10: OK conf= 80 v=0.50
    c11: OK conf= 80 v=0.50
  Enriched 12 candidates in 41.0s
[354/500] reason_354

  Enriching: reason_354 (medium, logic)
    c 0: X  conf=  0 v=0.50
    c 1: OK conf= 80 v=0.50
    c 2: OK conf= 80 v=0.50
    c 3: X  conf=  0 v=0.50
    c 4: OK conf= 80 v=0.50
    c 5: OK conf= 80 v=0.50
    c 6: OK conf= 80 v=0.50
    c 7: X  conf=  0 v=0.50
    c 8: OK conf= 80 v=0.50
    c 9: OK conf= 80 v=0.50
    c10: OK conf= 80 v=0.50
    c11: X  conf=  0 v=0.50
  Enriched 12 candidates in 40.7s
[355/500] reason_355

  Enriching: reason_355 (easy, logic)
    c 0: OK conf= 60 v=0.50
    c 1: OK conf= 60 v=0.50
    c 2: OK conf= 60 v=0.50
    c 3: OK conf= 60 v=0.50
    c 4: OK conf= 60 v=0.50
    c 5: OK conf= 60 v=0.50
    c 6: OK conf= 60 v=0.50
    c 7: OK conf= 60 v=0.50
    c 8: OK conf= 60 v=0.50
    c 9: OK conf= 60 v=0.50
    c10: X  conf= 60 v=0.50
    c11: OK conf= 60 v=0.50
  Enriched 12 candidates in 40.8s
[356/500] reason_356

  Enriching: reason_356 (easy, logic)
    c 0: X  conf= 30 v=0.50
    c 1: OK conf=  3 v=0.50
    c 2: OK conf=  3 v=0.50
    c 3: OK conf=  3 v=0.50
    c 4: OK conf=  3 v=0.50
    c 5: OK conf=  3 v=0.50
    c 6: X  conf= 30 v=0.50
    c 7: OK conf=  3 v=0.50
    c 8: OK conf=  3 v=0.50
    c 9: OK conf=  3 v=0.50
    c10: OK conf=  3 v=0.50
    c11: OK conf=  3 v=0.50
  Enriched 12 candidates in 39.6s
[357/500] reason_357

  Enriching: reason_357 (easy, logic)
    c 0: OK conf=100 v=0.50
    c 1: OK conf=100 v=0.50
    c 2: OK conf=100 v=0.50
    c 3: OK conf=100 v=0.50
    c 4: OK conf=100 v=0.50
    c 5: OK conf=100 v=0.50
    c 6: OK conf=100 v=0.50
    c 7: OK conf=100 v=0.50
    c 8: OK conf=100 v=0.50
    c 9: OK conf=100 v=0.50
    c10: OK conf=100 v=0.50
    c11: OK conf=100 v=0.50
  Enriched 12 candidates in 38.7s
[358/500] reason_358

  Enriching: reason_358 (easy, logic)
    c 0: X  conf= 60 v=0.50
    c 1: OK conf= 60 v=0.50
    c 2: OK conf= 60 v=0.50
    c 3: OK conf= 60 v=0.50
    c 4: X  conf= 60 v=0.50
    c 5: X  conf= 60 v=0.20
    c 6: X  conf= 60 v=0.50
    c 7: OK conf= 60 v=0.50
    c 8: OK conf= 60 v=0.50
    c 9: X  conf= 60 v=0.50
    c10: OK conf= 60 v=0.50
    c11: OK conf= 60 v=0.50
  Enriched 12 candidates in 40.7s
[359/500] reason_359

  Enriching: reason_359 (easy, logic)
    c 0: OK conf= 95 v=0.50
    c 1: OK conf= 95 v=0.50
    c 2: OK conf= 95 v=0.50
    c 3: X  conf=  0 v=0.20
    c 4: OK conf= 95 v=0.50
    c 5: X  conf=  0 v=0.20
    c 6: OK conf= 95 v=0.50
    c 7: OK conf= 95 v=0.50
    c 8: OK conf= 95 v=0.50
    c 9: OK conf=100 v=0.50
    c10: X  conf=  0 v=0.20
    c11: OK conf= 95 v=0.50
  Enriched 12 candidates in 39.0s
[360/500] reason_360

  Enriching: reason_360 (easy, logic)
    c 0: X  conf=  0 v=0.20
    c 1: X  conf=  0 v=0.20
    c 2: X  conf=  0 v=0.20
    c 3: X  conf=  0 v=0.20
    c 4: X  conf= 80 v=0.50
    c 5: X  conf=  0 v=0.20
    c 6: X  conf=  0 v=0.20
    c 7: X  conf=  0 v=0.20
    c 8: OK conf=100 v=0.50
    c 9: OK conf=100 v=0.50
    c10: X  conf=  0 v=0.20
    c11: OK conf=100 v=0.50
  Enriched 12 candidates in 40.1s
[361/500] reason_361

  Enriching: reason_361 (hard, math)
    c 0: X  conf=  0 v=0.50
    c 1: X  conf=  0 v=0.50
    c 2: X  conf=  0 v=0.50
    c 3: X  conf=  0 v=0.50
    c 4: X  conf=  0 v=0.50
    c 5: X  conf=  0 v=0.50
    c 6: X  conf=  0 v=0.50
    c 7: X  conf=  0 v=0.50
    c 8: X  conf= 85 v=0.50
    c 9: X  conf=  0 v=0.50
    c10: X  conf=  0 v=0.50
    c11: X  conf=  0 v=0.50
  Enriched 12 candidates in 40.9s
[362/500] reason_362

  Enriching: reason_362 (medium, math)
    c 0: X  conf= 20 v=0.50
    c 1: X  conf= 20 v=0.50
    c 2: X  conf=  0 v=0.50
    c 3: X  conf= 20 v=0.50
    c 4: X  conf= 20 v=0.50
    c 5: X  conf=  0 v=0.50
    c 6: X  conf=  0 v=0.50
    c 7: X  conf=  0 v=0.50
    c 8: X  conf= 20 v=0.50
    c 9: X  conf=  0 v=0.50
    c10: X  conf=  0 v=0.50
    c11: X  conf=  0 v=0.50
  Enriched 12 candidates in 40.8s
[363/500] reason_363

  Enriching: reason_363 (hard, math)
    c 0: X  conf= 20 v=0.60
    c 1: X  conf= 20 v=0.60
    c 2: X  conf= 20 v=0.60
    c 3: X  conf= 20 v=0.60
    c 4: X  conf= 20 v=0.60
    c 5: X  conf= 20 v=0.60
    c 6: X  conf= 20 v=0.60
    c 7: X  conf= 20 v=0.60
    c 8: X  conf= 20 v=0.60
    c 9: X  conf= 20 v=0.60
    c10: X  conf= 20 v=0.60
    c11: X  conf=  0 v=0.60
  Enriched 12 candidates in 39.8s
[364/500] reason_364

  Enriching: reason_364 (easy, math)
    c 0: OK conf=100 v=0.50
    c 1: OK conf=100 v=0.50
    c 2: OK conf=100 v=0.50
    c 3: OK conf=100 v=0.50
    c 4: OK conf=100 v=0.50
    c 5: OK conf=100 v=0.50
    c 6: OK conf=100 v=0.50
    c 7: OK conf=100 v=0.50
    c 8: OK conf=100 v=0.50
    c 9: OK conf=100 v=0.50
    c10: OK conf=100 v=0.50
    c11: OK conf=100 v=0.50
  Enriched 12 candidates in 39.8s
[365/500] reason_365

  Enriching: reason_365 (easy, math)
    c 0: OK conf= 80 v=0.50
    c 1: OK conf= 80 v=0.50
    c 2: OK conf= 80 v=0.50
    c 3: OK conf= 80 v=0.50
    c 4: X  conf=  0 v=0.50
    c 5: X  conf= 70 v=0.50
    c 6: OK conf= 80 v=0.50
    c 7: OK conf= 80 v=0.50
    c 8: OK conf= 80 v=0.50
    c 9: X  conf= 70 v=0.50
    c10: X  conf= 70 v=0.50
    c11: OK conf= 80 v=0.50
  Enriched 12 candidates in 41.8s
[366/500] reason_366

  Enriching: reason_366 (hard, math)
    c 0: X  conf= 70 v=0.50
    c 1: X  conf= 70 v=0.50
    c 2: X  conf= 70 v=0.50
    c 3: X  conf=  0 v=0.50
    c 4: X  conf=  0 v=0.50
    c 5: X  conf=  0 v=0.50
    c 6: X  conf=  0 v=0.50
    c 7: X  conf=  0 v=0.50
    c 8: X  conf=  0 v=0.50
    c 9: X  conf=  0 v=0.50
    c10: X  conf=  0 v=0.50
    c11: X  conf=  0 v=0.50
  Enriched 12 candidates in 41.2s
[367/500] reason_367

  Enriching: reason_367 (medium, math)
    c 0: X  conf=  1 v=0.20
    c 1: X  conf=  1 v=0.20
    c 2: X  conf=  1 v=0.20
    c 3: X  conf=  1 v=0.20
    c 4: X  conf=  1 v=0.20
    c 5: X  conf=  0 v=0.50
    c 6: X  conf=  0 v=0.50
    c 7: X  conf=  1 v=0.20
    c 8: X  conf=100 v=0.50
    c 9: X  conf=  1 v=0.20
    c10: X  conf=  0 v=0.50
    c11: X  conf=  1 v=0.20
  Enriched 12 candidates in 39.8s
[368/500] reason_368

  Enriching: reason_368 (hard, math)
    c 0: X  conf=  0 v=0.50
    c 1: X  conf=  0 v=0.50
    c 2: X  conf=  0 v=0.50
    c 3: X  conf=  0 v=0.50
    c 4: X  conf=  0 v=0.50
    c 5: X  conf=  0 v=0.50
    c 6: X  conf=  0 v=0.50
    c 7: X  conf=  0 v=0.50
    c 8: X  conf=  0 v=0.50
    c 9: X  conf=  0 v=0.50
    c10: X  conf=  0 v=0.50
    c11: X  conf=  0 v=0.50
  Enriched 12 candidates in 38.6s
[369/500] reason_369

  Enriching: reason_369 (easy, math)
    c 0: X  conf=  0 v=0.50
    c 1: X  conf=  0 v=0.50
    c 2: X  conf=  0 v=0.50
    c 3: X  conf=  0 v=0.50
    c 4: X  conf=  0 v=0.50
    c 5: X  conf=  0 v=0.50
    c 6: X  conf=  0 v=0.50
    c 7: X  conf=  0 v=0.50
    c 8: X  conf=  0 v=0.50
    c 9: X  conf=  0 v=0.50
    c10: X  conf=  0 v=0.50
    c11: X  conf=  0 v=0.50
  Enriched 12 candidates in 40.8s
[370/500] reason_370

  Enriching: reason_370 (hard, math)
    c 0: X  conf=  0 v=0.50
    c 1: X  conf=  0 v=0.50
    c 2: X  conf=  0 v=0.50
    c 3: X  conf=  0 v=0.50
    c 4: X  conf=  0 v=0.50
    c 5: X  conf=  0 v=0.50
    c 6: X  conf=  0 v=0.50
    c 7: X  conf=  0 v=0.50
    c 8: X  conf=  0 v=0.50
    c 9: X  conf=  0 v=0.50
    c10: X  conf=  0 v=0.50
    c11: X  conf=  0 v=0.50
  Enriched 12 candidates in 42.1s
[371/500] reason_371

  Enriching: reason_371 (hard, combinatorics)
    c 0: X  conf= 40 v=0.50
    c 1: X  conf= 40 v=0.50
    c 2: X  conf= 40 v=0.50
    c 3: X  conf= 40 v=0.50
    c 4: X  conf= 40 v=0.20
    c 5: X  conf= 40 v=0.20
    c 6: X  conf= 40 v=0.50
    c 7: X  conf= 40 v=0.50
    c 8: X  conf= 40 v=0.20
    c 9: X  conf= 40 v=0.50
    c10: OK conf= 60 v=0.50
    c11: X  conf= 40 v=0.50
  Enriched 12 candidates in 40.7s
[372/500] reason_372

  Enriching: reason_372 (hard, combinatorics)
    c 0: X  conf= 80 v=0.50
    c 1: X  conf= 60 v=0.50
    c 2: X  conf= 80 v=0.50
    c 3: X  conf= 30 v=0.50
    c 4: X  conf= 30 v=0.50
    c 5: X  conf= 60 v=0.50
    c 6: X  conf= 60 v=0.50
    c 7: X  conf= 30 v=0.50
    c 8: X  conf= 30 v=0.50
    c 9: X  conf= 30 v=0.50
    c10: X  conf= 60 v=0.50
    c11: X  conf= 30 v=0.50
  Enriched 12 candidates in 41.0s
[373/500] reason_373

  Enriching: reason_373 (hard, combinatorics)
    c 0: OK conf= 80 v=0.50
    c 1: X  conf= 10 v=0.50
    c 2: OK conf= 80 v=0.50
    c 3: OK conf= 80 v=0.50
    c 4: X  conf= 24 v=0.50
    c 5: X  conf= 10 v=0.50
    c 6: X  conf= 24 v=0.50
    c 7: OK conf= 80 v=0.50
    c 8: X  conf= 24 v=0.50
    c 9: X  conf= 10 v=0.50
    c10: X  conf= 24 v=0.50
    c11: OK conf= 80 v=0.50
  Enriched 12 candidates in 40.4s
[374/500] reason_374

  Enriching: reason_374 (medium, combinatorics)
    c 0: X  conf= 35 v=0.50
    c 1: X  conf= 35 v=0.50
    c 2: X  conf= 35 v=0.50
    c 3: X  conf= 35 v=0.50
    c 4: X  conf= 35 v=0.50
    c 5: X  conf= 35 v=0.50
    c 6: X  conf= 35 v=0.50
    c 7: X  conf= 35 v=0.50
    c 8: X  conf=  0 v=0.20
    c 9: OK conf= 84 v=0.50
    c10: OK conf= 84 v=0.50
    c11: X  conf= 35 v=0.50
  Enriched 12 candidates in 39.3s
[375/500] reason_375

  Enriching: reason_375 (medium, combinatorics)
    c 0: OK conf=100 v=0.50
    c 1: X  conf=100 v=0.50
    c 2: OK conf=100 v=0.50
    c 3: OK conf=100 v=0.50
    c 4: X  conf= 10 v=0.50
    c 5: X  conf= 10 v=0.50
    c 6: OK conf=100 v=0.50
    c 7: X  conf= 10 v=0.50
    c 8: X  conf= 15 v=0.20
    c 9: X  conf= 10 v=0.20
    c10: OK conf=100 v=0.50
    c11: X  conf= 10 v=0.50
  Enriched 12 candidates in 40.8s
[376/500] reason_376

  Enriching: reason_376 (hard, combinatorics)
    c 0: X  conf=  0 v=0.20
    c 1: X  conf=  0 v=0.20
    c 2: X  conf= 10 v=0.20
    c 3: X  conf= 10 v=0.20
    c 4: X  conf=  0 v=0.20
    c 5: X  conf= 10 v=0.20
    c 6: X  conf=  0 v=0.20
    c 7: X  conf=  0 v=0.20
    c 8: X  conf=  0 v=0.20
    c 9: X  conf=  0 v=0.20
    c10: X  conf= 10 v=0.20
    c11: X  conf= 10 v=0.20
  Enriched 12 candidates in 40.8s
[377/500] reason_377

  Enriching: reason_377 (hard, combinatorics)
    c 0: OK conf= 85 v=0.50
    c 1: X  conf= 85 v=0.50
    c 2: X  conf= 85 v=0.50
    c 3: X  conf= 85 v=0.50
    c 4: X  conf= 85 v=0.50
    c 5: X  conf=  0 v=0.50
    c 6: X  conf= 85 v=0.50
    c 7: X  conf=  0 v=0.50
    c 8: X  conf=  0 v=0.50
    c 9: X  conf=  0 v=0.50
    c10: X  conf= 85 v=0.50
    c11: X  conf= 85 v=0.50
  Enriched 12 candidates in 40.9s
[378/500] reason_378

  Enriching: reason_378 (medium, combinatorics)
    c 0: OK conf= 95 v=0.50
    c 1: OK conf= 95 v=0.50
    c 2: X  conf= 20 v=0.50
    c 3: OK conf= 95 v=0.50
    c 4: OK conf= 95 v=0.50
    c 5: X  conf= 95 v=0.50
    c 6: OK conf= 95 v=0.50
    c 7: OK conf= 95 v=0.50
    c 8: X  conf= 20 v=0.50
    c 9: OK conf= 95 v=0.50
    c10: X  conf= 20 v=0.50
    c11: X  conf= 95 v=0.50
  Enriched 12 candidates in 40.5s
[379/500] reason_379

  Enriching: reason_379 (medium, combinatorics)
    c 0: X  conf= 80 v=0.50
    c 1: X  conf=  0 v=0.50
    c 2: X  conf= 80 v=0.70
    c 3: X  conf= 80 v=0.50
    c 4: X  conf=  0 v=0.50
    c 5: X  conf= 80 v=0.70
    c 6: X  conf= 80 v=0.50
    c 7: OK conf= 80 v=0.50
    c 8: X  conf= 80 v=0.50
    c 9: X  conf= 80 v=0.50
    c10: X  conf=  0 v=0.50
    c11: X  conf=  0 v=0.50
  Enriched 12 candidates in 40.2s
[380/500] reason_380

  Enriching: reason_380 (hard, combinatorics)
    c 0: X  conf=100 v=0.50
    c 1: X  conf= 80 v=0.50
    c 2: OK conf= 80 v=0.50
    c 3: X  conf= 80 v=0.50
    c 4: X  conf= 80 v=0.50
    c 5: X  conf= 50 v=0.50
    c 6: X  conf= 20 v=0.50
    c 7: X  conf= 80 v=0.50
    c 8: X  conf= 80 v=0.50
    c 9: X  conf= 80 v=0.50
    c10: X  conf= 80 v=0.50
    c11: X  conf= 50 v=0.50
  Enriched 12 candidates in 40.8s
[381/500] reason_381

  Enriching: reason_381 (easy, sequence)
    c 0: OK conf= 95 v=0.50
    c 1: OK conf= 95 v=0.50
    c 2: OK conf= 95 v=0.50
    c 3: OK conf= 95 v=0.50
    c 4: OK conf= 95 v=0.50
    c 5: OK conf= 95 v=0.50
    c 6: OK conf= 95 v=0.50
    c 7: OK conf= 95 v=0.50
    c 8: OK conf= 95 v=0.50
    c 9: OK conf= 95 v=0.50
    c10: OK conf= 95 v=0.50
    c11: OK conf= 95 v=0.50
  Enriched 12 candidates in 39.3s
[382/500] reason_382

  Enriching: reason_382 (easy, sequence)
    c 0: OK conf= 95 v=0.50
    c 1: OK conf= 95 v=0.50
    c 2: OK conf= 95 v=0.50
    c 3: OK conf= 95 v=0.50
    c 4: OK conf= 95 v=0.50
    c 5: OK conf= 95 v=0.50
    c 6: OK conf= 95 v=0.50
    c 7: OK conf= 95 v=0.50
    c 8: OK conf= 95 v=0.50
    c 9: OK conf= 95 v=0.50
    c10: OK conf= 95 v=0.50
    c11: OK conf= 95 v=0.50
  Enriched 12 candidates in 39.4s
[383/500] reason_383

  Enriching: reason_383 (hard, sequence)
    c 0: X  conf=  0 v=0.50
    c 1: X  conf= 80 v=0.50
    c 2: X  conf=  0 v=0.50
    c 3: X  conf=  0 v=0.50
    c 4: X  conf=  0 v=0.50
    c 5: X  conf=  0 v=0.50
    c 6: X  conf=  0 v=0.50
    c 7: X  conf=  0 v=0.50
    c 8: X  conf=  0 v=0.50
    c 9: X  conf=  0 v=0.50
    c10: X  conf=  0 v=0.50
    c11: X  conf=  0 v=0.50
  Enriched 12 candidates in 38.1s
[384/500] reason_384

  Enriching: reason_384 (hard, sequence)
    c 0: X  conf=  0 v=0.50
    c 1: X  conf=  0 v=0.50
    c 2: X  conf=  0 v=0.50
    c 3: X  conf=  0 v=0.50
    c 4: X  conf=  0 v=0.50
    c 5: X  conf=  0 v=0.50
    c 6: X  conf=  0 v=0.50
    c 7: X  conf=  0 v=0.50
    c 8: X  conf=  0 v=0.50
    c 9: X  conf=  0 v=0.50
    c10: X  conf=  0 v=0.50
    c11: X  conf=  0 v=0.50
  Enriched 12 candidates in 38.1s
[385/500] reason_385

  Enriching: reason_385 (hard, sequence)
    c 0: X  conf=  0 v=0.50
    c 1: X  conf=  0 v=0.50
    c 2: X  conf=  0 v=0.50
    c 3: X  conf=  0 v=0.50
    c 4: X  conf=  0 v=0.50
    c 5: X  conf=  0 v=0.50
    c 6: X  conf=  0 v=0.50
    c 7: X  conf=  0 v=0.50
    c 8: X  conf=  0 v=0.50
    c 9: X  conf=  0 v=0.50
    c10: X  conf=  0 v=0.50
    c11: X  conf=  0 v=0.50
  Enriched 12 candidates in 38.1s
[386/500] reason_386

  Enriching: reason_386 (medium, math)
    c 0: X  conf= 95 v=0.50
    c 1: OK conf= 99 v=0.50
    c 2: OK conf= 99 v=0.50
    c 3: X  conf= 95 v=0.50
    c 4: X  conf= 95 v=0.50
    c 5: X  conf= 95 v=0.50
    c 6: OK conf= 99 v=0.50
    c 7: OK conf= 99 v=0.50
    c 8: X  conf= 95 v=0.50
    c 9: X  conf= 95 v=0.50
    c10: OK conf= 99 v=0.50
    c11: OK conf= 99 v=0.50
  Enriched 12 candidates in 39.8s
[387/500] reason_387

  Enriching: reason_387 (medium, math)
    c 0: OK conf=100 v=0.50
    c 1: OK conf=100 v=0.50
    c 2: OK conf=100 v=0.50
    c 3: OK conf=100 v=0.50
    c 4: OK conf=100 v=0.50
    c 5: OK conf=100 v=0.50
    c 6: OK conf=100 v=0.50
    c 7: OK conf=100 v=0.50
    c 8: OK conf=100 v=0.50
    c 9: OK conf=100 v=0.50
    c10: OK conf=100 v=0.50
    c11: OK conf=100 v=0.50
  Enriched 12 candidates in 39.7s
[388/500] reason_388

  Enriching: reason_388 (easy, sequence)
    c 0: OK conf=100 v=0.50
    c 1: OK conf=100 v=0.50
    c 2: OK conf=100 v=0.50
    c 3: X  conf= 95 v=0.50
    c 4: X  conf= 95 v=0.50
    c 5: OK conf=100 v=0.50
    c 6: OK conf=100 v=0.50
    c 7: OK conf=100 v=0.50
    c 8: X  conf= 80 v=0.50
    c 9: OK conf=100 v=0.50
    c10: OK conf=100 v=0.50
    c11: OK conf=100 v=0.50
  Enriched 12 candidates in 38.6s
[389/500] reason_389

  Enriching: reason_389 (medium, sequence)
    c 0: X  conf=  0 v=0.50
    c 1: OK conf= 95 v=0.50
    c 2: X  conf=  0 v=0.50
    c 3: X  conf=  0 v=0.50
    c 4: X  conf=  0 v=0.50
    c 5: OK conf= 95 v=0.50
    c 6: OK conf= 95 v=0.50
    c 7: X  conf=  0 v=0.50
    c 8: X  conf=  0 v=0.50
    c 9: X  conf=  0 v=0.50
    c10: OK conf= 95 v=0.50
    c11: X  conf=  0 v=0.50
  Enriched 12 candidates in 38.7s
[390/500] reason_390

  Enriching: reason_390 (easy, sequence)
    c 0: OK conf= 80 v=0.50
    c 1: OK conf= 80 v=0.50
    c 2: OK conf= 80 v=0.50
    c 3: OK conf= 80 v=0.50
    c 4: OK conf= 80 v=0.50
    c 5: OK conf= 80 v=0.50
    c 6: OK conf= 80 v=0.50
    c 7: OK conf= 80 v=0.50
    c 8: OK conf= 80 v=0.50
    c 9: OK conf= 80 v=0.50
    c10: OK conf= 80 v=0.50
    c11: OK conf= 80 v=0.50
  Enriched 12 candidates in 39.4s
[391/500] reason_391

  Enriching: reason_391 (easy, math)
    c 0: OK conf= 95 v=0.50
    c 1: OK conf= 95 v=0.50
    c 2: OK conf= 95 v=0.50
    c 3: OK conf= 95 v=0.50
    c 4: OK conf= 95 v=0.50
    c 5: OK conf= 95 v=0.50
    c 6: OK conf= 95 v=0.50
    c 7: OK conf= 95 v=0.50
    c 8: OK conf= 95 v=0.50
    c 9: OK conf= 95 v=0.50
    c10: OK conf= 95 v=0.50
    c11: OK conf= 95 v=0.50
  Enriched 12 candidates in 40.8s
[392/500] reason_392

  Enriching: reason_392 (medium, math)
    c 0: OK conf= 60 v=0.50
    c 1: OK conf= 60 v=0.50
    c 2: OK conf= 60 v=0.50
    c 3: OK conf= 60 v=0.50
    c 4: OK conf= 60 v=0.50
    c 5: OK conf= 60 v=0.50
    c 6: OK conf= 60 v=0.50
    c 7: OK conf= 60 v=0.50
    c 8: OK conf= 60 v=0.50
    c 9: OK conf= 60 v=0.50
    c10: OK conf= 60 v=0.50
    c11: OK conf= 60 v=0.50
  Enriched 12 candidates in 40.8s
[393/500] reason_393

  Enriching: reason_393 (easy, math)
    c 0: OK conf=  0 v=0.50
    c 1: X  conf=  0 v=0.50
    c 2: X  conf= 70 v=0.50
    c 3: X  conf=  0 v=0.50
    c 4: X  conf=  0 v=0.50
    c 5: X  conf= 70 v=0.50
    c 6: OK conf=  0 v=0.50
    c 7: X  conf= 70 v=0.50
    c 8: X  conf=  0 v=0.50
    c 9: X  conf= 70 v=0.50
    c10: OK conf=  0 v=0.50
    c11: OK conf=  0 v=0.50
  Enriched 12 candidates in 40.7s
[394/500] reason_394

  Enriching: reason_394 (medium, math)
    c 0: X  conf=  0 v=0.50
    c 1: X  conf=100 v=0.50
    c 2: X  conf=100 v=0.50
    c 3: X  conf=100 v=0.50
    c 4: X  conf=  0 v=0.50
    c 5: X  conf=  0 v=0.50
    c 6: X  conf=  0 v=0.50
    c 7: X  conf=  0 v=0.50
    c 8: X  conf=  0 v=0.50
    c 9: X  conf=  0 v=0.50
    c10: X  conf=  0 v=0.50
    c11: OK conf= 80 v=0.50
  Enriched 12 candidates in 40.2s
[395/500] reason_395

  Enriching: reason_395 (easy, math)
    c 0: OK conf=100 v=0.50
    c 1: OK conf=100 v=0.50
    c 2: OK conf=100 v=0.50
    c 3: OK conf=100 v=0.50
    c 4: OK conf=100 v=0.50
    c 5: OK conf=100 v=0.50
    c 6: OK conf=100 v=0.50
    c 7: OK conf=100 v=0.50
    c 8: X  conf=100 v=0.50
    c 9: OK conf=100 v=0.50
    c10: OK conf=100 v=0.50
    c11: OK conf=100 v=0.50
  Enriched 12 candidates in 38.7s
[396/500] reason_396

  Enriching: reason_396 (medium, math)
    c 0: OK conf=100 v=0.50
    c 1: X  conf= 80 v=0.50
    c 2: X  conf= 80 v=0.50
    c 3: X  conf= 40 v=0.50
    c 4: OK conf=100 v=0.50
    c 5: OK conf=100 v=0.50
    c 6: OK conf=100 v=0.50
    c 7: X  conf= 80 v=0.50
    c 8: OK conf=100 v=0.50
    c 9: X  conf= 40 v=0.50
    c10: OK conf=100 v=0.50
    c11: OK conf=100 v=0.50
  Enriched 12 candidates in 39.5s
[397/500] reason_397

  Enriching: reason_397 (medium, math)
    c 0: OK conf=  1 v=0.50
    c 1: OK conf=  1 v=0.50
    c 2: OK conf=  1 v=0.50
    c 3: OK conf=  1 v=0.50
    c 4: OK conf=  1 v=0.50
    c 5: OK conf=  1 v=0.50
    c 6: X  conf= 10 v=0.20
    c 7: OK conf=  1 v=0.50
    c 8: OK conf=  1 v=0.50
    c 9: OK conf=  1 v=0.50
    c10: X  conf= 10 v=0.20
    c11: X  conf= 10 v=0.50
  Enriched 12 candidates in 39.1s
[398/500] reason_398

  Enriching: reason_398 (hard, math)
    c 0: X  conf= 85 v=0.50
    c 1: X  conf= 85 v=0.50
    c 2: X  conf= 85 v=0.50
    c 3: X  conf= 85 v=0.50
    c 4: X  conf= 85 v=0.50
    c 5: X  conf= 85 v=0.50
    c 6: X  conf= 85 v=0.50
    c 7: X  conf= 85 v=0.50
    c 8: X  conf= 85 v=0.50
    c 9: X  conf= 85 v=0.50
    c10: X  conf= 85 v=0.50
    c11: X  conf= 85 v=0.50
  Enriched 12 candidates in 40.8s
[399/500] reason_399

  Enriching: reason_399 (hard, math)
    c 0: X  conf=  1 v=0.50
    c 1: X  conf=  1 v=0.50
    c 2: X  conf=  1 v=0.50
    c 3: X  conf=  1 v=0.50
    c 4: X  conf=  1 v=0.50
    c 5: X  conf=  1 v=0.50
    c 6: X  conf=  1 v=0.50
    c 7: X  conf=  1 v=0.50
    c 8: X  conf=  1 v=0.50
    c 9: X  conf=  1 v=0.50
    c10: X  conf=  1 v=0.50
    c11: X  conf=100 v=0.50
  Enriched 12 candidates in 40.5s
[400/500] reason_400

  Enriching: reason_400 (hard, math)
    c 0: X  conf= 20 v=0.50
    c 1: X  conf= 20 v=0.50
    c 2: X  conf= 20 v=0.50
    c 3: X  conf= 20 v=0.50
    c 4: X  conf= 20 v=0.50
    c 5: X  conf= 20 v=0.50
    c 6: X  conf= 20 v=0.50
    c 7: X  conf= 20 v=0.50
    c 8: X  conf= 20 v=0.50
    c 9: X  conf= 20 v=0.50
    c10: X  conf= 20 v=0.50
    c11: X  conf= 20 v=0.50
  Enriched 12 candidates in 40.8s
[401/500] reason_401

  Enriching: reason_401 (medium, math)
    c 0: X  conf= 70 v=0.20
    c 1: OK conf=100 v=0.50
    c 2: OK conf=100 v=0.50
    c 3: X  conf= 70 v=0.20
    c 4: OK conf=100 v=0.50
    c 5: X  conf= 70 v=0.20
    c 6: X  conf= 70 v=0.20
    c 7: OK conf=100 v=0.50
    c 8: OK conf=100 v=0.50
    c 9: X  conf= 70 v=0.20
    c10: OK conf=100 v=0.50
    c11: OK conf=100 v=0.50
  Enriched 12 candidates in 39.6s
[402/500] reason_402

  Enriching: reason_402 (easy, math)
    c 0: OK conf= 80 v=0.50
    c 1: OK conf= 80 v=0.50
    c 2: OK conf= 80 v=0.50
    c 3: OK conf= 80 v=0.50
    c 4: OK conf= 80 v=0.50
    c 5: X  conf=  0 v=0.20
    c 6: OK conf= 80 v=0.50
    c 7: OK conf= 80 v=0.50
    c 8: OK conf= 80 v=0.50
    c 9: X  conf=  0 v=0.20
    c10: OK conf= 80 v=0.50
    c11: X  conf=  0 v=0.20
  Enriched 12 candidates in 40.8s
[403/500] reason_403

  Enriching: reason_403 (hard, math)
    c 0: X  conf= 50 v=0.50
    c 1: OK conf= 50 v=0.50
    c 2: X  conf= 50 v=0.50
    c 3: X  conf= 50 v=0.50
    c 4: X  conf= 50 v=0.50
    c 5: X  conf= 50 v=0.50
    c 6: X  conf= 50 v=0.50
    c 7: X  conf=100 v=0.50
    c 8: X  conf= 50 v=0.50
    c 9: X  conf= 50 v=0.50
    c10: X  conf= 50 v=0.20
    c11: X  conf=100 v=0.50
  Enriched 12 candidates in 40.3s
[404/500] reason_404

  Enriching: reason_404 (hard, math)
    c 0: OK conf=100 v=0.50
    c 1: OK conf=100 v=0.50
    c 2: OK conf=100 v=0.50
    c 3: OK conf=100 v=0.50
    c 4: OK conf=100 v=0.50
    c 5: OK conf=100 v=0.50
    c 6: OK conf=100 v=0.50
    c 7: OK conf=100 v=0.50
    c 8: OK conf=100 v=0.50
    c 9: OK conf=100 v=0.50
    c10: OK conf=100 v=0.50
    c11: OK conf=100 v=0.50
  Enriched 12 candidates in 38.7s
[405/500] reason_405

  Enriching: reason_405 (medium, math)
    c 0: OK conf= 78 v=0.50
    c 1: X  conf= 70 v=0.50
    c 2: OK conf= 78 v=0.50
    c 3: X  conf= 85 v=0.50
    c 4: X  conf= 70 v=0.50
    c 5: X  conf=100 v=0.50
    c 6: OK conf= 78 v=0.50
    c 7: X  conf= 70 v=0.50
    c 8: X  conf= 70 v=0.50
    c 9: OK conf= 78 v=0.50
    c10: X  conf= 70 v=0.50
    c11: OK conf= 78 v=0.50
  Enriched 12 candidates in 40.7s
[406/500] reason_406

  Enriching: reason_406 (hard, math)
    c 0: X  conf= 25 v=0.50
    c 1: X  conf= 25 v=0.50
    c 2: X  conf=  2 v=0.50
    c 3: X  conf= 80 v=0.50
    c 4: X  conf= 25 v=0.50
    c 5: OK conf= 85 v=0.50
    c 6: X  conf= 20 v=0.50
    c 7: X  conf= 80 v=0.50
    c 8: OK conf= 85 v=0.50
    c 9: X  conf= 20 v=0.50
    c10: OK conf= 85 v=0.50
    c11: X  conf= 85 v=0.50
  Enriched 12 candidates in 40.5s
[407/500] reason_407

  Enriching: reason_407 (easy, math)
    c 0: OK conf= 80 v=0.50
    c 1: OK conf= 80 v=0.50
    c 2: OK conf= 80 v=0.50
    c 3: OK conf= 80 v=0.50
    c 4: OK conf= 80 v=0.50
    c 5: OK conf= 80 v=0.50
    c 6: OK conf= 80 v=0.50
    c 7: X  conf=  0 v=0.20
    c 8: OK conf= 80 v=0.50
    c 9: OK conf= 80 v=0.50
    c10: OK conf= 80 v=0.50
    c11: X  conf= 85 v=0.20
  Enriched 12 candidates in 40.6s
[408/500] reason_408

  Enriching: reason_408 (medium, math)
    c 0: OK conf= 70 v=1.00
    c 1: OK conf= 70 v=1.00
    c 2: X  conf= 60 v=0.20
    c 3: OK conf= 70 v=1.00
    c 4: OK conf= 70 v=1.00
    c 5: OK conf= 70 v=1.00
    c 6: OK conf= 70 v=1.00
    c 7: OK conf= 70 v=1.00
    c 8: OK conf= 70 v=1.00
    c 9: X  conf= 60 v=0.20
    c10: X  conf= 60 v=0.20
    c11: X  conf= 60 v=0.20
  Enriched 12 candidates in 38.0s
[409/500] reason_409

  Enriching: reason_409 (medium, math)
    c 0: OK conf= 95 v=0.50
    c 1: OK conf= 95 v=0.50
    c 2: OK conf= 95 v=0.50
    c 3: X  conf=  0 v=0.20
    c 4: OK conf= 95 v=0.50
    c 5: OK conf= 95 v=0.50
    c 6: OK conf= 95 v=0.50
    c 7: OK conf= 95 v=0.50
    c 8: X  conf=  0 v=0.50
    c 9: OK conf= 95 v=0.50
    c10: OK conf= 95 v=0.50
    c11: OK conf= 95 v=0.50
  Enriched 12 candidates in 40.8s
[410/500] reason_410

  Enriching: reason_410 (medium, math)
    c 0: OK conf= 85 v=0.50
    c 1: OK conf= 85 v=0.50
    c 2: OK conf= 85 v=0.50
    c 3: OK conf= 85 v=0.50
    c 4: OK conf= 85 v=0.50
    c 5: OK conf= 85 v=0.50
    c 6: OK conf= 85 v=0.50
    c 7: X  conf= 80 v=0.50
    c 8: X  conf=  0 v=0.50
    c 9: OK conf= 85 v=0.50
    c10: X  conf= 80 v=0.50
    c11: X  conf= 80 v=0.50
  Enriched 12 candidates in 40.5s
[411/500] reason_411

  Enriching: reason_411 (easy, math)
    c 0: OK conf=100 v=0.50
    c 1: OK conf=100 v=0.50
    c 2: OK conf=100 v=0.50
    c 3: OK conf=100 v=0.50
    c 4: OK conf=100 v=0.50
    c 5: OK conf=100 v=0.50
    c 6: OK conf=100 v=0.50
    c 7: OK conf=100 v=0.50
    c 8: OK conf=100 v=0.50
    c 9: OK conf=100 v=0.50
    c10: OK conf=100 v=0.50
    c11: OK conf=100 v=0.50
  Enriched 12 candidates in 38.7s
[412/500] reason_412

  Enriching: reason_412 (hard, math)
    c 0: OK conf=100 v=0.50
    c 1: OK conf=100 v=0.50
    c 2: OK conf=100 v=0.50
    c 3: OK conf=100 v=0.50
    c 4: X  conf=100 v=0.50
    c 5: OK conf=100 v=0.50
    c 6: OK conf=100 v=0.50
    c 7: OK conf=100 v=0.50
    c 8: OK conf=100 v=0.50
    c 9: OK conf=100 v=0.50
    c10: OK conf=100 v=0.50
    c11: OK conf=100 v=0.50
  Enriched 12 candidates in 41.8s
[413/500] reason_413

  Enriching: reason_413 (easy, combinatorics)
    c 0: X  conf= 10 v=0.20
    c 1: X  conf= 10 v=0.20
    c 2: OK conf=100 v=0.50
    c 3: X  conf= 10 v=0.50
    c 4: OK conf=100 v=0.50
    c 5: X  conf= 10 v=0.20
    c 6: X  conf= 10 v=0.20
    c 7: X  conf= 10 v=0.50
    c 8: OK conf=100 v=0.50
    c 9: OK conf=100 v=0.50
    c10: X  conf= 10 v=0.20
    c11: X  conf= 10 v=0.20
  Enriched 12 candidates in 40.1s
[414/500] reason_414

  Enriching: reason_414 (hard, combinatorics)
    c 0: X  conf=  0 v=0.20
    c 1: X  conf= 80 v=0.20
    c 2: X  conf= 80 v=0.20
    c 3: X  conf= 80 v=0.20
    c 4: X  conf= 80 v=0.20
    c 5: X  conf= 80 v=0.20
    c 6: X  conf= 80 v=0.20
    c 7: X  conf=  0 v=0.20
    c 8: X  conf= 80 v=0.20
    c 9: X  conf=  0 v=0.20
    c10: X  conf=  0 v=0.20
    c11: X  conf= 80 v=0.20
  Enriched 12 candidates in 40.8s
[415/500] reason_415

  Enriching: reason_415 (hard, logic)
    c 0: X  conf=100 v=0.50
    c 1: X  conf=100 v=0.50
    c 2: OK conf=100 v=0.50
    c 3: X  conf=100 v=0.20
    c 4: X  conf= 10 v=0.20
    c 5: X  conf=100 v=0.20
    c 6: X  conf=100 v=0.50
    c 7: X  conf=100 v=0.20
    c 8: X  conf=100 v=0.50
    c 9: X  conf=100 v=0.50
    c10: X  conf=100 v=0.50
    c11: X  conf=100 v=0.50
  Enriched 12 candidates in 41.2s
[416/500] reason_416

  Enriching: reason_416 (easy, logic)
    c 0: X  conf=100 v=0.50
    c 1: X  conf=100 v=0.50
    c 2: X  conf=100 v=0.50
    c 3: X  conf=100 v=0.50
    c 4: X  conf=100 v=0.50
    c 5: OK conf=100 v=1.00
    c 6: X  conf=100 v=0.50
    c 7: X  conf=100 v=0.50
    c 8: X  conf=100 v=0.50
    c 9: X  conf=100 v=0.50
    c10: X  conf=100 v=0.50
    c11: OK conf=100 v=1.00
  Enriched 12 candidates in 33.2s
[417/500] reason_417

  Enriching: reason_417 (easy, logic)
    c 0: OK conf=100 v=0.50
    c 1: OK conf=100 v=0.50
    c 2: OK conf=100 v=0.50
    c 3: OK conf=100 v=0.50
    c 4: OK conf=100 v=0.50
    c 5: OK conf=100 v=0.50
    c 6: OK conf=100 v=0.50
    c 7: OK conf=100 v=0.50
    c 8: OK conf=100 v=0.50
    c 9: OK conf=100 v=0.50
    c10: OK conf=100 v=0.50
    c11: OK conf=100 v=0.50
  Enriched 12 candidates in 38.7s
[418/500] reason_418

  Enriching: reason_418 (hard, logic)
    c 0: OK conf= 80 v=0.20
    c 1: OK conf= 80 v=0.20
    c 2: OK conf= 80 v=0.20
    c 3: X  conf= 80 v=0.20
    c 4: OK conf= 80 v=0.20
    c 5: X  conf= 30 v=0.20
    c 6: OK conf= 80 v=0.20
    c 7: X  conf= 80 v=0.20
    c 8: X  conf=  4 v=0.20
    c 9: X  conf= 30 v=0.20
    c10: OK conf= 80 v=0.20
    c11: OK conf= 80 v=0.20
  Enriched 12 candidates in 40.7s
[419/500] reason_419

  Enriching: reason_419 (medium, math)
    c 0: OK conf=100 v=0.50
    c 1: OK conf=100 v=0.50
    c 2: OK conf=100 v=0.50
    c 3: OK conf=100 v=0.50
    c 4: X  conf= 10 v=0.50
    c 5: OK conf=100 v=0.50
    c 6: OK conf=100 v=0.50
    c 7: OK conf=100 v=0.50
    c 8: OK conf=100 v=0.50
    c 9: OK conf=100 v=0.50
    c10: X  conf= 40 v=0.50
    c11: OK conf=100 v=0.50
  Enriched 12 candidates in 39.1s
[420/500] reason_420

  Enriching: reason_420 (easy, logic)
    c 0: OK conf=  2 v=1.00
    c 1: OK conf=  2 v=1.00
    c 2: OK conf=  2 v=1.00
    c 3: OK conf=  2 v=1.00
    c 4: OK conf=  2 v=1.00
    c 5: OK conf=  2 v=1.00
    c 6: OK conf=  2 v=1.00
    c 7: OK conf=  2 v=1.00
    c 8: OK conf=  2 v=1.00
    c 9: OK conf=  2 v=1.00
    c10: OK conf=  2 v=1.00
    c11: OK conf=  2 v=1.00
  Enriched 12 candidates in 26.2s
[421/500] reason_421

  Enriching: reason_421 (medium, math)
    c 0: OK conf= 20 v=0.50
    c 1: OK conf= 20 v=0.50
    c 2: OK conf= 20 v=0.50
    c 3: OK conf= 20 v=0.50
    c 4: OK conf= 20 v=0.50
    c 5: OK conf= 20 v=0.50
    c 6: OK conf= 20 v=0.50
    c 7: OK conf= 20 v=0.50
    c 8: OK conf= 20 v=0.50
    c 9: OK conf= 20 v=0.50
    c10: OK conf= 20 v=0.50
    c11: OK conf= 20 v=0.50
  Enriched 12 candidates in 39.8s
[422/500] reason_422

  Enriching: reason_422 (easy, math)
    c 0: OK conf=100 v=0.50
    c 1: OK conf=100 v=0.50
    c 2: OK conf=100 v=0.50
    c 3: OK conf=100 v=0.50
    c 4: OK conf=100 v=0.50
    c 5: OK conf=100 v=0.50
    c 6: OK conf=100 v=0.50
    c 7: OK conf=100 v=0.50
    c 8: OK conf=100 v=0.50
    c 9: OK conf=100 v=0.50
    c10: OK conf=100 v=0.50
    c11: OK conf=100 v=0.50
  Enriched 12 candidates in 38.7s
[423/500] reason_423

  Enriching: reason_423 (easy, math)
    c 0: OK conf= 50 v=0.50
    c 1: OK conf= 50 v=0.50
    c 2: OK conf= 50 v=0.50
    c 3: OK conf= 50 v=0.50
    c 4: OK conf= 50 v=0.50
    c 5: OK conf= 50 v=0.50
    c 6: OK conf= 50 v=0.50
    c 7: OK conf= 50 v=0.50
    c 8: OK conf= 50 v=0.50
    c 9: OK conf= 50 v=0.50
    c10: OK conf= 50 v=0.50
    c11: OK conf= 50 v=0.50
  Enriched 12 candidates in 40.8s
[424/500] reason_424

  Enriching: reason_424 (easy, math)
    c 0: OK conf= 99 v=0.50
    c 1: OK conf= 99 v=0.50
    c 2: OK conf= 99 v=0.50
    c 3: OK conf= 99 v=0.50
    c 4: OK conf= 99 v=0.50
    c 5: OK conf= 99 v=0.50
    c 6: OK conf= 99 v=0.50
    c 7: OK conf= 99 v=0.50
    c 8: OK conf= 99 v=0.50
    c 9: OK conf= 99 v=0.50
    c10: OK conf= 99 v=0.50
    c11: OK conf= 99 v=0.50
  Enriched 12 candidates in 40.7s
[425/500] reason_425

  Enriching: reason_425 (easy, math)
    c 0: OK conf= 60 v=0.50
    c 1: OK conf= 60 v=0.50
    c 2: OK conf= 60 v=0.50
    c 3: OK conf= 60 v=0.50
    c 4: OK conf= 60 v=0.50
    c 5: OK conf= 60 v=0.50
    c 6: OK conf= 60 v=0.50
    c 7: OK conf= 60 v=0.50
    c 8: OK conf= 60 v=0.50
    c 9: OK conf= 60 v=0.50
    c10: OK conf= 60 v=0.50
    c11: OK conf= 60 v=0.50
  Enriched 12 candidates in 40.7s
[426/500] reason_426

  Enriching: reason_426 (easy, math)
    c 0: OK conf=100 v=0.50
    c 1: OK conf=100 v=0.50
    c 2: OK conf=100 v=0.50
    c 3: OK conf=100 v=0.50
    c 4: OK conf=100 v=0.50
    c 5: OK conf=100 v=0.50
    c 6: OK conf=100 v=0.50
    c 7: OK conf=100 v=0.50
    c 8: OK conf=100 v=0.50
    c 9: OK conf=100 v=0.50
    c10: OK conf=100 v=0.50
    c11: OK conf=100 v=0.50
  Enriched 12 candidates in 39.8s
[427/500] reason_427

  Enriching: reason_427 (medium, math)
    c 0: X  conf= 50 v=0.20
    c 1: X  conf= 50 v=0.20
    c 2: X  conf= 50 v=0.20
    c 3: X  conf= 90 v=0.20
    c 4: OK conf= 94 v=0.50
    c 5: X  conf= 90 v=0.20
    c 6: X  conf= 50 v=0.20
    c 7: X  conf= 95 v=0.50
    c 8: OK conf= 94 v=0.50
    c 9: X  conf= 95 v=0.50
    c10: X  conf= 95 v=0.50
    c11: X  conf= 95 v=0.50
  Enriched 12 candidates in 40.6s
[428/500] reason_428

  Enriching: reason_428 (easy, math)
    c 0: OK conf= 25 v=0.50
    c 1: OK conf= 25 v=0.50
    c 2: OK conf= 25 v=0.50
    c 3: OK conf= 25 v=0.50
    c 4: OK conf= 25 v=0.50
    c 5: OK conf= 25 v=0.50
    c 6: OK conf= 25 v=0.50
    c 7: OK conf= 25 v=0.50
    c 8: OK conf= 25 v=0.50
    c 9: OK conf= 25 v=0.50
    c10: OK conf= 25 v=0.50
    c11: OK conf= 25 v=0.50
  Enriched 12 candidates in 39.7s
[429/500] reason_429

  Enriching: reason_429 (easy, math)
    c 0: OK conf= 25 v=0.50
    c 1: OK conf= 25 v=0.50
    c 2: OK conf= 25 v=0.50
    c 3: OK conf= 25 v=0.50
    c 4: OK conf= 25 v=0.50
    c 5: OK conf= 25 v=0.50
    c 6: OK conf= 25 v=0.50
    c 7: OK conf= 25 v=0.50
    c 8: OK conf= 25 v=0.50
    c 9: OK conf= 25 v=0.50
    c10: OK conf= 25 v=0.50
    c11: OK conf= 25 v=0.50
  Enriched 12 candidates in 39.3s
[430/500] reason_430

  Enriching: reason_430 (easy, math)
    c 0: OK conf= 80 v=0.50
    c 1: OK conf= 80 v=0.50
    c 2: OK conf= 80 v=0.50
    c 3: OK conf= 80 v=0.50
    c 4: OK conf= 80 v=0.50
    c 5: OK conf= 80 v=0.50
    c 6: OK conf= 80 v=0.50
    c 7: OK conf= 80 v=0.50
    c 8: OK conf= 80 v=0.50
    c 9: OK conf= 80 v=0.50
    c10: OK conf= 80 v=0.50
    c11: OK conf= 80 v=0.50
  Enriched 12 candidates in 40.9s
[431/500] reason_431

  Enriching: reason_431 (medium, math)
    c 0: X  conf=  0 v=0.20
    c 1: X  conf=  0 v=0.20
    c 2: X  conf=  0 v=0.20
    c 3: X  conf=  0 v=0.20
    c 4: X  conf= 58 v=0.20
    c 5: X  conf=  0 v=0.20
    c 6: OK conf= 85 v=0.50
    c 7: X  conf=  0 v=0.20
    c 8: X  conf=  0 v=0.20
    c 9: OK conf= 85 v=0.50
    c10: X  conf=  0 v=0.20
    c11: X  conf=  0 v=0.20
  Enriched 12 candidates in 40.9s
[432/500] reason_432

  Enriching: reason_432 (easy, math)
    c 0: OK conf=100 v=0.06
    c 1: OK conf=100 v=0.06
    c 2: OK conf=100 v=0.06
    c 3: OK conf=100 v=0.06
    c 4: OK conf=100 v=0.06
    c 5: OK conf=100 v=0.06
    c 6: X  conf= 72 v=0.50
    c 7: OK conf=100 v=0.06
    c 8: OK conf=100 v=0.06
    c 9: OK conf=100 v=0.06
    c10: OK conf=100 v=0.06
    c11: OK conf=100 v=0.06
  Enriched 12 candidates in 39.7s
[433/500] reason_433

  Enriching: reason_433 (medium, math)
    c 0: OK conf=100 v=0.15
    c 1: OK conf=100 v=0.15
    c 2: OK conf=100 v=0.15
    c 3: X  conf= 15 v=0.15
    c 4: X  conf=  0 v=0.15
    c 5: OK conf=100 v=0.15
    c 6: OK conf=100 v=0.15
    c 7: X  conf= 85 v=0.15
    c 8: OK conf=100 v=0.15
    c 9: OK conf=100 v=0.15
    c10: OK conf=100 v=0.15
    c11: OK conf=100 v=0.15
  Enriched 12 candidates in 41.5s
[434/500] reason_434

  Enriching: reason_434 (medium, math)
    c 0: X  conf=100 v=0.50
    c 1: X  conf=100 v=0.50
    c 2: X  conf=100 v=0.50
    c 3: X  conf=100 v=0.50
    c 4: X  conf=100 v=0.50
    c 5: X  conf=100 v=0.50
    c 6: X  conf=100 v=0.50
    c 7: X  conf=100 v=0.50
    c 8: X  conf=100 v=0.50
    c 9: X  conf= 60 v=0.50
    c10: X  conf=100 v=0.50
    c11: X  conf=100 v=0.50
  Enriched 12 candidates in 39.7s
[435/500] reason_435

  Enriching: reason_435 (medium, math)
    c 0: X  conf= 20 v=0.20
    c 1: OK conf= 80 v=0.50
    c 2: OK conf= 80 v=0.50
    c 3: OK conf= 80 v=0.50
    c 4: OK conf= 80 v=0.50
    c 5: OK conf= 80 v=0.50
    c 6: OK conf= 80 v=0.50
    c 7: X  conf= 20 v=0.50
    c 8: X  conf= 20 v=0.50
    c 9: OK conf= 80 v=0.50
    c10: X  conf= 20 v=0.20
    c11: OK conf= 80 v=0.50
  Enriched 12 candidates in 41.6s
[436/500] reason_436

  Enriching: reason_436 (medium, math)
    c 0: X  conf= 27 v=0.50
    c 1: OK conf= 95 v=0.50
    c 2: OK conf= 95 v=0.50
    c 3: OK conf= 95 v=0.50
    c 4: X  conf= 20 v=0.50
    c 5: OK conf= 95 v=0.50
    c 6: OK conf= 95 v=0.50
    c 7: OK conf= 95 v=0.50
    c 8: X  conf= 95 v=0.50
    c 9: OK conf= 95 v=0.50
    c10: OK conf= 95 v=0.50
    c11: OK conf= 95 v=0.50
  Enriched 12 candidates in 41.6s
[437/500] reason_437

  Enriching: reason_437 (medium, math)
    c 0: X  conf= 90 v=0.50
    c 1: X  conf= 90 v=0.50
    c 2: X  conf= 90 v=0.50
    c 3: X  conf= 90 v=0.50
    c 4: X  conf= 90 v=0.50
    c 5: X  conf= 90 v=0.50
    c 6: X  conf= 95 v=0.50
    c 7: X  conf= 95 v=0.50
    c 8: X  conf= 90 v=0.50
    c 9: X  conf= 90 v=0.50
    c10: X  conf= 90 v=0.50
    c11: X  conf= 90 v=0.50
  Enriched 12 candidates in 41.7s
[438/500] reason_438

  Enriching: reason_438 (medium, math)
    c 0: OK conf= 80 v=0.50
    c 1: X  conf= 60 v=0.20
    c 2: OK conf= 80 v=0.50
    c 3: X  conf= 60 v=0.50
    c 4: X  conf= 60 v=0.20
    c 5: X  conf= 60 v=0.20
    c 6: OK conf= 80 v=0.50
    c 7: X  conf= 60 v=0.20
    c 8: X  conf= 60 v=0.50
    c 9: OK conf= 80 v=0.50
    c10: X  conf= 60 v=0.20
    c11: OK conf= 80 v=0.50
  Enriched 12 candidates in 41.3s
[439/500] reason_439

  Enriching: reason_439 (medium, math)
    c 0: OK conf= 96 v=0.50
    c 1: OK conf= 96 v=0.50
    c 2: OK conf= 96 v=0.50
    c 3: OK conf= 96 v=0.50
    c 4: OK conf= 96 v=0.50
    c 5: OK conf= 96 v=0.50
    c 6: OK conf= 96 v=0.50
    c 7: OK conf= 96 v=0.50
    c 8: OK conf= 96 v=0.50
    c 9: OK conf= 96 v=0.50
    c10: OK conf= 96 v=0.50
    c11: OK conf= 96 v=0.50
  Enriched 12 candidates in 39.4s
[440/500] reason_440

  Enriching: reason_440 (easy, math)
    c 0: OK conf= 70 v=1.00
    c 1: OK conf= 70 v=1.00
    c 2: OK conf= 70 v=1.00
    c 3: OK conf= 70 v=1.00
    c 4: OK conf= 70 v=1.00
    c 5: OK conf= 70 v=1.00
    c 6: OK conf= 70 v=1.00
    c 7: OK conf= 70 v=1.00
    c 8: OK conf= 70 v=1.00
    c 9: OK conf= 70 v=1.00
    c10: OK conf= 70 v=1.00
    c11: OK conf= 70 v=1.00
  Enriched 12 candidates in 40.3s
[441/500] reason_441

  Enriching: reason_441 (easy, math)
    c 0: OK conf= 55 v=0.50
    c 1: OK conf= 55 v=0.50
    c 2: OK conf= 55 v=0.50
    c 3: OK conf= 55 v=0.50
    c 4: OK conf= 55 v=0.50
    c 5: OK conf= 55 v=0.50
    c 6: OK conf= 55 v=0.50
    c 7: OK conf= 55 v=0.50
    c 8: OK conf= 55 v=0.50
    c 9: OK conf= 55 v=0.50
    c10: OK conf= 55 v=0.50
    c11: OK conf= 55 v=0.50
  Enriched 12 candidates in 39.4s
[442/500] reason_442

  Enriching: reason_442 (medium, math)
    c 0: OK conf=100 v=0.50
    c 1: OK conf=100 v=0.50
    c 2: OK conf=100 v=0.50
    c 3: OK conf=100 v=0.50
    c 4: OK conf=100 v=0.50
    c 5: OK conf=100 v=0.50
    c 6: OK conf=100 v=0.50
    c 7: OK conf=100 v=0.50
    c 8: OK conf=100 v=0.50
    c 9: OK conf=100 v=0.50
    c10: OK conf=100 v=0.50
    c11: OK conf=100 v=0.50
  Enriched 12 candidates in 39.6s
[443/500] reason_443

  Enriching: reason_443 (easy, math)
    c 0: X  conf=100 v=0.50
    c 1: OK conf= 60 v=0.50
    c 2: OK conf= 60 v=0.50
    c 3: OK conf= 60 v=0.50
    c 4: OK conf= 60 v=0.50
    c 5: OK conf= 60 v=0.50
    c 6: OK conf= 60 v=0.50
    c 7: OK conf= 60 v=0.50
    c 8: X  conf= 60 v=0.20
    c 9: X  conf= 60 v=0.20
    c10: OK conf= 60 v=0.50
    c11: OK conf= 60 v=0.50
  Enriched 12 candidates in 39.6s
[444/500] reason_444

  Enriching: reason_444 (medium, math)
    c 0: X  conf= 30 v=0.50
    c 1: OK conf= 95 v=0.50
    c 2: OK conf= 95 v=0.50
    c 3: OK conf= 95 v=0.50
    c 4: OK conf= 95 v=0.50
    c 5: OK conf= 95 v=0.50
    c 6: OK conf= 95 v=0.50
    c 7: X  conf= 30 v=0.50
    c 8: X  conf= 30 v=0.50
    c 9: X  conf=  5 v=0.50
    c10: X  conf= 30 v=0.50
    c11: X  conf= 30 v=0.50
  Enriched 12 candidates in 41.2s
[445/500] reason_445

  Enriching: reason_445 (easy, math)
    c 0: X  conf= 15 v=0.50
    c 1: X  conf= 10 v=0.20
    c 2: OK conf=100 v=0.50
    c 3: OK conf=100 v=0.50
    c 4: X  conf= 15 v=0.50
    c 5: OK conf=100 v=0.50
    c 6: OK conf=100 v=0.50
    c 7: OK conf=100 v=0.50
    c 8: OK conf=100 v=0.50
    c 9: OK conf=100 v=0.50
    c10: OK conf=100 v=0.50
    c11: OK conf=100 v=0.50
  Enriched 12 candidates in 39.4s
[446/500] reason_446

  Enriching: reason_446 (hard, math)
    c 0: OK conf=  2 v=0.50
    c 1: OK conf=  2 v=0.50
    c 2: OK conf=  2 v=0.50
    c 3: OK conf=  2 v=0.50
    c 4: X  conf=  1 v=0.50
    c 5: OK conf=  2 v=0.50
    c 6: OK conf=  2 v=0.50
    c 7: OK conf=  2 v=0.50
    c 8: OK conf=  2 v=0.50
    c 9: OK conf=  2 v=0.50
    c10: OK conf=  2 v=0.50
    c11: X  conf=  0 v=0.50
  Enriched 12 candidates in 39.7s
[447/500] reason_447

  Enriching: reason_447 (medium, math)
    c 0: X  conf= 25 v=0.20
    c 1: X  conf= 25 v=0.20
    c 2: X  conf= 25 v=0.20
    c 3: X  conf= 25 v=0.20
    c 4: X  conf= 25 v=0.20
    c 5: X  conf= 25 v=0.20
    c 6: X  conf= 25 v=0.20
    c 7: X  conf= 50 v=0.20
    c 8: X  conf= 20 v=0.20
    c 9: X  conf= 50 v=0.20
    c10: X  conf= 25 v=0.20
    c11: X  conf= 50 v=0.20
  Enriched 12 candidates in 40.8s
[448/500] reason_448

  Enriching: reason_448 (medium, math)
    c 0: OK conf=100 v=0.50
    c 1: OK conf=100 v=0.50
    c 2: OK conf=100 v=0.50
    c 3: OK conf=100 v=0.50
    c 4: OK conf=100 v=0.50
    c 5: OK conf=100 v=0.50
    c 6: OK conf=100 v=0.50
    c 7: OK conf=100 v=0.50
    c 8: OK conf=100 v=0.50
    c 9: OK conf=100 v=0.50
    c10: OK conf=100 v=0.50
    c11: OK conf=100 v=0.50
  Enriched 12 candidates in 39.8s
[449/500] reason_449

  Enriching: reason_449 (medium, math)
    c 0: OK conf= 70 v=0.50
    c 1: X  conf=  0 v=0.50
    c 2: X  conf=  0 v=0.50
    c 3: OK conf= 70 v=0.50
    c 4: OK conf= 70 v=0.50
    c 5: OK conf= 70 v=0.50
    c 6: X  conf=  0 v=0.50
    c 7: OK conf= 70 v=0.50
    c 8: OK conf= 70 v=0.50
    c 9: OK conf= 70 v=0.50
    c10: OK conf= 70 v=0.50
    c11: OK conf= 70 v=0.50
  Enriched 12 candidates in 40.8s
[450/500] reason_450

  Enriching: reason_450 (easy, math)
    c 0: OK conf=100 v=0.50
    c 1: OK conf=100 v=0.50
    c 2: OK conf=100 v=0.50
    c 3: OK conf=100 v=0.50
    c 4: OK conf=100 v=0.50
    c 5: OK conf=100 v=0.50
    c 6: OK conf=100 v=0.50
    c 7: OK conf=100 v=0.50
    c 8: OK conf=100 v=0.50
    c 9: OK conf=100 v=0.50
    c10: OK conf=100 v=0.50
    c11: OK conf=100 v=0.50
  Enriched 12 candidates in 38.8s
[451/500] reason_451

  Enriching: reason_451 (easy, math)
    c 0: OK conf=100 v=0.50
    c 1: OK conf=100 v=0.50
    c 2: OK conf=100 v=0.50
    c 3: OK conf=100 v=0.50
    c 4: OK conf=100 v=0.50
    c 5: OK conf=100 v=0.50
    c 6: OK conf=100 v=0.50
    c 7: OK conf=100 v=0.50
    c 8: OK conf=100 v=0.50
    c 9: OK conf=100 v=0.50
    c10: OK conf=100 v=0.50
    c11: OK conf=100 v=0.50
  Enriched 12 candidates in 40.1s
[452/500] reason_452

  Enriching: reason_452 (medium, math)
    c 0: OK conf= 85 v=0.50
    c 1: OK conf= 85 v=0.50
    c 2: OK conf= 85 v=0.50
    c 3: OK conf= 85 v=0.50
    c 4: OK conf= 85 v=0.50
    c 5: OK conf= 85 v=0.50
    c 6: OK conf= 85 v=0.50
    c 7: X  conf= 85 v=0.50
    c 8: OK conf= 85 v=0.50
    c 9: OK conf= 85 v=0.50
    c10: OK conf= 85 v=0.50
    c11: OK conf= 85 v=0.50
  Enriched 12 candidates in 38.4s
[453/500] reason_453

  Enriching: reason_453 (easy, math)
    c 0: OK conf=100 v=0.50
    c 1: OK conf=100 v=0.50
    c 2: OK conf=100 v=0.50
    c 3: OK conf=100 v=0.50
    c 4: OK conf=100 v=0.50
    c 5: OK conf=100 v=0.50
    c 6: OK conf=100 v=0.50
    c 7: OK conf=100 v=0.50
    c 8: OK conf=100 v=0.50
    c 9: OK conf=100 v=0.50
    c10: OK conf=100 v=0.50
    c11: OK conf=100 v=0.50
  Enriched 12 candidates in 38.7s
[454/500] reason_454

  Enriching: reason_454 (easy, math)
    c 0: OK conf= 95 v=0.50
    c 1: OK conf= 95 v=0.50
    c 2: OK conf= 95 v=0.50
    c 3: OK conf= 95 v=0.50
    c 4: OK conf= 95 v=0.50
    c 5: OK conf= 95 v=0.50
    c 6: OK conf= 95 v=0.50
    c 7: X  conf=  0 v=0.20
    c 8: OK conf= 95 v=0.50
    c 9: OK conf= 95 v=0.50
    c10: OK conf= 95 v=0.50
    c11: OK conf= 95 v=0.50
  Enriched 12 candidates in 40.8s
[455/500] reason_455

  Enriching: reason_455 (medium, math)
    c 0: X  conf=  0 v=0.20
    c 1: X  conf=  0 v=0.20
    c 2: OK conf= 95 v=0.50
    c 3: X  conf=  0 v=0.20
    c 4: X  conf= 95 v=0.50
    c 5: X  conf=  0 v=0.50
    c 6: X  conf=  0 v=0.20
    c 7: X  conf=  0 v=0.50
    c 8: X  conf=  0 v=0.20
    c 9: OK conf= 95 v=0.50
    c10: X  conf=  0 v=0.50
    c11: X  conf=  0 v=0.20
  Enriched 12 candidates in 40.8s
[456/500] reason_456

  Enriching: reason_456 (medium, math)
    c 0: X  conf=  0 v=0.20
    c 1: X  conf=  0 v=0.20
    c 2: X  conf=  0 v=0.20
    c 3: X  conf=100 v=0.50
    c 4: X  conf=100 v=0.50
    c 5: X  conf=  0 v=0.50
    c 6: X  conf=100 v=0.50
    c 7: X  conf=  0 v=0.20
    c 8: X  conf= 40 v=0.20
    c 9: X  conf=  0 v=0.50
    c10: X  conf=  0 v=0.50
    c11: X  conf=  0 v=0.50
  Enriched 12 candidates in 40.7s
[457/500] reason_457

  Enriching: reason_457 (easy, math)
    c 0: OK conf=100 v=0.50
    c 1: OK conf=100 v=0.50
    c 2: OK conf=100 v=0.50
    c 3: OK conf=100 v=0.50
    c 4: OK conf=100 v=0.50
    c 5: OK conf=100 v=0.50
    c 6: OK conf=100 v=0.50
    c 7: OK conf=100 v=0.50
    c 8: OK conf=100 v=0.50
    c 9: OK conf=100 v=0.50
    c10: OK conf=100 v=0.50
    c11: OK conf=100 v=0.50
  Enriched 12 candidates in 40.7s
[458/500] reason_458

  Enriching: reason_458 (medium, math)
    c 0: OK conf= 50 v=0.50
    c 1: OK conf= 50 v=0.50
    c 2: OK conf= 50 v=0.50
    c 3: OK conf= 50 v=0.50
    c 4: OK conf= 50 v=0.50
    c 5: OK conf= 50 v=0.50
    c 6: OK conf= 50 v=0.50
    c 7: OK conf= 50 v=0.20
    c 8: OK conf= 50 v=0.20
    c 9: X  conf= 50 v=0.20
    c10: OK conf= 50 v=0.20
    c11: OK conf= 50 v=0.50
  Enriched 12 candidates in 41.1s
[459/500] reason_459

  Enriching: reason_459 (easy, math)
    c 0: X  conf=  4 v=0.20
    c 1: X  conf=  4 v=0.20
    c 2: X  conf=  4 v=0.20
    c 3: X  conf=  4 v=0.20
    c 4: X  conf=  4 v=0.20
    c 5: X  conf=  4 v=0.20
    c 6: X  conf=  4 v=0.20
    c 7: X  conf=  4 v=0.20
    c 8: X  conf=100 v=0.50
    c 9: OK conf=100 v=0.50
    c10: X  conf= 40 v=0.20
    c11: X  conf=  4 v=0.20
  Enriched 12 candidates in 40.3s
[460/500] reason_460

  Enriching: reason_460 (easy, math)
    c 0: OK conf=100 v=0.50
    c 1: OK conf=100 v=0.50
    c 2: OK conf=100 v=0.50
    c 3: OK conf=100 v=0.50
    c 4: OK conf=100 v=0.50
    c 5: OK conf=100 v=0.50
    c 6: OK conf=100 v=0.50
    c 7: X  conf=100 v=0.50
    c 8: OK conf=100 v=0.50
    c 9: OK conf=100 v=0.50
    c10: OK conf=100 v=0.50
    c11: OK conf=100 v=0.50
  Enriched 12 candidates in 39.7s
[461/500] reason_461

  Enriching: reason_461 (easy, math)
    c 0: OK conf=100 v=0.50
    c 1: OK conf=100 v=0.50
    c 2: OK conf=100 v=0.50
    c 3: OK conf=100 v=0.50
    c 4: OK conf=100 v=0.50
    c 5: OK conf=100 v=0.50
    c 6: OK conf=100 v=0.50
    c 7: OK conf=100 v=0.50
    c 8: OK conf=100 v=0.50
    c 9: OK conf=100 v=0.50
    c10: OK conf=100 v=0.50
    c11: OK conf=100 v=0.50
  Enriched 12 candidates in 39.7s
[462/500] reason_462

  Enriching: reason_462 (medium, math)
    c 0: OK conf=100 v=0.50
    c 1: OK conf=100 v=0.50
    c 2: OK conf=100 v=0.50
    c 3: OK conf=100 v=0.50
    c 4: OK conf=100 v=0.50
    c 5: OK conf=100 v=0.50
    c 6: OK conf=100 v=0.50
    c 7: OK conf=100 v=0.50
    c 8: OK conf=100 v=0.50
    c 9: OK conf=100 v=0.50
    c10: OK conf=100 v=0.50
    c11: OK conf=100 v=0.50
  Enriched 12 candidates in 39.8s
[463/500] reason_463

  Enriching: reason_463 (easy, combinatorics)
    c 0: OK conf=100 v=0.50
    c 1: OK conf=100 v=0.50
    c 2: OK conf=100 v=0.50
    c 3: OK conf=100 v=0.50
    c 4: OK conf=100 v=0.50
    c 5: OK conf=100 v=0.50
    c 6: OK conf=100 v=0.50
    c 7: OK conf=100 v=0.50
    c 8: OK conf=100 v=0.50
    c 9: OK conf=100 v=0.50
    c10: OK conf=100 v=0.50
    c11: OK conf=100 v=0.50
  Enriched 12 candidates in 38.7s
[464/500] reason_464

  Enriching: reason_464 (easy, combinatorics)
    c 0: OK conf=100 v=0.50
    c 1: OK conf=100 v=0.50
    c 2: OK conf=100 v=0.50
    c 3: OK conf=100 v=0.50
    c 4: OK conf=100 v=0.50
    c 5: OK conf=100 v=0.50
    c 6: OK conf=100 v=0.50
    c 7: X  conf= 60 v=0.20
    c 8: OK conf=100 v=0.50
    c 9: OK conf=100 v=0.50
    c10: OK conf=100 v=0.50
    c11: OK conf=100 v=0.50
  Enriched 12 candidates in 38.9s
[465/500] reason_465

  Enriching: reason_465 (easy, math)
    c 0: OK conf= 80 v=0.50
    c 1: OK conf= 80 v=0.50
    c 2: OK conf= 80 v=0.50
    c 3: OK conf= 80 v=0.50
    c 4: OK conf= 80 v=0.50
    c 5: OK conf= 80 v=0.50
    c 6: OK conf= 80 v=0.50
    c 7: OK conf= 80 v=0.50
    c 8: OK conf= 80 v=0.50
    c 9: OK conf= 80 v=0.50
    c10: OK conf= 80 v=0.50
    c11: OK conf= 80 v=0.50
  Enriched 12 candidates in 41.9s
[466/500] reason_466

  Enriching: reason_466 (medium, math)
    c 0: X  conf= 70 v=0.20
    c 1: X  conf= 70 v=0.20
    c 2: X  conf= 70 v=0.20
    c 3: X  conf= 70 v=0.20
    c 4: X  conf= 70 v=0.20
    c 5: X  conf=  7 v=0.20
    c 6: OK conf= 70 v=0.50
    c 7: X  conf=  7 v=0.20
    c 8: X  conf= 70 v=0.20
    c 9: X  conf= 70 v=0.20
    c10: X  conf=  7 v=0.20
    c11: X  conf=  7 v=0.20
  Enriched 12 candidates in 40.9s
[467/500] reason_467

  Enriching: reason_467 (easy, math)
    c 0: OK conf= 95 v=0.50
    c 1: OK conf= 95 v=0.50
    c 2: OK conf= 95 v=0.50
    c 3: OK conf= 95 v=0.50
    c 4: OK conf= 95 v=0.50
    c 5: OK conf= 95 v=0.50
    c 6: OK conf= 95 v=0.50
    c 7: OK conf= 95 v=0.50
    c 8: OK conf= 95 v=0.50
    c 9: OK conf= 95 v=0.50
    c10: OK conf= 95 v=0.50
    c11: OK conf= 95 v=0.50
  Enriched 12 candidates in 40.8s
[468/500] reason_468

  Enriching: reason_468 (easy, math)
    c 0: OK conf= 50 v=0.50
    c 1: OK conf= 50 v=0.50
    c 2: OK conf= 50 v=0.50
    c 3: OK conf= 50 v=0.50
    c 4: OK conf= 50 v=0.50
    c 5: OK conf= 50 v=0.50
    c 6: OK conf= 50 v=0.50
    c 7: OK conf= 50 v=0.50
    c 8: OK conf= 50 v=0.50
    c 9: OK conf= 50 v=0.50
    c10: OK conf= 50 v=0.50
    c11: OK conf= 50 v=0.50
  Enriched 12 candidates in 40.9s
[469/500] reason_469

  Enriching: reason_469 (easy, math)
    c 0: OK conf=100 v=0.50
    c 1: OK conf=100 v=0.50
    c 2: OK conf=100 v=0.50
    c 3: OK conf=100 v=0.50
    c 4: OK conf=100 v=0.50
    c 5: OK conf=100 v=0.50
    c 6: OK conf=100 v=0.50
    c 7: OK conf=100 v=0.50
    c 8: OK conf=100 v=0.50
    c 9: OK conf=100 v=0.50
    c10: OK conf=100 v=0.50
    c11: OK conf=100 v=0.50
  Enriched 12 candidates in 40.9s
[470/500] reason_470

  Enriching: reason_470 (easy, math)
    c 0: OK conf=100 v=1.00
    c 1: OK conf=100 v=1.00
    c 2: OK conf=100 v=1.00
    c 3: OK conf=100 v=1.00
    c 4: OK conf=100 v=1.00
    c 5: OK conf=100 v=1.00
    c 6: OK conf=100 v=1.00
    c 7: OK conf=100 v=1.00
    c 8: OK conf=100 v=1.00
    c 9: OK conf=100 v=1.00
    c10: OK conf=100 v=1.00
    c11: OK conf=100 v=1.00
  Enriched 12 candidates in 40.8s
[471/500] reason_471

  Enriching: reason_471 (medium, logic)
    c 0: X  conf=  0 v=0.50
    c 1: X  conf=  0 v=0.50
    c 2: X  conf=100 v=0.50
    c 3: X  conf=  0 v=0.20
    c 4: X  conf=  0 v=0.50
    c 5: X  conf=  0 v=0.50
    c 6: X  conf=  0 v=0.50
    c 7: X  conf=  0 v=0.50
    c 8: X  conf=  0 v=0.50
    c 9: X  conf=  0 v=0.50
    c10: X  conf=  0 v=0.20
    c11: X  conf=  0 v=0.50
  Enriched 12 candidates in 38.2s
[472/500] reason_472

  Enriching: reason_472 (medium, logic)
    c 0: X  conf=100 v=0.20
    c 1: X  conf=100 v=0.20
    c 2: X  conf=100 v=0.20
    c 3: X  conf=100 v=0.20
    c 4: OK conf= 95 v=0.50
    c 5: X  conf=100 v=0.20
    c 6: OK conf= 95 v=0.50
    c 7: X  conf=100 v=0.20
    c 8: OK conf= 95 v=0.50
    c 9: X  conf=  0 v=0.20
    c10: X  conf=100 v=0.20
    c11: X  conf=  0 v=0.20
  Enriched 12 candidates in 38.6s
[473/500] reason_473

  Enriching: reason_473 (hard, logic)
    c 0: X  conf=100 v=0.50
    c 1: X  conf=100 v=0.50
    c 2: X  conf=100 v=0.50
    c 3: X  conf=100 v=0.50
    c 4: X  conf=100 v=0.50
    c 5: X  conf=100 v=0.50
    c 6: X  conf=100 v=0.50
    c 7: X  conf=100 v=0.50
    c 8: X  conf=100 v=0.50
    c 9: X  conf=100 v=0.50
    c10: X  conf=100 v=0.50
    c11: X  conf=  0 v=0.20
  Enriched 12 candidates in 38.9s
[474/500] reason_474

  Enriching: reason_474 (medium, logic)
    c 0: X  conf=  0 v=0.70
    c 1: X  conf=  0 v=0.70
    c 2: X  conf=  0 v=0.70
    c 3: OK conf= 80 v=0.50
    c 4: X  conf=  0 v=0.70
    c 5: X  conf=  0 v=1.00
    c 6: X  conf=  0 v=0.70
    c 7: X  conf=  0 v=0.70
    c 8: X  conf=  0 v=0.70
    c 9: X  conf=  0 v=0.70
    c10: X  conf=  0 v=0.70
    c11: X  conf=  0 v=0.70
  Enriched 12 candidates in 41.0s
[475/500] reason_475

  Enriching: reason_475 (easy, logic)
    c 0: X  conf=  0 v=0.20
    c 1: X  conf= 80 v=0.50
    c 2: X  conf=  0 v=0.20
    c 3: X  conf=  0 v=0.20
    c 4: X  conf= 80 v=0.50
    c 5: X  conf= 80 v=0.50
    c 6: X  conf= 80 v=0.50
    c 7: X  conf= 80 v=0.50
    c 8: X  conf=  0 v=0.20
    c 9: X  conf= 80 v=0.50
    c10: X  conf= 80 v=0.50
    c11: X  conf= 80 v=0.50
  Enriched 12 candidates in 39.4s
[476/500] reason_476

  Enriching: reason_476 (medium, logic)
    c 0: OK conf= 80 v=0.50
    c 1: OK conf=100 v=0.50
    c 2: OK conf= 80 v=0.50
    c 3: OK conf= 80 v=0.50
    c 4: X  conf=  0 v=0.20
    c 5: OK conf=100 v=0.50
    c 6: OK conf= 80 v=0.50
    c 7: OK conf=100 v=0.50
    c 8: OK conf=100 v=0.50
    c 9: OK conf= 80 v=0.50
    c10: OK conf= 80 v=0.50
    c11: OK conf= 80 v=0.50
  Enriched 12 candidates in 40.2s
[477/500] reason_477

  Enriching: reason_477 (hard, math)
    c 0: X  conf= 95 v=0.50
    c 1: X  conf=  0 v=0.50
    c 2: X  conf=  0 v=0.50
    c 3: X  conf=  0 v=0.50
    c 4: X  conf=  0 v=0.50
    c 5: X  conf=  0 v=0.50
    c 6: X  conf=  0 v=0.50
    c 7: X  conf=  0 v=0.50
    c 8: X  conf=  0 v=0.50
    c 9: X  conf=  0 v=0.50
    c10: X  conf=  0 v=0.50
    c11: X  conf= 95 v=0.50
  Enriched 12 candidates in 38.2s
[478/500] reason_478

  Enriching: reason_478 (hard, math)
    c 0: X  conf=  0 v=0.50
    c 1: X  conf=  0 v=0.50
    c 2: X  conf=  0 v=0.50
    c 3: X  conf=  0 v=0.50
    c 4: X  conf=  0 v=0.50
    c 5: X  conf=  0 v=0.50
    c 6: X  conf=  0 v=0.50
    c 7: X  conf=  0 v=0.50
    c 8: X  conf=  0 v=0.50
    c 9: X  conf=  0 v=0.50
    c10: X  conf=  0 v=0.50
    c11: X  conf=  0 v=0.50
  Enriched 12 candidates in 41.5s
[479/500] reason_479

  Enriching: reason_479 (hard, math)
    c 0: X  conf=100 v=0.50
    c 1: X  conf=100 v=0.50
    c 2: OK conf= 80 v=0.50
    c 3: X  conf=  0 v=0.50
    c 4: X  conf=  0 v=0.50
    c 5: X  conf=100 v=0.50
    c 6: X  conf=  0 v=0.50
    c 7: X  conf=  0 v=0.50
    c 8: X  conf=  0 v=0.50
    c 9: X  conf=100 v=0.50
    c10: X  conf=  0 v=0.50
    c11: OK conf= 80 v=0.50
  Enriched 12 candidates in 39.7s
[480/500] reason_480

  Enriching: reason_480 (hard, math)
    c 0: X  conf=  0 v=0.50
    c 1: X  conf=  0 v=0.50
    c 2: X  conf=  0 v=0.50
    c 3: X  conf=  0 v=0.50
    c 4: OK conf= 95 v=0.50
    c 5: X  conf=  0 v=0.50
    c 6: X  conf=  0 v=0.50
    c 7: X  conf=  0 v=0.50
    c 8: X  conf=  0 v=0.50
    c 9: X  conf=  0 v=0.50
    c10: X  conf=  0 v=0.50
    c11: X  conf=  0 v=0.50
  Enriched 12 candidates in 38.1s
[481/500] reason_481

  Enriching: reason_481 (medium, math)
    c 0: X  conf= 50 v=0.20
    c 1: X  conf= 50 v=0.20
    c 2: X  conf= 50 v=0.20
    c 3: X  conf= 50 v=0.20
    c 4: X  conf= 50 v=0.20
    c 5: X  conf= 50 v=0.20
    c 6: X  conf= 50 v=0.20
    c 7: X  conf= 50 v=0.20
    c 8: X  conf= 50 v=0.20
    c 9: X  conf= 50 v=0.20
    c10: X  conf= 50 v=0.20
    c11: X  conf= 50 v=0.20
  Enriched 12 candidates in 41.4s
[482/500] reason_482

  Enriching: reason_482 (easy, math)
    c 0: OK conf=100 v=0.50
    c 1: OK conf=100 v=0.50
    c 2: OK conf=100 v=0.50
    c 3: OK conf=100 v=0.50
    c 4: OK conf=100 v=0.50
    c 5: OK conf=100 v=0.50
    c 6: OK conf=100 v=0.50
    c 7: OK conf=100 v=0.50
    c 8: OK conf=100 v=0.50
    c 9: OK conf=100 v=0.50
    c10: OK conf=100 v=0.50
    c11: OK conf=100 v=0.50
  Enriched 12 candidates in 39.8s
[483/500] reason_483

  Enriching: reason_483 (easy, math)
    c 0: OK conf= 80 v=0.20
    c 1: OK conf= 80 v=0.20
    c 2: OK conf= 80 v=0.20
    c 3: OK conf= 80 v=0.20
    c 4: OK conf= 80 v=0.20
    c 5: OK conf= 80 v=0.20
    c 6: OK conf= 80 v=0.20
    c 7: OK conf= 80 v=0.20
    c 8: OK conf= 80 v=0.20
    c 9: OK conf= 80 v=0.20
    c10: OK conf= 80 v=0.20
    c11: OK conf= 80 v=0.20
  Enriched 12 candidates in 39.8s
[484/500] reason_484

  Enriching: reason_484 (easy, math)
    c 0: OK conf=100 v=0.50
    c 1: X  conf=100 v=0.50
    c 2: OK conf=100 v=0.50
    c 3: OK conf=100 v=0.50
    c 4: OK conf=100 v=0.50
    c 5: X  conf=100 v=0.50
    c 6: OK conf=100 v=0.50
    c 7: OK conf=100 v=0.50
    c 8: OK conf=100 v=0.50
    c 9: OK conf=100 v=0.50
    c10: OK conf=100 v=0.50
    c11: OK conf=100 v=0.50
  Enriched 12 candidates in 39.7s
[485/500] reason_485

  Enriching: reason_485 (medium, math)
    c 0: OK conf= 90 v=0.50
    c 1: OK conf= 90 v=0.50
    c 2: OK conf= 90 v=0.50
    c 3: OK conf= 90 v=0.50
    c 4: X  conf= 90 v=0.50
    c 5: OK conf= 90 v=0.50
    c 6: OK conf= 90 v=0.50
    c 7: OK conf= 90 v=0.50
    c 8: OK conf= 90 v=0.50
    c 9: OK conf= 90 v=0.50
    c10: OK conf= 90 v=0.50
    c11: OK conf= 90 v=0.50
  Enriched 12 candidates in 40.8s
[486/500] reason_486

  Enriching: reason_486 (medium, math)
    c 0: OK conf= 50 v=0.50
    c 1: OK conf= 50 v=0.50
    c 2: X  conf= 33 v=0.50
    c 3: X  conf= 10 v=0.20
    c 4: X  conf= 10 v=0.20
    c 5: X  conf= 10 v=0.20
    c 6: X  conf= 33 v=0.50
    c 7: X  conf= 10 v=0.20
    c 8: OK conf= 50 v=0.50
    c 9: X  conf= 33 v=0.50
    c10: OK conf= 50 v=0.50
    c11: X  conf= 10 v=0.20
  Enriched 12 candidates in 40.9s
[487/500] reason_487

  Enriching: reason_487 (medium, math)
    c 0: OK conf= 75 v=0.50
    c 1: OK conf= 75 v=0.50
    c 2: OK conf= 75 v=0.50
    c 3: X  conf= 70 v=0.50
    c 4: X  conf= 70 v=0.20
    c 5: X  conf= 70 v=0.20
    c 6: OK conf= 75 v=0.50
    c 7: OK conf= 75 v=0.50
    c 8: X  conf= 70 v=0.20
    c 9: OK conf= 75 v=0.50
    c10: X  conf= 70 v=0.20
    c11: X  conf= 70 v=0.20
  Enriched 12 candidates in 41.3s
[488/500] reason_488

  Enriching: reason_488 (easy, math)
    c 0: OK conf= 86 v=0.40
    c 1: OK conf= 86 v=0.40
    c 2: OK conf= 86 v=0.40
    c 3: OK conf= 86 v=0.40
    c 4: OK conf= 86 v=0.40
    c 5: OK conf= 86 v=0.40
    c 6: OK conf= 86 v=0.40
    c 7: OK conf= 86 v=0.40
    c 8: OK conf= 86 v=0.40
    c 9: OK conf= 86 v=0.40
    c10: OK conf= 86 v=0.40
    c11: OK conf= 86 v=0.40
  Enriched 12 candidates in 39.4s
[489/500] reason_489

  Enriching: reason_489 (hard, math)
    c 0: X  conf=  0 v=0.50
    c 1: X  conf= 30 v=0.50
    c 2: X  conf= 30 v=0.50
    c 3: X  conf=  0 v=0.50
    c 4: X  conf= 30 v=0.50
    c 5: X  conf=  0 v=0.50
    c 6: X  conf= 20 v=0.50
    c 7: X  conf=  0 v=0.50
    c 8: X  conf= 30 v=0.50
    c 9: X  conf= 20 v=0.50
    c10: X  conf= 20 v=0.50
    c11: X  conf= 30 v=0.50
  Enriched 12 candidates in 39.4s
[490/500] reason_490

  Enriching: reason_490 (medium, math)
    c 0: OK conf= 80 v=0.50
    c 1: OK conf= 80 v=0.50
    c 2: OK conf= 80 v=0.50
    c 3: X  conf= 40 v=0.50
    c 4: OK conf= 80 v=0.50
    c 5: OK conf= 80 v=0.50
    c 6: OK conf= 80 v=0.50
    c 7: X  conf= 60 v=0.50
    c 8: X  conf= 60 v=0.50
    c 9: OK conf= 80 v=0.50
    c10: OK conf= 80 v=0.50
    c11: X  conf= 40 v=0.50
  Enriched 12 candidates in 41.7s
[491/500] reason_491

  Enriching: reason_491 (hard, math)
    c 0: X  conf= 70 v=0.50
    c 1: X  conf=  0 v=0.20
    c 2: X  conf=  0 v=0.20
    c 3: X  conf=  1 v=0.20
    c 4: OK conf=100 v=0.50
    c 5: X  conf=  0 v=0.20
    c 6: X  conf=  0 v=0.20
    c 7: X  conf=  0 v=0.20
    c 8: X  conf=  1 v=0.20
    c 9: X  conf=  0 v=0.20
    c10: X  conf= 70 v=0.50
    c11: X  conf=  0 v=0.20
  Enriched 12 candidates in 40.6s
[492/500] reason_492

  Enriching: reason_492 (hard, math)
    c 0: X  conf=  0 v=0.20
    c 1: X  conf=  0 v=0.20
    c 2: X  conf=  0 v=0.20
    c 3: OK conf= 95 v=0.50
    c 4: X  conf= 60 v=0.20
    c 5: X  conf=  0 v=0.20
    c 6: X  conf=  0 v=0.20
    c 7: X  conf= 60 v=0.20
    c 8: X  conf=  0 v=0.20
    c 9: X  conf= 60 v=0.20
    c10: X  conf=  3 v=0.20
    c11: X  conf=  0 v=0.20
  Enriched 12 candidates in 41.4s
[493/500] reason_493

  Enriching: reason_493 (medium, math)
    c 0: OK conf=100 v=0.50
    c 1: OK conf=100 v=0.50
    c 2: OK conf=100 v=0.50
    c 3: OK conf=100 v=0.50
    c 4: OK conf=100 v=0.50
    c 5: OK conf=100 v=0.50
    c 6: OK conf=100 v=0.50
    c 7: OK conf=100 v=0.50
    c 8: OK conf=100 v=0.50
    c 9: OK conf=100 v=0.50
    c10: OK conf=100 v=0.50
    c11: OK conf=100 v=0.50
  Enriched 12 candidates in 38.6s
[494/500] reason_494

  Enriching: reason_494 (hard, math)
    c 0: OK conf= 60 v=0.50
    c 1: OK conf= 60 v=0.50
    c 2: OK conf= 60 v=0.50
    c 3: X  conf= 60 v=0.50
    c 4: OK conf= 60 v=0.50
    c 5: X  conf= 60 v=0.50
    c 6: X  conf= 60 v=0.20
    c 7: OK conf= 60 v=0.50
    c 8: OK conf= 60 v=0.50
    c 9: OK conf= 60 v=0.50
    c10: OK conf= 60 v=0.50
    c11: OK conf= 60 v=0.50
  Enriched 12 candidates in 40.9s
[495/500] reason_495

  Enriching: reason_495 (hard, math)
    c 0: X  conf=  2 v=0.20
    c 1: OK conf=100 v=0.50
    c 2: OK conf=100 v=0.50
    c 3: X  conf=  2 v=0.20
    c 4: OK conf=100 v=0.50
    c 5: X  conf=  2 v=0.20
    c 6: X  conf=  2 v=0.20
    c 7: X  conf=  2 v=0.50
    c 8: X  conf=  2 v=0.50
    c 9: X  conf=  2 v=0.50
    c10: X  conf=  2 v=0.20
    c11: X  conf=  2 v=0.50
  Enriched 12 candidates in 39.0s
[496/500] reason_496

  Enriching: reason_496 (easy, math)
    c 0: OK conf=100 v=0.50
    c 1: OK conf=100 v=0.50
    c 2: OK conf=100 v=0.50
    c 3: OK conf=100 v=0.50
    c 4: OK conf=100 v=0.50
    c 5: OK conf=100 v=0.50
    c 6: OK conf=100 v=0.50
    c 7: OK conf=100 v=0.50
    c 8: OK conf=100 v=0.50
    c 9: OK conf=100 v=0.50
    c10: OK conf=100 v=0.50
    c11: OK conf=100 v=0.50
  Enriched 12 candidates in 41.7s
[497/500] reason_497

  Enriching: reason_497 (easy, math)
    c 0: OK conf=100 v=0.50
    c 1: OK conf=100 v=0.50
    c 2: OK conf=100 v=0.50
    c 3: OK conf=100 v=0.50
    c 4: OK conf=100 v=0.50
    c 5: OK conf=100 v=0.50
    c 6: OK conf=100 v=0.50
    c 7: OK conf=100 v=0.50
    c 8: OK conf=100 v=0.50
    c 9: OK conf=100 v=0.50
    c10: OK conf=100 v=0.50
    c11: OK conf=100 v=0.50
  Enriched 12 candidates in 39.8s
[498/500] reason_498

  Enriching: reason_498 (easy, logic)
    c 0: OK conf= 95 v=0.50
    c 1: OK conf= 95 v=0.50
    c 2: OK conf= 95 v=0.50
    c 3: OK conf= 95 v=0.50
    c 4: OK conf= 95 v=0.50
    c 5: OK conf= 95 v=0.50
    c 6: OK conf= 95 v=0.50
    c 7: OK conf= 95 v=0.50
    c 8: OK conf= 95 v=0.50
    c 9: OK conf= 95 v=0.50
    c10: OK conf= 95 v=0.50
    c11: OK conf= 95 v=0.50
  Enriched 12 candidates in 38.4s
[499/500] reason_499

  Enriching: reason_499 (medium, sequence)
    c 0: X  conf= 80 v=0.50
    c 1: X  conf= 80 v=0.50
    c 2: X  conf= 80 v=0.50
    c 3: X  conf= 80 v=0.50
    c 4: X  conf= 80 v=0.50
    c 5: X  conf= 80 v=0.50
    c 6: X  conf= 80 v=0.50
    c 7: X  conf= 80 v=0.50
    c 8: X  conf= 80 v=0.50
    c 9: X  conf= 80 v=0.50
    c10: X  conf= 80 v=0.50
    c11: X  conf= 80 v=0.50
  Enriched 12 candidates in 40.8s
[500/500] reason_500

  Enriching: reason_500 (medium, math)
    c 0: OK conf=100 v=0.50
    c 1: OK conf=100 v=0.50
    c 2: OK conf=100 v=0.50
    c 3: OK conf=100 v=0.50
    c 4: OK conf=100 v=0.50
    c 5: OK conf=100 v=0.50
    c 6: OK conf=100 v=0.50
    c 7: OK conf=100 v=0.50
    c 8: OK conf=100 v=0.50
    c 9: OK conf=100 v=0.50
    c10: OK conf=100 v=0.50
    c11: OK conf=100 v=0.50
  Enriched 12 candidates in 41.8s

  Enrichment complete: 500 tasks
  Output: /Users/dawsonblock/Downloads/Daph-ex-research-gate-c2-beir-retrieval-background-verification-v2a/experiments/daph_x/r12/r12_enriched_corpus.jsonl
