R12 Stage 1: Raw Candidate Generation
  Tasks: 500 (from 500 available)
  Candidates per task: 12
  Max tokens: 256
  Output: /Users/dawsonblock/Downloads/Daph-ex-research-gate-c2-beir-retrieval-background-verification-v2a/experiments/daph_x/r12/r12_raw_candidates.jsonl

  Resuming: 34 tasks already complete, 466 to do

[35/500] reason_035

  Task: reason_035 (hard, math)
  Telescoping series
Loading model from /Users/dawsonblock/Downloads/qwen_gguf/Qwen2.5-7B-Instruct-Q4_K_M.gguf...
Model loaded.
    c 0 (T=0.0): X  ans=                   1
    c 1 (T=0.2): X  ans=                   1
    c 2 (T=0.3): X  ans=                   1
    c 3 (T=0.5): X  ans=                   1
    c 4 (T=0.6): X  ans=                   1
    c 5 (T=0.7): X  ans=                 100
    c 6 (T=0.8): X  ans=                   1
    c 7 (T=0.9): X  ans=                   1
    c 8 (T=1.0): X  ans=                   1
    c 9 (T=1.0): X  ans=                   1
    c10 (T=1.2): X  ans=                   1
    c11 (T=1.2): X  ans=                   3
  Base: X  | Any correct: False | Agreement: 0.83 | Time: 99.0s
[36/500] reason_036

  Task: reason_036 (hard, math)
  Clock angle
    c 0 (T=0.0): OK ans=                 7.5
    c 1 (T=0.2): OK ans=                 7.5
    c 2 (T=0.3): OK ans=                 7.5
    c 3 (T=0.5): X  ans=                 0.5
    c 4 (T=0.6): X  ans=                   3
    c 5 (T=0.7): X  ans=                   3
    c 6 (T=0.8): OK ans=                 7.5
    c 7 (T=0.9): X  ans=                  30
    c 8 (T=1.0): X  ans=                   3
    c 9 (T=1.0): X  ans=                   3
    c10 (T=1.2): X  ans=                   3
    c11 (T=1.2): X  ans=                  90
  Base: OK | Any correct: True | Agreement: 0.42 | Time: 94.6s
[37/500] reason_037

  Task: reason_037 (medium, math)
  Coin problem
    c 0 (T=0.0): X  ans=                   2
    c 1 (T=0.2): X  ans=                   2
    c 2 (T=0.3): X  ans=                   0
    c 3 (T=0.5): X  ans=                   2
    c 4 (T=0.6): X  ans=                   2
    c 5 (T=0.7): X  ans=                   2
    c 6 (T=0.8): X  ans=                   1
    c 7 (T=0.9): X  ans=                   2
    c 8 (T=1.0): OK ans=                   6
    c 9 (T=1.0): X  ans=                   7
    c10 (T=1.2): X  ans=                   1
    c11 (T=1.2): X  ans=                   7
  Base: X  | Any correct: True | Agreement: 0.50 | Time: 95.4s
[38/500] reason_038

  Task: reason_038 (medium, combinatorics)
  Pascal's triangle
    c 0 (T=0.0): X  ans=                   2
    c 1 (T=0.2): X  ans=                   5
    c 2 (T=0.3): X  ans=                   5
    c 3 (T=0.5): X  ans=                   5
    c 4 (T=0.6): X  ans=                   1
    c 5 (T=0.7): X  ans=                   2
    c 6 (T=0.8): X  ans=                   5
    c 7 (T=0.9): OK ans=                  10
    c 8 (T=1.0): X  ans=                   3
    c 9 (T=1.0): X  ans=                   5
    c10 (T=1.2): X  ans=                   6
    c11 (T=1.2): X  ans=                   4
  Base: X  | Any correct: True | Agreement: 0.42 | Time: 92.2s
[39/500] reason_039

  Task: reason_039 (medium, math)
  Euler's formula
    c 0 (T=0.0): OK ans=                   6
    c 1 (T=0.2): OK ans=                   6
    c 2 (T=0.3): OK ans=                   6
    c 3 (T=0.5): OK ans=                   6
    c 4 (T=0.6): OK ans=                   6
    c 5 (T=0.7): OK ans=                   6
    c 6 (T=0.8): OK ans=                   6
    c 7 (T=0.9): OK ans=                   6
    c 8 (T=1.0): OK ans=                   6
    c 9 (T=1.0): OK ans=                   6
    c10 (T=1.2): OK ans=                   6
    c11 (T=1.2): OK ans=                   6
  Base: OK | Any correct: True | Agreement: 1.00 | Time: 62.7s
[40/500] reason_040

  Task: reason_040 (medium, math)
  Sum of squares
    c 0 (T=0.0): OK ans=                 385
    c 1 (T=0.2): X  ans=                2310
    c 2 (T=0.3): OK ans=                 385
    c 3 (T=0.5): X  ans=                2310
    c 4 (T=0.6): X  ans=                   3
    c 5 (T=0.7): X  ans=                2310
    c 6 (T=0.8): OK ans=                 385
    c 7 (T=0.9): OK ans=                 385
    c 8 (T=1.0): X  ans=                2310
    c 9 (T=1.0): OK ans=                 385
    c10 (T=1.2): X  ans=                  10
    c11 (T=1.2): OK ans=                 385
  Base: OK | Any correct: True | Agreement: 0.50 | Time: 89.8s
[41/500] reason_041

  Task: reason_041 (easy, logic)
  Conditional with contrapositive
    c 0 (T=0.0): OK ans=                 Yes
    c 1 (T=0.2): OK ans=                 yes
    c 2 (T=0.3): OK ans=                 Yes
    c 3 (T=0.5): OK ans=                 yes
    c 4 (T=0.6): OK ans=                 Yes
    c 5 (T=0.7): OK ans=                 yes
    c 6 (T=0.8): OK ans=                 yes
    c 7 (T=0.9): X  ans=                   5
    c 8 (T=1.0): OK ans=                 yes
    c 9 (T=1.0): OK ans=                 yes
    c10 (T=1.2): OK ans=                 yes
    c11 (T=1.2): X  ans=               Yes**
  Base: OK | Any correct: True | Agreement: 0.58 | Time: 72.0s
[42/500] reason_042

  Task: reason_042 (medium, logic)
  Set theory
    c 0 (T=0.0): X  ans=                  18
    c 1 (T=0.2): X  ans=                  30
    c 2 (T=0.3): X  ans=                  18
    c 3 (T=0.5): OK ans=                   5
    c 4 (T=0.6): X  ans=                  18
    c 5 (T=0.7): X  ans=                  18
    c 6 (T=0.8): OK ans=                   5
    c 7 (T=0.9): OK ans=                   5
    c 8 (T=1.0): X  ans=                  18
    c 9 (T=1.0): OK ans=                   5
    c10 (T=1.2): OK ans=                   5
    c11 (T=1.2): X  ans=                  18
  Base: X  | Any correct: True | Agreement: 0.50 | Time: 88.3s
[43/500] reason_043

  Task: reason_043 (hard, logic)
  Truth teller puzzle
    c 0 (T=0.0): X  ans=                   2
    c 1 (T=0.2): X  ans=                   2
    c 2 (T=0.3): X  ans=                   2
    c 3 (T=0.5): X  ans=                   2
    c 4 (T=0.6): X  ans=                   2
    c 5 (T=0.7): X  ans=                   2
    c 6 (T=0.8): X  ans=                   2
    c 7 (T=0.9): X  ans=                  3.
    c 8 (T=1.0): X  ans=                   2
    c 9 (T=1.0): X  ans=                   2
    c10 (T=1.2): X  ans=                   2
    c11 (T=1.2): X  ans=                  3.
  Base: X  | Any correct: False | Agreement: 0.83 | Time: 94.0s
[44/500] reason_044

  Task: reason_044 (hard, logic)
  River crossing
    c 0 (T=0.0): OK ans=                  7.
    c 1 (T=0.2): OK ans=                  7.
    c 2 (T=0.3): OK ans=                  7.
    c 3 (T=0.5): OK ans=                  7.
    c 4 (T=0.6): OK ans=                  7.
    c 5 (T=0.7): OK ans=                   7
    c 6 (T=0.8): OK ans=                   7
    c 7 (T=0.9): OK ans=                   7
    c 8 (T=1.0): X  ans=                   6
    c 9 (T=1.0): X  ans=                  6.
    c10 (T=1.2): OK ans=                   7
    c11 (T=1.2): X  ans=                   6
  Base: OK | Any correct: True | Agreement: 0.42 | Time: 81.4s
[45/500] reason_045

  Task: reason_045 (hard, math)
  Bertrand box
    c 0 (T=0.0): X  ans=                   1
    c 1 (T=0.2): X  ans=                   0
    c 2 (T=0.3): X  ans=                   0
    c 3 (T=0.5): X  ans=                  4.
    c 4 (T=0.6): X  ans=                   0
    c 5 (T=0.7): X  ans=                 1/3
    c 6 (T=0.8): X  ans=                   3
    c 7 (T=0.9): X  ans=                   0
    c 8 (T=1.0): X  ans=                   1
    c 9 (T=1.0): X  ans=                   1
    c10 (T=1.2): X  ans=                   2
    c11 (T=1.2): X  ans=                   0
  Base: X  | Any correct: False | Agreement: 0.42 | Time: 94.2s
[46/500] reason_046

  Task: reason_046 (easy, sequence)
  Square numbers
    c 0 (T=0.0): X  ans=                   6
    c 1 (T=0.2): OK ans=                  36
    c 2 (T=0.3): OK ans=                  36
    c 3 (T=0.5): OK ans=                  36
    c 4 (T=0.6): OK ans=                  36
    c 5 (T=0.7): OK ans=                  36
    c 6 (T=0.8): OK ans=                  36
    c 7 (T=0.9): OK ans=                  36
    c 8 (T=1.0): OK ans=                  36
    c 9 (T=1.0): OK ans=                  36
    c10 (T=1.2): OK ans=                  36
    c11 (T=1.2): OK ans=                  36
  Base: X  | Any correct: True | Agreement: 0.92 | Time: 81.4s
[47/500] reason_047

  Task: reason_047 (medium, sequence)
  Cube sequence
    c 0 (T=0.0): OK ans=                 125
    c 1 (T=0.2): X  ans=                   5
    c 2 (T=0.3): OK ans=                 125
    c 3 (T=0.5): X  ans=                   5
    c 4 (T=0.6): X  ans=                   5
    c 5 (T=0.7): OK ans=                 125
    c 6 (T=0.8): X  ans=                   1
    c 7 (T=0.9): OK ans=                 125
    c 8 (T=1.0): X  ans=                   5
    c 9 (T=1.0): OK ans=                 125
    c10 (T=1.2): OK ans=                 125
    c11 (T=1.2): OK ans=                 125
  Base: OK | Any correct: True | Agreement: 0.58 | Time: 86.3s
[48/500] reason_048

  Task: reason_048 (easy, sequence)
  Powers of 2
    c 0 (T=0.0): X  ans=                   6
    c 1 (T=0.2): OK ans=                  64
    c 2 (T=0.3): OK ans=                  64
    c 3 (T=0.5): OK ans=                  64
    c 4 (T=0.6): OK ans=                  64
    c 5 (T=0.7): OK ans=                  64
    c 6 (T=0.8): OK ans=                  64
    c 7 (T=0.9): OK ans=                  64
    c 8 (T=1.0): OK ans=                  64
    c 9 (T=1.0): OK ans=                  64
    c10 (T=1.2): OK ans=                  64
    c11 (T=1.2): OK ans=                  64
  Base: X  | Any correct: True | Agreement: 0.92 | Time: 82.4s
[49/500] reason_049

  Task: reason_049 (hard, sequence)
  Lucas numbers
    c 0 (T=0.0): OK ans=                  18
    c 1 (T=0.2): X  ans=                   7
    c 2 (T=0.3): OK ans=                  18
    c 3 (T=0.5): OK ans=                  18
    c 4 (T=0.6): X  ans=                   2
    c 5 (T=0.7): OK ans=                  18
    c 6 (T=0.8): X  ans=                  16
    c 7 (T=0.9): X  ans=                   1
    c 8 (T=1.0): X  ans=                   3
    c 9 (T=1.0): X  ans=                  -1
    c10 (T=1.2): X  ans=                   4
    c11 (T=1.2): X  ans=                   1
  Base: OK | Any correct: True | Agreement: 0.33 | Time: 91.0s
[50/500] reason_050

  Task: reason_050 (hard, sequence)
  Pentagonal numbers
    c 0 (T=0.0): OK ans=                  51
    c 1 (T=0.2): OK ans=                  51
    c 2 (T=0.3): OK ans=                  51
    c 3 (T=0.5): X  ans=                   3
    c 4 (T=0.6): X  ans=                   3
    c 5 (T=0.7): OK ans=                  51
    c 6 (T=0.8): OK ans=                  51
    c 7 (T=0.9): X  ans=                  16
    c 8 (T=1.0): OK ans=                  51
    c 9 (T=1.0): X  ans=                   5
    c10 (T=1.2): OK ans=                  51
    c11 (T=1.2): X  ans=                   3
  Base: OK | Any correct: True | Agreement: 0.58 | Time: 88.9s
[51/500] reason_051

  Task: reason_051 (hard, combinatorics)
  Circular permutations
    c 0 (T=0.0): OK ans=                 120
    c 1 (T=0.2): OK ans=                 120
    c 2 (T=0.3): OK ans=                 120
    c 3 (T=0.5): OK ans=                 120
    c 4 (T=0.6): OK ans=                 120
    c 5 (T=0.7): OK ans=                 120
    c 6 (T=0.8): OK ans=                 120
    c 7 (T=0.9): X  ans=                   6
    c 8 (T=1.0): OK ans=                 120
    c 9 (T=1.0): X  ans=                   5
    c10 (T=1.2): OK ans=                 120
    c11 (T=1.2): OK ans=                 120
  Base: OK | Any correct: True | Agreement: 0.83 | Time: 76.4s
[52/500] reason_052

  Task: reason_052 (medium, combinatorics)
  Binomial coefficient
    c 0 (T=0.0): X  ans=                   4
    c 1 (T=0.2): X  ans=                   4
    c 2 (T=0.3): X  ans=                   4
    c 3 (T=0.5): X  ans=                  10
    c 4 (T=0.6): X  ans=                   4
    c 5 (T=0.7): X  ans=                  10
    c 6 (T=0.8): X  ans=                   4
    c 7 (T=0.9): X  ans=                   4
    c 8 (T=1.0): X  ans=                   4
    c 9 (T=1.0): X  ans=                  10
    c10 (T=1.2): X  ans=                   1
    c11 (T=1.2): X  ans=                   4
  Base: X  | Any correct: False | Agreement: 0.67 | Time: 92.7s
[53/500] reason_053

  Task: reason_053 (medium, combinatorics)
  Inclusion-exclusion
    c 0 (T=0.0): X  ans=                  25
    c 1 (T=0.2): OK ans=                  15
    c 2 (T=0.3): OK ans=                  15
    c 3 (T=0.5): X  ans=                  25
    c 4 (T=0.6): X  ans=                  35
    c 5 (T=0.7): OK ans=                  15
    c 6 (T=0.8): OK ans=                  15
    c 7 (T=0.9): X  ans=                  25
    c 8 (T=1.0): X  ans=                  25
    c 9 (T=1.0): OK ans=                  15
    c10 (T=1.2): OK ans=                  15
    c11 (T=1.2): X  ans=                  35
  Base: X  | Any correct: True | Agreement: 0.50 | Time: 88.4s
[54/500] reason_054

  Task: reason_054 (hard, combinatorics)
  Stars and bars variant
    c 0 (T=0.0): X  ans=                   8
    c 1 (T=0.2): X  ans=                  -2
    c 2 (T=0.3): X  ans=                   8
    c 3 (T=0.5): X  ans=                   8
    c 4 (T=0.6): OK ans=                  45
    c 5 (T=0.7): X  ans=                   8
    c 6 (T=0.8): X  ans=                   8
    c 7 (T=0.9): X  ans=                   8
    c 8 (T=1.0): X  ans=                   3
    c 9 (T=1.0): X  ans=                   8
    c10 (T=1.2): X  ans=                   3
    c11 (T=1.2): X  ans=                  90
  Base: X  | Any correct: True | Agreement: 0.58 | Time: 93.0s
[55/500] reason_055

  Task: reason_055 (hard, combinatorics)
  Catalan number
    c 0 (T=0.0): X  ans=                  70
    c 1 (T=0.2): OK ans=                  14
    c 2 (T=0.3): OK ans=                  14
    c 3 (T=0.5): OK ans=                  14
    c 4 (T=0.6): OK ans=                  14
    c 5 (T=0.7): OK ans=                  14
    c 6 (T=0.8): OK ans=                  14
    c 7 (T=0.9): OK ans=                  14
    c 8 (T=1.0): X  ans=                   5
    c 9 (T=1.0): OK ans=                  14
    c10 (T=1.2): OK ans=                  14
    c11 (T=1.2): X  ans=                   5
  Base: X  | Any correct: True | Agreement: 0.75 | Time: 84.3s
[56/500] reason_056

  Task: reason_056 (medium, math)
  Sum of divisors
    c 0 (T=0.0): X  ans=                 3.5
    c 1 (T=0.2): X  ans=                 3.5
    c 2 (T=0.3): X  ans=                 3.5
    c 3 (T=0.5): X  ans=                  14
    c 4 (T=0.6): X  ans=                   3
    c 5 (T=0.7): OK ans=                  56
    c 6 (T=0.8): X  ans=                 5.6
    c 7 (T=0.9): X  ans=                   7
    c 8 (T=1.0): OK ans=                  56
    c 9 (T=1.0): OK ans=                  56
    c10 (T=1.2): OK ans=                  56
    c11 (T=1.2): X  ans=                  28
  Base: X  | Any correct: True | Agreement: 0.33 | Time: 88.6s
[57/500] reason_057

  Task: reason_057 (hard, math)
  Perfect number check
    c 0 (T=0.0): X  ans=                  31
    c 1 (T=0.2): X  ans=                   2
    c 2 (T=0.3): X  ans=                   2
    c 3 (T=0.5): X  ans=                99.2
    c 4 (T=0.6): X  ans=                 496
    c 5 (T=0.7): X  ans=                   1
    c 6 (T=0.8): X  ans=                 496
    c 7 (T=0.9): X  ans=                 99.
    c 8 (T=1.0): X  ans=                 496
    c 9 (T=1.0): X  ans=                  31
    c10 (T=1.2): X  ans=                 496
    c11 (T=1.2): X  ans=                 248
  Base: X  | Any correct: False | Agreement: 0.33 | Time: 92.8s
[58/500] reason_058

  Task: reason_058 (easy, math)
  Prime counting
    c 0 (T=0.0): X  ans=                   1
    c 1 (T=0.2): X  ans=                   1
    c 2 (T=0.3): X  ans=                   1
    c 3 (T=0.5): X  ans=                   1
    c 4 (T=0.6): OK ans=                   8
    c 5 (T=0.7): X  ans=                   1
    c 6 (T=0.8): X  ans=                  20
    c 7 (T=0.9): X  ans=                  11
    c 8 (T=1.0): X  ans=                  17
    c 9 (T=1.0): X  ans=                  13
    c10 (T=1.2): X  ans=                   1
    c11 (T=1.2): X  ans=                  20
  Base: X  | Any correct: True | Agreement: 0.50 | Time: 92.5s
[59/500] reason_059

  Task: reason_059 (hard, math)
  Euler totient
    c 0 (T=0.0): X  ans=                   1
    c 1 (T=0.2): X  ans=                   2
    c 2 (T=0.3): X  ans=                   2
    c 3 (T=0.5): X  ans=                   6
    c 4 (T=0.6): X  ans=                  12
    c 5 (T=0.7): X  ans=                   1
    c 6 (T=0.8): X  ans=                  12
    c 7 (T=0.9): X  ans=                  12
    c 8 (T=1.0): OK ans=                   4
    c 9 (T=1.0): X  ans=                   1
    c10 (T=1.2): X  ans=                  12
    c11 (T=1.2): X  ans=                  12
  Base: X  | Any correct: True | Agreement: 0.42 | Time: 92.9s
[60/500] reason_060

  Task: reason_060 (medium, math)
  Matrix determinant
    c 0 (T=0.0): OK ans=                   7
    c 1 (T=0.2): OK ans=                   7
    c 2 (T=0.3): OK ans=                   7
    c 3 (T=0.5): OK ans=                   7
    c 4 (T=0.6): OK ans=                   7
    c 5 (T=0.7): OK ans=                   7
    c 6 (T=0.8): OK ans=                   7
    c 7 (T=0.9): OK ans=                   7
    c 8 (T=1.0): OK ans=                   7
    c 9 (T=1.0): OK ans=                   7
    c10 (T=1.2): OK ans=                   7
    c11 (T=1.2): OK ans=                   7
  Base: OK | Any correct: True | Agreement: 1.00 | Time: 68.5s
[61/500] reason_061

  Task: reason_061 (hard, math)
  Harmonic mean
    c 0 (T=0.0): OK ans=                6.40
    c 1 (T=0.2): OK ans=                6.40
    c 2 (T=0.3): OK ans=                6.40
    c 3 (T=0.5): OK ans=                 6.4
    c 4 (T=0.6): OK ans=                6.40
    c 5 (T=0.7): OK ans=                6.40
    c 6 (T=0.8): X  ans=                  20
    c 7 (T=0.9): X  ans=                  64
    c 8 (T=1.0): X  ans=                  64
    c 9 (T=1.0): OK ans=                 6.4
    c10 (T=1.2): OK ans=                6.40
    c11 (T=1.2): X  ans=                   8
  Base: OK | Any correct: True | Agreement: 0.50 | Time: 87.1s
[62/500] reason_062

  Task: reason_062 (medium, math)
  Sum of geometric series
    c 0 (T=0.0): X  ans=                   1
    c 1 (T=0.2): X  ans=                   1
    c 2 (T=0.3): X  ans=                   1
    c 3 (T=0.5): OK ans=                   2
    c 4 (T=0.6): OK ans=                   2
    c 5 (T=0.7): X  ans=                  5.
    c 6 (T=0.8): X  ans=                  5.
    c 7 (T=0.9): X  ans=                   1
    c 8 (T=1.0): X  ans=                   1
    c 9 (T=1.0): OK ans=                   2
    c10 (T=1.2): OK ans=                 2.0
    c11 (T=1.2): X  ans=                   1
  Base: X  | Any correct: True | Agreement: 0.50 | Time: 91.4s
[63/500] reason_063

  Task: reason_063 (medium, combinatorics)
  Binomial expansion coefficient
    c 0 (T=0.0): X  ans=                   3
    c 1 (T=0.2): X  ans=                   3
    c 2 (T=0.3): X  ans=                   3
    c 3 (T=0.5): X  ans=                   3
    c 4 (T=0.6): X  ans=                   3
    c 5 (T=0.7): X  ans=                   3
    c 6 (T=0.8): X  ans=                   3
    c 7 (T=0.9): X  ans=                   3
    c 8 (T=1.0): X  ans=                   3
    c 9 (T=1.0): X  ans=                   3
    c10 (T=1.2): X  ans=                   3
    c11 (T=1.2): X  ans=                   3
  Base: X  | Any correct: False | Agreement: 1.00 | Time: 92.9s
[64/500] reason_064

  Task: reason_064 (hard, math)
  Modular exponentiation
    c 0 (T=0.0): X  ans=                   1
    c 1 (T=0.2): X  ans=                 312
    c 2 (T=0.3): X  ans=                  18
    c 3 (T=0.5): X  ans=                   2
    c 4 (T=0.6): OK ans=                   3
    c 5 (T=0.7): X  ans=                   1
    c 6 (T=0.8): OK ans=                   3
    c 7 (T=0.9): OK ans=                   3
    c 8 (T=1.0): X  ans=                2187
    c 9 (T=1.0): OK ans=                   3
    c10 (T=1.2): X  ans=                  27
    c11 (T=1.2): OK ans=                   3
  Base: X  | Any correct: True | Agreement: 0.42 | Time: 92.2s
[65/500] reason_065

  Task: reason_065 (medium, math)
  System of equations
    c 0 (T=0.0): OK ans=                   5
    c 1 (T=0.2): OK ans=                   5
    c 2 (T=0.3): OK ans=                   5
    c 3 (T=0.5): OK ans=                   5
    c 4 (T=0.6): OK ans=                   5
    c 5 (T=0.7): OK ans=                   5
    c 6 (T=0.8): OK ans=                   5
    c 7 (T=0.9): OK ans=                   5
    c 8 (T=1.0): OK ans=                   5
    c 9 (T=1.0): OK ans=                   5
    c10 (T=1.2): OK ans=                   5
    c11 (T=1.2): OK ans=                   5
  Base: OK | Any correct: True | Agreement: 1.00 | Time: 85.4s
[66/500] reason_066

  Task: reason_066 (medium, math)
  Probability of dice sum
    c 0 (T=0.0): X  ans=                   6
    c 1 (T=0.2): X  ans=                   6
    c 2 (T=0.3): X  ans=                   7
    c 3 (T=0.5): X  ans=                   6
    c 4 (T=0.6): X  ans=                   1
    c 5 (T=0.7): X  ans=                   6
    c 6 (T=0.8): X  ans=                  36
    c 7 (T=0.9): X  ans=                   6
    c 8 (T=1.0): X  ans=                   6
    c 9 (T=1.0): X  ans=                  36
    c10 (T=1.2): X  ans=                  36
    c11 (T=1.2): X  ans=                   6
  Base: X  | Any correct: False | Agreement: 0.58 | Time: 93.2s
[67/500] reason_067

  Task: reason_067 (easy, math)
  Expected value
    c 0 (T=0.0): X  ans=                   5
    c 1 (T=0.2): X  ans=                   1
    c 2 (T=0.3): X  ans=                   1
    c 3 (T=0.5): X  ans=                   1
    c 4 (T=0.6): X  ans=                   1
    c 5 (T=0.7): X  ans=                   1
    c 6 (T=0.8): X  ans=                   1
    c 7 (T=0.9): X  ans=                   1
    c 8 (T=1.0): X  ans=                   1
    c 9 (T=1.0): X  ans=                   1
    c10 (T=1.2): X  ans=                   3
    c11 (T=1.2): X  ans=                   1
  Base: X  | Any correct: False | Agreement: 0.83 | Time: 92.6s
[68/500] reason_068

  Task: reason_068 (hard, math)
  Birthday problem approximation
    c 0 (T=0.0): X  ans=                 365
    c 1 (T=0.2): X  ans=                 365
    c 2 (T=0.3): X  ans=                  23
    c 3 (T=0.5): X  ans=                   3
    c 4 (T=0.6): X  ans=                   3
    c 5 (T=0.7): X  ans=                  23
    c 6 (T=0.8): X  ans=                  23
    c 7 (T=0.9): X  ans=                  36
    c 8 (T=1.0): X  ans=                 343
    c 9 (T=1.0): X  ans=                  1.
    c10 (T=1.2): X  ans=                   1
    c11 (T=1.2): X  ans=                 365
  Base: X  | Any correct: False | Agreement: 0.25 | Time: 92.8s
[69/500] reason_069

  Task: reason_069 (medium, math)
  Sum of angles in polygon
    c 0 (T=0.0): OK ans=                 720
    c 1 (T=0.2): OK ans=                 720
    c 2 (T=0.3): OK ans=                 720
    c 3 (T=0.5): OK ans=                 720
    c 4 (T=0.6): OK ans=                 720
    c 5 (T=0.7): OK ans=                 720
    c 6 (T=0.8): OK ans=                 720
    c 7 (T=0.9): OK ans=                 720
    c 8 (T=1.0): OK ans=                 720
    c 9 (T=1.0): OK ans=                 720
    c10 (T=1.2): OK ans=                 720
    c11 (T=1.2): OK ans=                 720
  Base: OK | Any correct: True | Agreement: 1.00 | Time: 54.7s
[70/500] reason_070

  Task: reason_070 (easy, math)
  Surface area of cube
    c 0 (T=0.0): OK ans=                  96
    c 1 (T=0.2): OK ans=                  96
    c 2 (T=0.3): OK ans=                  96
    c 3 (T=0.5): OK ans=                  96
    c 4 (T=0.6): OK ans=                  96
    c 5 (T=0.7): OK ans=                  96
    c 6 (T=0.8): OK ans=                  96
    c 7 (T=0.9): OK ans=                  96
    c 8 (T=1.0): OK ans=                  96
    c 9 (T=1.0): OK ans=                  96
    c10 (T=1.2): OK ans=                  96
    c11 (T=1.2): OK ans=                  96
  Base: OK | Any correct: True | Agreement: 1.00 | Time: 58.4s
[71/500] reason_071

  Task: reason_071 (medium, math)
  Volume of sphere
    c 0 (T=0.0): X  ans=               84.78
    c 1 (T=0.2): X  ans=               84.78
    c 2 (T=0.3): OK ans=              113.04
    c 3 (T=0.5): OK ans=              113.04
    c 4 (T=0.6): X  ans=                  84
    c 5 (T=0.7): OK ans=              113.04
    c 6 (T=0.8): OK ans=              113.04
    c 7 (T=0.9): OK ans=              113.04
    c 8 (T=1.0): X  ans=              113.03
    c 9 (T=1.0): OK ans=              113.04
    c10 (T=1.2): OK ans=              113.04
    c11 (T=1.2): OK ans=              113.04
  Base: X  | Any correct: True | Agreement: 0.67 | Time: 86.5s
[72/500] reason_072

  Task: reason_072 (easy, math)
  Arithmetic mean of consecutive integers
    c 0 (T=0.0): X  ans=                   1
    c 1 (T=0.2): X  ans=                   1
    c 2 (T=0.3): X  ans=                   2
    c 3 (T=0.5): OK ans=                  50
    c 4 (T=0.6): OK ans=                  50
    c 5 (T=0.7): OK ans=                  50
    c 6 (T=0.8): X  ans=                4950
    c 7 (T=0.9): OK ans=                  50
    c 8 (T=1.0): OK ans=                  50
    c 9 (T=1.0): OK ans=                  50
    c10 (T=1.2): OK ans=                  50
    c11 (T=1.2): OK ans=                  50
  Base: X  | Any correct: True | Agreement: 0.67 | Time: 80.6s
[73/500] reason_073

  Task: reason_073 (medium, math)
  Probability with replacement
    c 0 (T=0.0): X  ans=                   4
    c 1 (T=0.2): X  ans=                   9
    c 2 (T=0.3): X  ans=                   4
    c 3 (T=0.5): X  ans=                   5
    c 4 (T=0.6): X  ans=                   9
    c 5 (T=0.7): X  ans=                   9
    c 6 (T=0.8): X  ans=                   4
    c 7 (T=0.9): X  ans=                   1
    c 8 (T=1.0): X  ans=                  10
    c 9 (T=1.0): X  ans=                   4
    c10 (T=1.2): X  ans=                  **
    c11 (T=1.2): X  ans=                   6
  Base: X  | Any correct: False | Agreement: 0.33 | Time: 92.1s
[74/500] reason_074

  Task: reason_074 (hard, math)
  Chinese remainder theorem
    c 0 (T=0.0): X  ans=                   2
    c 1 (T=0.2): X  ans=                   3
    c 2 (T=0.3): X  ans=                   2
    c 3 (T=0.5): X  ans=                   1
    c 4 (T=0.6): X  ans=                   3
    c 5 (T=0.7): X  ans=                   3
    c 6 (T=0.8): X  ans=                   3
    c 7 (T=0.9): X  ans=                   6
    c 8 (T=1.0): X  ans=                   3
    c 9 (T=1.0): X  ans=                   6
    c10 (T=1.2): X  ans=                   3
    c11 (T=1.2): X  ans=                   3
  Base: X  | Any correct: False | Agreement: 0.58 | Time: 93.0s
[75/500] reason_075

  Task: reason_075 (medium, math)
  Sum of cubes
    c 0 (T=0.0): X  ans=                 100
    c 1 (T=0.2): X  ans=                 100
    c 2 (T=0.3): X  ans=                  36
    c 3 (T=0.5): X  ans=                  22
    c 4 (T=0.6): X  ans=                  12
    c 5 (T=0.7): X  ans=                   2
    c 6 (T=0.8): OK ans=                 225
    c 7 (T=0.9): X  ans=                  36
    c 8 (T=1.0): OK ans=                 225
    c 9 (T=1.0): OK ans=                 225
    c10 (T=1.2): OK ans=                 225
    c11 (T=1.2): OK ans=                 225
  Base: X  | Any correct: True | Agreement: 0.42 | Time: 76.9s
[76/500] reason_076

  Task: reason_076 (medium, math)
  Inverse proportion
    c 0 (T=0.0): X  ans=                   6
    c 1 (T=0.2): OK ans=                   4
    c 2 (T=0.3): OK ans=                   4
    c 3 (T=0.5): OK ans=                   4
    c 4 (T=0.6): OK ans=                   4
    c 5 (T=0.7): X  ans=                   6
    c 6 (T=0.8): OK ans=                   4
    c 7 (T=0.9): X  ans=                  15
    c 8 (T=1.0): OK ans=                   4
    c 9 (T=1.0): X  ans=                  15
    c10 (T=1.2): OK ans=                   4
    c11 (T=1.2): OK ans=                   4
  Base: X  | Any correct: True | Agreement: 0.67 | Time: 88.8s
[77/500] reason_077

  Task: reason_077 (medium, math)
  Quadratic discriminant
    c 0 (T=0.0): OK ans=                  25
    c 1 (T=0.2): OK ans=                  25
    c 2 (T=0.3): OK ans=                  25
    c 3 (T=0.5): OK ans=                  25
    c 4 (T=0.6): OK ans=                  25
    c 5 (T=0.7): OK ans=                  25
    c 6 (T=0.8): OK ans=                  25
    c 7 (T=0.9): OK ans=                  25
    c 8 (T=1.0): OK ans=                  25
    c 9 (T=1.0): OK ans=                  25
    c10 (T=1.2): OK ans=                  25
    c11 (T=1.2): OK ans=                  25
  Base: OK | Any correct: True | Agreement: 1.00 | Time: 79.1s
[78/500] reason_078

  Task: reason_078 (easy, math)
  Sum of divisors of prime
    c 0 (T=0.0): OK ans=                  18
    c 1 (T=0.2): OK ans=                  18
    c 2 (T=0.3): OK ans=                  18
    c 3 (T=0.5): OK ans=                  18
    c 4 (T=0.6): OK ans=                  18
    c 5 (T=0.7): OK ans=                  18
    c 6 (T=0.8): OK ans=                  18
    c 7 (T=0.9): OK ans=                  18
    c 8 (T=1.0): OK ans=                  18
    c 9 (T=1.0): OK ans=                  18
    c10 (T=1.2): OK ans=                  18
    c11 (T=1.2): OK ans=                  18
  Base: OK | Any correct: True | Agreement: 1.00 | Time: 40.0s
[79/500] reason_079

  Task: reason_079 (hard, math)
  Bayes theorem
    c 0 (T=0.0): X  ans=                   1
    c 1 (T=0.2): X  ans=                   1
    c 2 (T=0.3): X  ans=                   1
    c 3 (T=0.5): X  ans=                 0.2
    c 4 (T=0.6): X  ans=                0.90
    c 5 (T=0.7): X  ans=                   1
    c 6 (T=0.8): X  ans=                0.20
    c 7 (T=0.9): X  ans=                   0
    c 8 (T=1.0): X  ans=                   1
    c 9 (T=1.0): X  ans=                0.99
    c10 (T=1.2): X  ans=                   1
    c11 (T=1.2): X  ans=                0.80
  Base: X  | Any correct: False | Agreement: 0.50 | Time: 93.0s
[80/500] reason_080

  Task: reason_080 (medium, math)
  Geometric mean
    c 0 (T=0.0): OK ans=                   8
    c 1 (T=0.2): OK ans=                   8
    c 2 (T=0.3): OK ans=                   8
    c 3 (T=0.5): OK ans=                   8
    c 4 (T=0.6): OK ans=                   8
    c 5 (T=0.7): OK ans=                   8
    c 6 (T=0.8): OK ans=                   8
    c 7 (T=0.9): OK ans=                   8
    c 8 (T=1.0): OK ans=                   8
    c 9 (T=1.0): OK ans=                   8
    c10 (T=1.2): OK ans=                   8
    c11 (T=1.2): OK ans=                   8
  Base: OK | Any correct: True | Agreement: 1.00 | Time: 34.3s
[81/500] reason_081

  Task: reason_081 (medium, logic)
  Euler's identity check
    c 0 (T=0.0): X  ans=                   1
    c 1 (T=0.2): X  ans=                   1
    c 2 (T=0.3): X  ans=                   1
    c 3 (T=0.5): X  ans=                  -1
    c 4 (T=0.6): X  ans=                   1
    c 5 (T=0.7): X  ans=                  -1
    c 6 (T=0.8): X  ans=                  -1
    c 7 (T=0.9): X  ans=                  -1
    c 8 (T=1.0): X  ans=                  -1
    c 9 (T=1.0): X  ans=                  -1
    c10 (T=1.2): X  ans=                  -1
    c11 (T=1.2): X  ans=                  -1
  Base: X  | Any correct: False | Agreement: 0.67 | Time: 92.4s
[82/500] reason_082

  Task: reason_082 (easy, logic)
  Pigeonhole principle
    c 0 (T=0.0): OK ans=                   3
    c 1 (T=0.2): OK ans=                   3
    c 2 (T=0.3): OK ans=                   3
    c 3 (T=0.5): OK ans=                   3
    c 4 (T=0.6): OK ans=                   3
    c 5 (T=0.7): OK ans=                   3
    c 6 (T=0.8): OK ans=                   3
    c 7 (T=0.9): OK ans=                   3
    c 8 (T=1.0): OK ans=                   3
    c 9 (T=1.0): OK ans=                   3
    c10 (T=1.2): OK ans=                   3
    c11 (T=1.2): OK ans=                   3
  Base: OK | Any correct: True | Agreement: 1.00 | Time: 51.8s
[83/500] reason_083

  Task: reason_083 (hard, logic)
  Two envelopes paradox check
    c 0 (T=0.0): X  ans=                   2
    c 1 (T=0.2): X  ans=                   2
    c 2 (T=0.3): X  ans=                   2
    c 3 (T=0.5): X  ans=                   2
    c 4 (T=0.6): X  ans=                 0.5
    c 5 (T=0.7): X  ans=                  4.
    c 6 (T=0.8): X  ans=                  4.
    c 7 (T=0.9): X  ans=                   1
    c 8 (T=1.0): X  ans=                   2
    c 9 (T=1.0): X  ans=                   2
    c10 (T=1.2): X  ans=                  5.
    c11 (T=1.2): X  ans=                   2
  Base: X  | Any correct: False | Agreement: 0.58 | Time: 92.8s
[84/500] reason_084

  Task: reason_084 (medium, logic)
  Logical equivalence
    c 0 (T=0.0): X  ans=                  3.
    c 1 (T=0.2): X  ans=                   0
    c 2 (T=0.3): X  ans=                  3.
    c 3 (T=0.5): OK ans=                 yes
    c 4 (T=0.6): X  ans=                   3
    c 5 (T=0.7): X  ans=                   2
    c 6 (T=0.8): X  ans=                  3.
    c 7 (T=0.9): X  ans=                   2
    c 8 (T=1.0): X  ans=         Answer: yes
    c 9 (T=1.0): X  ans=                   2
    c10 (T=1.2): X  ans=                   3
    c11 (T=1.2): X  ans=                   2
  Base: X  | Any correct: True | Agreement: 0.33 | Time: 87.7s
[85/500] reason_085

  Task: reason_085 (medium, logic)
  Contrapositive
    c 0 (T=0.0): X  ans=                  4.
    c 1 (T=0.2): X  ans=                  4.
    c 2 (T=0.3): X  ans=                  4.
    c 3 (T=0.5): X  ans=                  4.
    c 4 (T=0.6): X  ans=                   3
    c 5 (T=0.7): X  ans=                  4.
    c 6 (T=0.8): X  ans=                  4.
    c 7 (T=0.9): X  ans=                  4.
    c 8 (T=1.0): X  ans=                  4.
    c 9 (T=1.0): X  ans=                  4.
    c10 (T=1.2): X  ans=                   1
    c11 (T=1.2): X  ans=                  4.
  Base: X  | Any correct: False | Agreement: 0.83 | Time: 92.7s
[86/500] reason_086

  Task: reason_086 (hard, logic)
  Light switch puzzle
    c 0 (T=0.0): X  ans=                   3
    c 1 (T=0.2): OK ans=                   2
    c 2 (T=0.3): X  ans=                   3
    c 3 (T=0.5): OK ans=                   2
    c 4 (T=0.6): X  ans=                   3
    c 5 (T=0.7): X  ans=                   3
    c 6 (T=0.8): OK ans=                   2
    c 7 (T=0.9): X  ans=                   3
    c 8 (T=1.0): OK ans=                   2
    c 9 (T=1.0): OK ans=                   2
    c10 (T=1.2): X  ans=                   3
    c11 (T=1.2): X  ans=                   1
  Base: X  | Any correct: True | Agreement: 0.50 | Time: 67.2s
[87/500] reason_087

  Task: reason_087 (hard, logic)
  Monty Hall problem
    c 0 (T=0.0): X  ans=                 1/3
    c 1 (T=0.2): X  ans=                  7.
    c 2 (T=0.3): X  ans=                 2/3
    c 3 (T=0.5): X  ans=                   3
    c 4 (T=0.6): X  ans=                   3
    c 5 (T=0.7): X  ans=                  5.
    c 6 (T=0.8): X  ans=                   2
    c 7 (T=0.9): X  ans=                   2
    c 8 (T=1.0): X  ans=                  1/
    c 9 (T=1.0): X  ans=                   3
    c10 (T=1.2): X  ans=                  5.
    c11 (T=1.2): X  ans=                 1/3
  Base: X  | Any correct: False | Agreement: 0.25 | Time: 92.7s
[88/500] reason_088

  Task: reason_088 (hard, logic)
  Hat puzzle
    c 0 (T=0.0): X  ans=                  4.
    c 1 (T=0.2): X  ans=                   4
    c 2 (T=0.3): X  ans=                   5
    c 3 (T=0.5): X  ans=                  4.
    c 4 (T=0.6): X  ans=                  4.
    c 5 (T=0.7): X  ans=                   4
    c 6 (T=0.8): X  ans=                   4
    c 7 (T=0.9): X  ans=                   4
    c 8 (T=1.0): X  ans=                   4
    c 9 (T=1.0): X  ans=                 red
    c10 (T=1.2): X  ans=                   2
    c11 (T=1.2): X  ans=                   3
  Base: X  | Any correct: False | Agreement: 0.42 | Time: 93.0s
[89/500] reason_089

  Task: reason_089 (medium, logic)
  Boolean algebra
    c 0 (T=0.0): X  ans=                  4.
    c 1 (T=0.2): X  ans=                   3
    c 2 (T=0.3): X  ans=                  4.
    c 3 (T=0.5): X  ans=             \( A \)
    c 4 (T=0.6): X  ans=                   3
    c 5 (T=0.7): X  ans=                   3
    c 6 (T=0.8): X  ans=                   4
    c 7 (T=0.9): X  ans=                  3.
    c 8 (T=1.0): X  ans=                  4.
    c 9 (T=1.0): X  ans=             \( A \)
    c10 (T=1.2): X  ans=                   4
    c11 (T=1.2): X  ans=             \( A \)
  Base: X  | Any correct: False | Agreement: 0.25 | Time: 87.9s
[90/500] reason_090

  Task: reason_090 (easy, logic)
  Transitive reasoning
    c 0 (T=0.0): OK ans=                 yes
    c 1 (T=0.2): OK ans=                 yes
    c 2 (T=0.3): OK ans=                 yes
    c 3 (T=0.5): OK ans=                 yes
    c 4 (T=0.6): OK ans=                 yes
    c 5 (T=0.7): OK ans=                 yes
    c 6 (T=0.8): OK ans=                 yes
    c 7 (T=0.9): OK ans=                 yes
    c 8 (T=1.0): OK ans=                 yes
    c 9 (T=1.0): OK ans=                 yes
    c10 (T=1.2): OK ans=                 yes
    c11 (T=1.2): OK ans=                 yes
  Base: OK | Any correct: True | Agreement: 1.00 | Time: 35.3s
[91/500] reason_091

  Task: reason_091 (hard, sequence)
  Tribonacci sequence
    c 0 (T=0.0): X  ans=                  20
    c 1 (T=0.2): X  ans=                  20
    c 2 (T=0.3): X  ans=                   6
    c 3 (T=0.5): X  ans=                   6
    c 4 (T=0.6): X  ans=                   6
    c 5 (T=0.7): X  ans=                   1
    c 6 (T=0.8): X  ans=                   1
    c 7 (T=0.9): X  ans=                   2
    c 8 (T=1.0): X  ans=                   6
    c 9 (T=1.0): X  ans=                   6
    c10 (T=1.2): X  ans=                   6
    c11 (T=1.2): X  ans=                   3
  Base: X  | Any correct: False | Agreement: 0.50 | Time: 92.8s
[92/500] reason_092

  Task: reason_092 (easy, sequence)
  Powers of 3
    c 0 (T=0.0): OK ans=                 243
    c 1 (T=0.2): OK ans=                 243
    c 2 (T=0.3): OK ans=                 243
    c 3 (T=0.5): OK ans=                 243
    c 4 (T=0.6): OK ans=                 243
    c 5 (T=0.7): OK ans=                 243
    c 6 (T=0.8): OK ans=                 243
    c 7 (T=0.9): OK ans=                 243
    c 8 (T=1.0): OK ans=                 243
    c 9 (T=1.0): OK ans=                 243
    c10 (T=1.2): OK ans=                 243
    c11 (T=1.2): OK ans=                 243
  Base: OK | Any correct: True | Agreement: 1.00 | Time: 78.3s
[93/500] reason_093

  Task: reason_093 (easy, sequence)
  Alternating add/multiply
    c 0 (T=0.0): OK ans=                 128
    c 1 (T=0.2): OK ans=                 128
    c 2 (T=0.3): OK ans=                 128
    c 3 (T=0.5): OK ans=                 128
    c 4 (T=0.6): X  ans=                   1
    c 5 (T=0.7): OK ans=                 128
    c 6 (T=0.8): OK ans=                 128
    c 7 (T=0.9): OK ans=                 128
    c 8 (T=1.0): OK ans=                 128
    c 9 (T=1.0): OK ans=                 128
    c10 (T=1.2): OK ans=                 128
    c11 (T=1.2): OK ans=                 128
  Base: OK | Any correct: True | Agreement: 0.92 | Time: 84.5s
[94/500] reason_094

  Task: reason_094 (hard, sequence)
  Look-and-say sequence
    c 0 (T=0.0): OK ans=              312211
    c 1 (T=0.2): X  ans=                   1
    c 2 (T=0.3): X  ans=                   1
    c 3 (T=0.5): OK ans=              312211
    c 4 (T=0.6): X  ans=                   2
    c 5 (T=0.7): OK ans=              312211
    c 6 (T=0.8): OK ans=              312211
    c 7 (T=0.9): OK ans=              312211
    c 8 (T=1.0): OK ans=              312211
    c 9 (T=1.0): X  ans=                   1
    c10 (T=1.2): X  ans=              111221
    c11 (T=1.2): X  ans=                    
  Base: OK | Any correct: True | Agreement: 0.50 | Time: 89.7s
[95/500] reason_095

  Task: reason_095 (hard, sequence)
  Hexagonal numbers
    c 0 (T=0.0): OK ans=                  66
    c 1 (T=0.2): OK ans=                  66
    c 2 (T=0.3): OK ans=                  66
    c 3 (T=0.5): X  ans=                   2
    c 4 (T=0.6): X  ans=                  21
    c 5 (T=0.7): X  ans=                  21
    c 6 (T=0.8): OK ans=                  66
    c 7 (T=0.9): X  ans=                   2
    c 8 (T=1.0): X  ans=                  21
    c 9 (T=1.0): OK ans=                  66
    c10 (T=1.2): X  ans=                   4
    c11 (T=1.2): X  ans=                   4
  Base: OK | Any correct: True | Agreement: 0.42 | Time: 89.9s
[96/500] reason_096

  Task: reason_096 (medium, sequence)
  Factorial sequence
    c 0 (T=0.0): X  ans=                   1
    c 1 (T=0.2): X  ans=                 120
    c 2 (T=0.3): OK ans=                 720
    c 3 (T=0.5): X  ans=                 120
    c 4 (T=0.6): OK ans=                 720
    c 5 (T=0.7): OK ans=                 720
    c 6 (T=0.8): OK ans=                 720
    c 7 (T=0.9): OK ans=                 720
    c 8 (T=1.0): X  ans=                 120
    c 9 (T=1.0): OK ans=                 720
    c10 (T=1.2): OK ans=                 720
    c11 (T=1.2): OK ans=                 720
  Base: X  | Any correct: True | Agreement: 0.67 | Time: 90.9s
[97/500] reason_097

  Task: reason_097 (hard, sequence)
  Double factorial
    c 0 (T=0.0): X  ans=                  11
    c 1 (T=0.2): OK ans=               10395
    c 2 (T=0.3): X  ans=                 945
    c 3 (T=0.5): X  ans=                  11
    c 4 (T=0.6): X  ans=                   9
    c 5 (T=0.7): X  ans=                1039
    c 6 (T=0.8): X  ans=                 945
    c 7 (T=0.9): OK ans=               10395
    c 8 (T=1.0): X  ans=                 945
    c 9 (T=1.0): X  ans=                 945
    c10 (T=1.2): OK ans=               10395
    c11 (T=1.2): X  ans=                   9
  Base: X  | Any correct: True | Agreement: 0.33 | Time: 92.8s
[98/500] reason_098

  Task: reason_098 (hard, sequence)
  Padovan sequence
    c 0 (T=0.0): X  ans=                  7.
    c 1 (T=0.2): X  ans=                  7.
    c 2 (T=0.3): X  ans=                  16
    c 3 (T=0.5): X  ans=                   9
    c 4 (T=0.6): X  ans=                   9
    c 5 (T=0.7): X  ans=                  +7
    c 6 (T=0.8): X  ans=                   4
    c 7 (T=0.9): X  ans=                   9
    c 8 (T=1.0): X  ans=                   9
    c 9 (T=1.0): X  ans=                   4
    c10 (T=1.2): X  ans=                   1
    c11 (T=1.2): X  ans=                  16
  Base: X  | Any correct: False | Agreement: 0.33 | Time: 93.1s
[99/500] reason_099

  Task: reason_099 (hard, sequence)
  Recaman sequence start
    c 0 (T=0.0): X  ans=                  -8
    c 1 (T=0.2): X  ans=                   1
    c 2 (T=0.3): X  ans=                   1
    c 3 (T=0.5): X  ans=                   7
    c 4 (T=0.6): X  ans=                   8
    c 5 (T=0.7): X  ans=                   8
    c 6 (T=0.8): X  ans=                   7
    c 7 (T=0.9): X  ans=                   8
    c 8 (T=1.0): X  ans=                   3
    c 9 (T=1.0): X  ans=                  12
    c10 (T=1.2): X  ans=                  -1
    c11 (T=1.2): X  ans=                   8
  Base: X  | Any correct: False | Agreement: 0.33 | Time: 93.1s
[100/500] reason_100

  Task: reason_100 (hard, sequence)
  Collatz steps
    c 0 (T=0.0): OK ans=                   8
    c 1 (T=0.2): OK ans=                   8
    c 2 (T=0.3): OK ans=                   8
    c 3 (T=0.5): OK ans=                   8
    c 4 (T=0.6): OK ans=                   8
    c 5 (T=0.7): OK ans=                   8
    c 6 (T=0.8): OK ans=                   8
    c 7 (T=0.9): OK ans=                   8
    c 8 (T=1.0): OK ans=                   8
    c 9 (T=1.0): OK ans=                   8
    c10 (T=1.2): OK ans=                   8
    c11 (T=1.2): OK ans=                   8
  Base: OK | Any correct: True | Agreement: 1.00 | Time: 74.9s

============================================================
  INTERIM DIAGNOSTIC: N=100
============================================================
  Oracle@ 2: 53/100 = 53.0%
  Oracle@ 4: 61/100 = 61.0%
  Oracle@ 6: 65/100 = 65.0%
  Oracle@ 8: 69/100 = 69.0%
  Oracle@12: 72/100 = 72.0%
  Base correct: 42/100 = 42.0%
  Any correct:   72/100 = 72.0%
  Rescue avail:  30/100 = 30.0%
  Categories: {'math': 52, 'sequence': 19, 'logic': 18, 'combinatorics': 11}
  Difficulty:  {'easy': 22, 'medium': 41, 'hard': 37}
[101/500] reason_101

  Task: reason_101 (hard, combinatorics)
  Multiset coefficient
    c 0 (T=0.0): X  ans=                   7
    c 1 (T=0.2): X  ans=                   7
    c 2 (T=0.3): X  ans=                   9
    c 3 (T=0.5): X  ans=                   4
    c 4 (T=0.6): X  ans=                   7
    c 5 (T=0.7): X  ans=                  10
    c 6 (T=0.8): X  ans=                   3
    c 7 (T=0.9): OK ans=                 120
    c 8 (T=1.0): X  ans=                   7
    c 9 (T=1.0): X  ans=                   4
    c10 (T=1.2): X  ans=                   7
    c11 (T=1.2): X  ans=                   7
  Base: X  | Any correct: True | Agreement: 0.50 | Time: 114.3s
[102/500] reason_102

  Task: reason_102 (hard, combinatorics)
  Stirling number approximation
    c 0 (T=0.0): X  ans=                   1
    c 1 (T=0.2): X  ans=                   4
    c 2 (T=0.3): OK ans=                   7
    c 3 (T=0.5): X  ans=                   6
    c 4 (T=0.6): X  ans=                  16
    c 5 (T=0.7): X  ans=                   4
    c 6 (T=0.8): X  ans=                  14
    c 7 (T=0.9): X  ans=                   4
    c 8 (T=1.0): X  ans=                   4
    c 9 (T=1.0): X  ans=                   3
    c10 (T=1.2): X  ans=                   2
    c11 (T=1.2): OK ans=                   7
  Base: X  | Any correct: True | Agreement: 0.33 | Time: 92.9s
[103/500] reason_103

  Task: reason_103 (hard, combinatorics)
  Permutation with repetition
    c 0 (T=0.0): X  ans=                  11
    c 1 (T=0.2): X  ans=                   2
    c 2 (T=0.3): X  ans=                  24
    c 3 (T=0.5): X  ans=                  11
    c 4 (T=0.6): X  ans=                  24
    c 5 (T=0.7): X  ans=                  11
    c 6 (T=0.8): X  ans=                  11
    c 7 (T=0.9): X  ans=                   4
    c 8 (T=1.0): X  ans=                   1
    c 9 (T=1.0): X  ans=                   5
    c10 (T=1.2): X  ans=                   2
    c11 (T=1.2): X  ans=                  24
  Base: X  | Any correct: False | Agreement: 0.33 | Time: 93.3s
[104/500] reason_104

  Task: reason_104 (medium, combinatorics)
  Pigeonhole with socks
    c 0 (T=0.0): OK ans=                  16
    c 1 (T=0.2): OK ans=                  16
    c 2 (T=0.3): OK ans=                  16
    c 3 (T=0.5): OK ans=                  16
    c 4 (T=0.6): X  ans=                   5
    c 5 (T=0.7): OK ans=                  16
    c 6 (T=0.8): OK ans=                  16
    c 7 (T=0.9): OK ans=                  16
    c 8 (T=1.0): X  ans=                   4
    c 9 (T=1.0): X  ans=                  14
    c10 (T=1.2): X  ans=                   4
    c11 (T=1.2): X  ans=                   5
  Base: OK | Any correct: True | Agreement: 0.58 | Time: 79.6s
[105/500] reason_105

  Task: reason_105 (hard, combinatorics)
  Bell number
    c 0 (T=0.0): X  ans=                   1
    c 1 (T=0.2): X  ans=                   3
    c 2 (T=0.3): X  ans=                   3
    c 3 (T=0.5): X  ans=                   1
    c 4 (T=0.6): X  ans=                   2
    c 5 (T=0.7): OK ans=                   5
    c 6 (T=0.8): X  ans=                   2
    c 7 (T=0.9): X  ans=                   3
    c 8 (T=1.0): OK ans=                   5
    c 9 (T=1.0): X  ans=                   2
    c10 (T=1.2): X  ans=                   3
    c11 (T=1.2): OK ans=                   5
  Base: X  | Any correct: True | Agreement: 0.33 | Time: 93.1s
[106/500] reason_106

  Task: reason_106 (hard, combinatorics)
  Inclusion-exclusion three sets
    c 0 (T=0.0): X  ans=                   5
    c 1 (T=0.2): X  ans=                   5
    c 2 (T=0.3): X  ans=                   5
    c 3 (T=0.5): X  ans=                   5
    c 4 (T=0.6): X  ans=                   5
    c 5 (T=0.7): X  ans=                   5
    c 6 (T=0.8): X  ans=                   5
    c 7 (T=0.9): X  ans=                   5
    c 8 (T=1.0): X  ans=                  60
    c 9 (T=1.0): X  ans=                   5
    c10 (T=1.2): X  ans=                   5
    c11 (T=1.2): X  ans=                  60
  Base: X  | Any correct: False | Agreement: 0.83 | Time: 94.9s
[107/500] reason_107

  Task: reason_107 (hard, combinatorics)
  Derangement of 5
    c 0 (T=0.0): X  ans=                   1
    c 1 (T=0.2): X  ans=                   1
    c 2 (T=0.3): X  ans=                   0
    c 3 (T=0.5): X  ans=                   0
    c 4 (T=0.6): X  ans=                   1
    c 5 (T=0.7): X  ans=                   1
    c 6 (T=0.8): X  ans=                   0
    c 7 (T=0.9): X  ans=                   0
    c 8 (T=1.0): X  ans=                   1
    c 9 (T=1.0): X  ans=                   0
    c10 (T=1.2): X  ans=                 0.5
    c11 (T=1.2): X  ans=                  -1
  Base: X  | Any correct: False | Agreement: 0.42 | Time: 94.5s
[108/500] reason_108

  Task: reason_108 (medium, combinatorics)
  Lattice paths
    c 0 (T=0.0): X  ans=                   3
    c 1 (T=0.2): X  ans=                   6
    c 2 (T=0.3): X  ans=                   3
    c 3 (T=0.5): OK ans=                  20
    c 4 (T=0.6): X  ans=                   6
    c 5 (T=0.7): X  ans=                   3
    c 6 (T=0.8): OK ans=                  20
    c 7 (T=0.9): X  ans=                   6
    c 8 (T=1.0): X  ans=                   6
    c 9 (T=1.0): X  ans=                   3
    c10 (T=1.2): X  ans=                 720
    c11 (T=1.2): OK ans=                  20
  Base: X  | Any correct: True | Agreement: 0.33 | Time: 92.3s
[109/500] reason_109

  Task: reason_109 (hard, combinatorics)
  Multinomial coefficient
    c 0 (T=0.0): OK ans=                 144
    c 1 (T=0.2): OK ans=                 144
    c 2 (T=0.3): OK ans=                 144
    c 3 (T=0.5): OK ans=                 144
    c 4 (T=0.6): X  ans=                   3
    c 5 (T=0.7): OK ans=                 144
    c 6 (T=0.8): OK ans=                 144
    c 7 (T=0.9): OK ans=                 144
    c 8 (T=1.0): OK ans=                 144
    c 9 (T=1.0): X  ans=                   6
    c10 (T=1.2): OK ans=                 144
    c11 (T=1.2): X  ans=                   4
  Base: OK | Any correct: True | Agreement: 0.75 | Time: 87.3s
[110/500] reason_110

  Task: reason_110 (hard, combinatorics)
  Generating function coefficient
    c 0 (T=0.0): X  ans=                   0
    c 1 (T=0.2): X  ans=                   0
    c 2 (T=0.3): X  ans=                   1
    c 3 (T=0.5): X  ans=                   1
    c 4 (T=0.6): X  ans=                   4
    c 5 (T=0.7): X  ans=                   3
    c 6 (T=0.8): X  ans=                   1
    c 7 (T=0.9): X  ans=                   0
    c 8 (T=1.0): X  ans=                   6
    c 9 (T=1.0): X  ans=                   0
    c10 (T=1.2): X  ans=                  7.
    c11 (T=1.2): X  ans=                   1
  Base: X  | Any correct: False | Agreement: 0.33 | Time: 93.4s
[111/500] reason_111

  Task: reason_111 (hard, math)
  Sum of alternating series
    c 0 (T=0.0): OK ans=  0.6931471805599453
    c 1 (T=0.2): X  ans=                   1
    c 2 (T=0.3): OK ans=       0.69314718056
    c 3 (T=0.5): OK ans=               0.693
    c 4 (T=0.6): OK ans=       0.69314718056
    c 5 (T=0.7): X  ans=                   1
    c 6 (T=0.8): OK ans=               0.693
    c 7 (T=0.9): X  ans=                   1
    c 8 (T=1.0): OK ans=               0.693
    c 9 (T=1.0): X  ans=                   2
    c10 (T=1.2): X  ans=                   1
    c11 (T=1.2): X  ans=                   1
  Base: OK | Any correct: True | Agreement: 0.42 | Time: 90.6s
[112/500] reason_112

  Task: reason_112 (hard, math)
  Taylor series
    c 0 (T=0.0): X  ans=                   1
    c 1 (T=0.2): X  ans=                   1
    c 2 (T=0.3): X  ans=                   1
    c 3 (T=0.5): X  ans=                   1
    c 4 (T=0.6): X  ans=                   1
    c 5 (T=0.7): X  ans=                   1
    c 6 (T=0.8): X  ans=                 2.5
    c 7 (T=0.9): X  ans=                   0
    c 8 (T=1.0): X  ans=                   0
    c 9 (T=1.0): X  ans=                   1
    c10 (T=1.2): X  ans=                   2
    c11 (T=1.2): X  ans=                   1
  Base: X  | Any correct: False | Agreement: 0.67 | Time: 93.5s
[113/500] reason_113

  Task: reason_113 (medium, math)
  Integration
    c 0 (T=0.0): OK ans=                   9
    c 1 (T=0.2): OK ans=                   9
    c 2 (T=0.3): OK ans=                   9
    c 3 (T=0.5): OK ans=                   9
    c 4 (T=0.6): OK ans=                   9
    c 5 (T=0.7): X  ans=                   0
    c 6 (T=0.8): OK ans=                   9
    c 7 (T=0.9): OK ans=                   9
    c 8 (T=1.0): OK ans=                   9
    c 9 (T=1.0): OK ans=                   9
    c10 (T=1.2): OK ans=                   9
    c11 (T=1.2): OK ans=                   9
  Base: OK | Any correct: True | Agreement: 0.92 | Time: 76.0s
[114/500] reason_114

  Task: reason_114 (medium, math)
  Derivative
    c 0 (T=0.0): X  ans=                   9
    c 1 (T=0.2): X  ans=                   4
    c 2 (T=0.3): X  ans=                   9
    c 3 (T=0.5): X  ans=                   2
    c 4 (T=0.6): OK ans=                  33
    c 5 (T=0.7): X  ans=                   9
    c 6 (T=0.8): X  ans=                   9
    c 7 (T=0.9): X  ans=                   2
    c 8 (T=1.0): X  ans=                    
    c 9 (T=1.0): X  ans=                   9
    c10 (T=1.2): X  ans=                   9
    c11 (T=1.2): X  ans=                   9
  Base: X  | Any correct: True | Agreement: 0.58 | Time: 93.4s
[115/500] reason_115

  Task: reason_115 (medium, math)
  Limit
    c 0 (T=0.0): X  ans=                   1
    c 1 (T=0.2): X  ans=                   1
    c 2 (T=0.3): X  ans=                   1
    c 3 (T=0.5): X  ans=                   1
    c 4 (T=0.6): OK ans=                   2
    c 5 (T=0.7): X  ans=                   1
    c 6 (T=0.8): X  ans=                   1
    c 7 (T=0.9): OK ans=                   2
    c 8 (T=1.0): X  ans=                   1
    c 9 (T=1.0): X  ans=                   1
    c10 (T=1.2): X  ans=                   1
    c11 (T=1.2): OK ans=                   2
  Base: X  | Any correct: True | Agreement: 0.75 | Time: 93.4s
[116/500] reason_116

  Task: reason_116 (medium, math)
  Complex number modulus
    c 0 (T=0.0): OK ans=                   5
    c 1 (T=0.2): OK ans=                   5
    c 2 (T=0.3): OK ans=                   5
    c 3 (T=0.5): OK ans=                   5
    c 4 (T=0.6): OK ans=                   5
    c 5 (T=0.7): OK ans=                   5
    c 6 (T=0.8): OK ans=                   5
    c 7 (T=0.9): OK ans=                   5
    c 8 (T=1.0): OK ans=                   5
    c 9 (T=1.0): OK ans=                   5
    c10 (T=1.2): OK ans=                   5
    c11 (T=1.2): OK ans=                   5
  Base: OK | Any correct: True | Agreement: 1.00 | Time: 69.8s
[117/500] reason_117

  Task: reason_117 (easy, math)
  Trigonometric value
    c 0 (T=0.0): OK ans=                 0.5
    c 1 (T=0.2): OK ans=                 0.5
    c 2 (T=0.3): OK ans=                 0.5
    c 3 (T=0.5): OK ans=                 0.5
    c 4 (T=0.6): OK ans=                 0.5
    c 5 (T=0.7): OK ans=                 0.5
    c 6 (T=0.8): X  ans=                  4.
    c 7 (T=0.9): OK ans=                 0.5
    c 8 (T=1.0): OK ans=                 0.5
    c 9 (T=1.0): OK ans=                 0.5
    c10 (T=1.2): OK ans=                 0.5
    c11 (T=1.2): X  ans=                  30
  Base: OK | Any correct: True | Agreement: 0.83 | Time: 68.7s
[118/500] reason_118

  Task: reason_118 (easy, math)
  Logarithm property
    c 0 (T=0.0): OK ans=                   5
    c 1 (T=0.2): OK ans=                   5
    c 2 (T=0.3): OK ans=                   5
    c 3 (T=0.5): OK ans=                   5
    c 4 (T=0.6): OK ans=                   5
    c 5 (T=0.7): OK ans=                   5
    c 6 (T=0.8): OK ans=                   5
    c 7 (T=0.9): OK ans=                   5
    c 8 (T=1.0): OK ans=                   5
    c 9 (T=1.0): OK ans=                   5
    c10 (T=1.2): OK ans=                   5
    c11 (T=1.2): OK ans=                   5
  Base: OK | Any correct: True | Agreement: 1.00 | Time: 73.8s
[119/500] reason_119

  Task: reason_119 (medium, math)
  Arithmetic progression sum
    c 0 (T=0.0): X  ans=                   5
    c 1 (T=0.2): X  ans=                   5
    c 2 (T=0.3): X  ans=                  20
    c 3 (T=0.5): X  ans=                   5
    c 4 (T=0.6): X  ans=                  20
    c 5 (T=0.7): X  ans=                  20
    c 6 (T=0.8): X  ans=                  20
    c 7 (T=0.9): X  ans=                   5
    c 8 (T=1.0): X  ans=                   5
    c 9 (T=1.0): X  ans=                   3
    c10 (T=1.2): X  ans=                  20
    c11 (T=1.2): X  ans=                   5
  Base: X  | Any correct: False | Agreement: 0.50 | Time: 93.7s
[120/500] reason_120

  Task: reason_120 (medium, math)
  Geometric progression product
    c 0 (T=0.0): OK ans=               32768
    c 1 (T=0.2): OK ans=               32768
    c 2 (T=0.3): OK ans=               32768
    c 3 (T=0.5): OK ans=               32768
    c 4 (T=0.6): OK ans=               32768
    c 5 (T=0.7): OK ans=               32768
    c 6 (T=0.8): OK ans=               32768
    c 7 (T=0.9): OK ans=               32768
    c 8 (T=1.0): OK ans=               32768
    c 9 (T=1.0): OK ans=               32768
    c10 (T=1.2): OK ans=               32768
    c11 (T=1.2): OK ans=               32768
  Base: OK | Any correct: True | Agreement: 1.00 | Time: 73.7s
[121/500] reason_121

  Task: reason_121 (hard, math)
  Sum of arithmetic series with negative
    c 0 (T=0.0): X  ans=                  51
    c 1 (T=0.2): X  ans=                  51
    c 2 (T=0.3): X  ans=                   3
    c 3 (T=0.5): X  ans=                   2
    c 4 (T=0.6): X  ans=                  51
    c 5 (T=0.7): X  ans=                  51
    c 6 (T=0.8): X  ans=                   3
    c 7 (T=0.9): X  ans=                  51
    c 8 (T=1.0): X  ans=                   2
    c 9 (T=1.0): X  ans=                  51
    c10 (T=1.2): X  ans=                  -3
    c11 (T=1.2): X  ans=                  51
  Base: X  | Any correct: False | Agreement: 0.58 | Time: 93.9s
[122/500] reason_122

  Task: reason_122 (hard, math)
  Probability of at least one
    c 0 (T=0.0): X  ans=                   1
    c 1 (T=0.2): X  ans=                   3
    c 2 (T=0.3): X  ans=                   3
    c 3 (T=0.5): X  ans=                   3
    c 4 (T=0.6): X  ans=                   6
    c 5 (T=0.7): X  ans=                   6
    c 6 (T=0.8): X  ans=                   6
    c 7 (T=0.9): X  ans=                   3
    c 8 (T=1.0): X  ans=                   6
    c 9 (T=1.0): X  ans=                   3
    c10 (T=1.2): X  ans=                   5
    c11 (T=1.2): X  ans=                   5
  Base: X  | Any correct: False | Agreement: 0.42 | Time: 93.7s
[123/500] reason_123

  Task: reason_123 (easy, math)
  Tetrahedron faces
    c 0 (T=0.0): OK ans=                   4
    c 1 (T=0.2): OK ans=                   4
    c 2 (T=0.3): OK ans=                   4
    c 3 (T=0.5): OK ans=                   4
    c 4 (T=0.6): OK ans=                   4
    c 5 (T=0.7): OK ans=                   4
    c 6 (T=0.8): OK ans=                   4
    c 7 (T=0.9): OK ans=                   4
    c 8 (T=1.0): OK ans=                   4
    c 9 (T=1.0): OK ans=                   4
    c10 (T=1.2): OK ans=                   4
    c11 (T=1.2): OK ans=                   4
  Base: OK | Any correct: True | Agreement: 1.00 | Time: 24.3s
[124/500] reason_124

  Task: reason_124 (medium, math)
  Octahedron vertices
    c 0 (T=0.0): X  ans=                   2
    c 1 (T=0.2): X  ans=                   2
    c 2 (T=0.3): X  ans=                   4
    c 3 (T=0.5): X  ans=                   8
    c 4 (T=0.6): OK ans=                   6
    c 5 (T=0.7): X  ans=                   1
    c 6 (T=0.8): OK ans=                   6
    c 7 (T=0.9): OK ans=                   6
    c 8 (T=1.0): OK ans=                   6
    c 9 (T=1.0): X  ans=                   2
    c10 (T=1.2): OK ans=                   6
    c11 (T=1.2): OK ans=                   6
  Base: X  | Any correct: True | Agreement: 0.50 | Time: 89.3s
[125/500] reason_125

  Task: reason_125 (hard, math)
  Dodecahedron edges
    c 0 (T=0.0): OK ans=                  30
    c 1 (T=0.2): X  ans=                  12
    c 2 (T=0.3): OK ans=                  30
    c 3 (T=0.5): OK ans=                  30
    c 4 (T=0.6): X  ans=                   3
    c 5 (T=0.7): OK ans=                  30
    c 6 (T=0.8): OK ans=                  30
    c 7 (T=0.9): OK ans=                  30
    c 8 (T=1.0): OK ans=                  30
    c 9 (T=1.0): X  ans=                  12
    c10 (T=1.2): X  ans=                  12
    c11 (T=1.2): X  ans=                   2
  Base: OK | Any correct: True | Agreement: 0.58 | Time: 86.8s
[126/500] reason_126

  Task: reason_126 (medium, math)
  Sum of first n odd numbers
    c 0 (T=0.0): OK ans=                2500
    c 1 (T=0.2): OK ans=                2500
    c 2 (T=0.3): OK ans=                2500
    c 3 (T=0.5): OK ans=                2500
    c 4 (T=0.6): OK ans=                2500
    c 5 (T=0.7): OK ans=                2500
    c 6 (T=0.8): OK ans=                2500
    c 7 (T=0.9): OK ans=                2500
    c 8 (T=1.0): OK ans=                2500
    c 9 (T=1.0): OK ans=                2500
    c10 (T=1.2): OK ans=                2500
    c11 (T=1.2): OK ans=                2500
  Base: OK | Any correct: True | Agreement: 1.00 | Time: 43.9s
[127/500] reason_127

  Task: reason_127 (medium, math)
  Difference of squares
    c 0 (T=0.0): OK ans=                9800
    c 1 (T=0.2): OK ans=                9800
    c 2 (T=0.3): OK ans=                9800
    c 3 (T=0.5): OK ans=                9800
    c 4 (T=0.6): OK ans=                9800
    c 5 (T=0.7): OK ans=                9800
    c 6 (T=0.8): OK ans=                9800
    c 7 (T=0.9): OK ans=                9800
    c 8 (T=1.0): OK ans=                9800
    c 9 (T=1.0): OK ans=                9800
    c10 (T=1.2): OK ans=                9800
    c11 (T=1.2): OK ans=                9800
  Base: OK | Any correct: True | Agreement: 1.00 | Time: 66.2s
[128/500] reason_128

  Task: reason_128 (medium, math)
  Sum of geometric series ratio < 1
    c 0 (T=0.0): OK ans=                  16
    c 1 (T=0.2): X  ans=                   8
    c 2 (T=0.3): X  ans=                 0.5
    c 3 (T=0.5): X  ans=                   8
    c 4 (T=0.6): X  ans=                0.25
    c 5 (T=0.7): X  ans=                 0.5
    c 6 (T=0.8): X  ans=                   1
    c 7 (T=0.9): X  ans=                 0.5
    c 8 (T=1.0): X  ans=                   4
    c 9 (T=1.0): X  ans=                   1
    c10 (T=1.2): X  ans=                 0.5
    c11 (T=1.2): X  ans=                 0.5
  Base: OK | Any correct: True | Agreement: 0.42 | Time: 93.4s
[129/500] reason_129

  Task: reason_129 (hard, math)
  Conditional probability with table
    c 0 (T=0.0): X  ans=                   7
    c 1 (T=0.2): X  ans=                   7
    c 2 (T=0.3): X  ans=                   7
    c 3 (T=0.5): X  ans=                   4
    c 4 (T=0.6): X  ans=                   7
    c 5 (T=0.7): X  ans=                   7
    c 6 (T=0.8): X  ans=                   7
    c 7 (T=0.9): X  ans=                   7
    c 8 (T=1.0): X  ans=                0.07
    c 9 (T=1.0): OK ans=               57.14
    c10 (T=1.2): X  ans=                   4
    c11 (T=1.2): X  ans=                   7
  Base: X  | Any correct: True | Agreement: 0.67 | Time: 92.7s
[130/500] reason_130

  Task: reason_130 (medium, math)
  Expected value of dice game
    c 0 (T=0.0): OK ans=                   0
    c 1 (T=0.2): X  ans=                  -1
    c 2 (T=0.3): X  ans=                   6
    c 3 (T=0.5): OK ans=                   0
    c 4 (T=0.6): X  ans=                   6
    c 5 (T=0.7): X  ans=                   6
    c 6 (T=0.8): X  ans=                   6
    c 7 (T=0.9): X  ans=                   6
    c 8 (T=1.0): X  ans=                   6
    c 9 (T=1.0): X  ans=                   5
    c10 (T=1.2): X  ans=                  4.
    c11 (T=1.2): X  ans=                   6
  Base: OK | Any correct: True | Agreement: 0.58 | Time: 94.0s
[131/500] reason_131

  Task: reason_131 (hard, sequence)
  Harmonic progression check
    c 0 (T=0.0): X  ans=                   2
    c 1 (T=0.2): X  ans=                   2
    c 2 (T=0.3): X  ans=                   2
    c 3 (T=0.5): X  ans=                   2
    c 4 (T=0.6): X  ans=                   2
    c 5 (T=0.7): X  ans=                   2
    c 6 (T=0.8): X  ans=                   2
    c 7 (T=0.9): X  ans=                   2
    c 8 (T=1.0): X  ans=                   2
    c 9 (T=1.0): X  ans=                   2
    c10 (T=1.2): X  ans=                   2
    c11 (T=1.2): X  ans=                   2
  Base: X  | Any correct: False | Agreement: 1.00 | Time: 93.4s
[132/500] reason_132

  Task: reason_132 (medium, sequence)
  Arithmetic-geometric sequence
    c 0 (T=0.0): OK ans=                  50
    c 1 (T=0.2): OK ans=                  50
    c 2 (T=0.3): X  ans=                  13
    c 3 (T=0.5): OK ans=                  50
    c 4 (T=0.6): OK ans=                  50
    c 5 (T=0.7): OK ans=                  50
    c 6 (T=0.8): OK ans=                  50
    c 7 (T=0.9): OK ans=                  50
    c 8 (T=1.0): OK ans=                  50
    c 9 (T=1.0): OK ans=                  50
    c10 (T=1.2): OK ans=                  50
    c11 (T=1.2): OK ans=                  50
  Base: OK | Any correct: True | Agreement: 0.92 | Time: 84.3s
[133/500] reason_133

  Task: reason_133 (hard, sequence)
  Fibonacci ratio
    c 0 (T=0.0): X  ans=                   1
    c 1 (T=0.2): X  ans=                   1
    c 2 (T=0.3): X  ans=                   1
    c 3 (T=0.5): X  ans=                   1
    c 4 (T=0.6): X  ans=                   1
    c 5 (T=0.7): X  ans=                  -1
    c 6 (T=0.8): X  ans=                   1
    c 7 (T=0.9): X  ans=                   1
    c 8 (T=1.0): X  ans=                   1
    c 9 (T=1.0): X  ans=                   1
    c10 (T=1.2): X  ans=                   0
    c11 (T=1.2): X  ans=                  +1
  Base: X  | Any correct: False | Agreement: 0.75 | Time: 93.4s
[134/500] reason_134

  Task: reason_134 (hard, math)
  Sum of alternating harmonic
    c 0 (T=0.0): X  ans=                   4
    c 1 (T=0.2): X  ans=                   4
    c 2 (T=0.3): X  ans=                   1
    c 3 (T=0.5): X  ans=                   4
    c 4 (T=0.6): X  ans=                   1
    c 5 (T=0.7): X  ans=                   0
    c 6 (T=0.8): X  ans=                   1
    c 7 (T=0.9): X  ans=                   4
    c 8 (T=1.0): X  ans=                   4
    c 9 (T=1.0): X  ans=                   0
    c10 (T=1.2): X  ans=                   1
    c11 (T=1.2): X  ans=                   4
  Base: X  | Any correct: False | Agreement: 0.50 | Time: 93.5s
[135/500] reason_135

  Task: reason_135 (hard, math)
  Newton's method approximation
    c 0 (T=0.0): X  ans=                   2
    c 1 (T=0.2): X  ans=                   2
    c 2 (T=0.3): X  ans=                   2
    c 3 (T=0.5): X  ans=                    
    c 4 (T=0.6): X  ans=                   2
    c 5 (T=0.7): X  ans=                   2
    c 6 (T=0.8): X  ans=                   2
    c 7 (T=0.9): X  ans=                   2
    c 8 (T=1.0): X  ans=                   2
    c 9 (T=1.0): X  ans=                   2
    c10 (T=1.2): X  ans=                   0
    c11 (T=1.2): X  ans=                   2
  Base: X  | Any correct: False | Agreement: 0.83 | Time: 93.1s
[136/500] reason_136

  Task: reason_136 (medium, math)
  Sum of divisors of perfect square
    c 0 (T=0.0): X  ans=                  16
    c 1 (T=0.2): X  ans=                  16
    c 2 (T=0.3): X  ans=                  16
    c 3 (T=0.5): X  ans=                  16
    c 4 (T=0.6): X  ans=                  25
    c 5 (T=0.7): X  ans=                  36
    c 6 (T=0.8): X  ans=                   3
    c 7 (T=0.9): X  ans=                   1
    c 8 (T=1.0): X  ans=                   2
    c 9 (T=1.0): X  ans=                  10
    c10 (T=1.2): X  ans=                   3
    c11 (T=1.2): X  ans=                   1
  Base: X  | Any correct: False | Agreement: 0.33 | Time: 92.9s
[137/500] reason_137

  Task: reason_137 (hard, math)
  Number of positive divisors
    c 0 (T=0.0): X  ans=                   5
    c 1 (T=0.2): X  ans=                   2
    c 2 (T=0.3): X  ans=                   2
    c 3 (T=0.5): X  ans=                   2
    c 4 (T=0.6): X  ans=                   5
    c 5 (T=0.7): X  ans=                   5
    c 6 (T=0.8): X  ans=                   1
    c 7 (T=0.9): X  ans=                   2
    c 8 (T=1.0): X  ans=                   5
    c 9 (T=1.0): X  ans=                   2
    c10 (T=1.2): X  ans=                 360
    c11 (T=1.2): X  ans=                   5
  Base: X  | Any correct: False | Agreement: 0.42 | Time: 93.0s
[138/500] reason_138

  Task: reason_138 (hard, math)
  Euler totient of prime power
    c 0 (T=0.0): X  ans=                  49
    c 1 (T=0.2): X  ans=                  49
    c 2 (T=0.3): X  ans=                  49
    c 3 (T=0.5): OK ans=                  42
    c 4 (T=0.6): X  ans=                   4
    c 5 (T=0.7): X  ans=                  49
    c 6 (T=0.8): X  ans=                   7
    c 7 (T=0.9): X  ans=                  49
    c 8 (T=1.0): X  ans=                  49
    c 9 (T=1.0): X  ans=                  49
    c10 (T=1.2): X  ans=                  49
    c11 (T=1.2): X  ans=                  49
  Base: X  | Any correct: True | Agreement: 0.75 | Time: 92.5s
[139/500] reason_139

  Task: reason_139 (medium, logic)
  Wilson's theorem check
    c 0 (T=0.0): X  ans=                   4
    c 1 (T=0.2): X  ans=                   1
    c 2 (T=0.3): X  ans=                   3
    c 3 (T=0.5): X  ans=                   3
    c 4 (T=0.6): X  ans=                   2
    c 5 (T=0.7): X  ans=                   4
    c 6 (T=0.8): OK ans=                 Yes
    c 7 (T=0.9): X  ans=                  4.
    c 8 (T=1.0): X  ans=                   3
    c 9 (T=1.0): X  ans=                   5
    c10 (T=1.2): X  ans=                  4.
    c11 (T=1.2): X  ans=                   5
  Base: X  | Any correct: True | Agreement: 0.25 | Time: 91.3s
[140/500] reason_140

  Task: reason_140 (medium, logic)
  Goldbach conjecture check
    c 0 (T=0.0): X  ans=                   3
    c 1 (T=0.2): X  ans=                   1
    c 2 (T=0.3): OK ans=            unproven
    c 3 (T=0.5): X  ans=                  10
    c 4 (T=0.6): OK ans=            unproven
    c 5 (T=0.7): X  ans=                   3
    c 6 (T=0.8): X  ans=                   7
    c 7 (T=0.9): X  ans=                   3
    c 8 (T=1.0): X  ans=                   5
    c 9 (T=1.0): X  ans=                 202
    c10 (T=1.2): X  ans=                  11
    c11 (T=1.2): X  ans=                   7
  Base: X  | Any correct: True | Agreement: 0.25 | Time: 93.2s
[141/500] reason_141

  Task: reason_141 (easy, math)
  Continuity check
    c 0 (T=0.0): X  ans=                   0
    c 1 (T=0.2): X  ans=                   0
    c 2 (T=0.3): X  ans=                   0
    c 3 (T=0.5): X  ans=                   0
    c 4 (T=0.6): X  ans=                   0
    c 5 (T=0.7): X  ans=                   0
    c 6 (T=0.8): X  ans=                   0
    c 7 (T=0.9): X  ans=                   0
    c 8 (T=1.0): X  ans=                   0
    c 9 (T=1.0): X  ans=                  0.
    c10 (T=1.2): X  ans=                   0
    c11 (T=1.2): X  ans=                   0
  Base: X  | Any correct: False | Agreement: 0.92 | Time: 92.8s
[142/500] reason_142

  Task: reason_142 (easy, math)
  Differentiability check
    c 0 (T=0.0): X  ans=                   0
    c 1 (T=0.2): X  ans=                   0
    c 2 (T=0.3): X  ans=                   0
    c 3 (T=0.5): X  ans=                   1
    c 4 (T=0.6): X  ans=                   0
    c 5 (T=0.7): X  ans=                   0
    c 6 (T=0.8): X  ans=                   0
    c 7 (T=0.9): X  ans=                  -1
    c 8 (T=1.0): X  ans=                   0
    c 9 (T=1.0): X  ans=                   0
    c10 (T=1.2): X  ans=                   0
    c11 (T=1.2): X  ans=                   1
  Base: X  | Any correct: False | Agreement: 0.75 | Time: 92.8s
[143/500] reason_143

  Task: reason_143 (medium, math)
  L'Hopital's rule
    c 0 (T=0.0): OK ans=                   1
    c 1 (T=0.2): X  ans=                  3.
    c 2 (T=0.3): OK ans=                   1
    c 3 (T=0.5): OK ans=                   1
    c 4 (T=0.6): OK ans=                   1
    c 5 (T=0.7): OK ans=                   1
    c 6 (T=0.8): OK ans=                   1
    c 7 (T=0.9): OK ans=                   1
    c 8 (T=1.0): OK ans=                   1
    c 9 (T=1.0): OK ans=                   1
    c10 (T=1.2): OK ans=                   1
    c11 (T=1.2): OK ans=                   1
  Base: OK | Any correct: True | Agreement: 0.92 | Time: 61.6s
[144/500] reason_144

  Task: reason_144 (hard, math)
  Chain rule derivative
    c 0 (T=0.0): X  ans=                   2
    c 1 (T=0.2): X  ans=                   2
    c 2 (T=0.3): X  ans=                   2
    c 3 (T=0.5): X  ans=                   2
    c 4 (T=0.6): X  ans=                   2
    c 5 (T=0.7): X  ans=                   2
    c 6 (T=0.8): X  ans=                   2
    c 7 (T=0.9): X  ans=                   2
    c 8 (T=1.0): X  ans=                   2
    c 9 (T=1.0): X  ans=                   2
    c10 (T=1.2): X  ans=                   2
    c11 (T=1.2): X  ans=                   2
  Base: X  | Any correct: False | Agreement: 1.00 | Time: 75.4s
[145/500] reason_145

  Task: reason_145 (hard, math)
  Integration by parts
    c 0 (T=0.0): X  ans=                  -1
    c 1 (T=0.2): X  ans=To find the integral
    c 2 (T=0.3): X  ans=To find the integral
    c 3 (T=0.5): X  ans=To find the integral
    c 4 (T=0.6): X  ans=To find the integral
    c 5 (T=0.7): X  ans=                  -1
    c 6 (T=0.8): X  ans=                  -1
    c 7 (T=0.9): X  ans=                   1
    c 8 (T=1.0): X  ans=                  -1
    c 9 (T=1.0): X  ans=                  -1
    c10 (T=1.2): X  ans=                  \[
    c11 (T=1.2): X  ans=To find the integral
  Base: X  | Any correct: False | Agreement: 0.42 | Time: 87.7s
[146/500] reason_146

  Task: reason_146 (medium, math)
  Matrix multiplication
    c 0 (T=0.0): X  ans=                   1
    c 1 (T=0.2): OK ans=                  19
    c 2 (T=0.3): OK ans=                  19
    c 3 (T=0.5): OK ans=                  19
    c 4 (T=0.6): OK ans=                  19
    c 5 (T=0.7): X  ans=                  14
    c 6 (T=0.8): OK ans=                  19
    c 7 (T=0.9): OK ans=                  19
    c 8 (T=1.0): OK ans=                  19
    c 9 (T=1.0): OK ans=                  19
    c10 (T=1.2): OK ans=                  19
    c11 (T=1.2): OK ans=                  19
  Base: X  | Any correct: True | Agreement: 0.83 | Time: 70.2s
[147/500] reason_147

  Task: reason_147 (medium, math)
  Eigenvalue of 2x2
    c 0 (T=0.0): X  ans=                   2
    c 1 (T=0.2): X  ans=                   2
    c 2 (T=0.3): X  ans=                   2
    c 3 (T=0.5): X  ans=                   0
    c 4 (T=0.6): X  ans=                   2
    c 5 (T=0.7): OK ans=                   3
    c 6 (T=0.8): X  ans=                   0
    c 7 (T=0.9): X  ans=                   0
    c 8 (T=1.0): X  ans=                   2
    c 9 (T=1.0): OK ans=                   3
    c10 (T=1.2): X  ans=                   0
    c11 (T=1.2): OK ans=                   3
  Base: X  | Any correct: True | Agreement: 0.42 | Time: 93.2s
[148/500] reason_148

  Task: reason_148 (easy, math)
  Trace of matrix
    c 0 (T=0.0): OK ans=                  15
    c 1 (T=0.2): OK ans=                  15
    c 2 (T=0.3): OK ans=                  15
    c 3 (T=0.5): OK ans=                  15
    c 4 (T=0.6): OK ans=                  15
    c 5 (T=0.7): OK ans=                  15
    c 6 (T=0.8): OK ans=                  15
    c 7 (T=0.9): OK ans=                  15
    c 8 (T=1.0): OK ans=                  15
    c 9 (T=1.0): OK ans=                  15
    c10 (T=1.2): OK ans=                  15
    c11 (T=1.2): OK ans=                  15
  Base: OK | Any correct: True | Agreement: 1.00 | Time: 47.5s
[149/500] reason_149

  Task: reason_149 (medium, math)
  Inverse matrix element
    c 0 (T=0.0): X  ans=                   6
    c 1 (T=0.2): X  ans=                   6
    c 2 (T=0.3): X  ans=                   6
    c 3 (T=0.5): X  ans=                   1
    c 4 (T=0.6): X  ans=                   6
    c 5 (T=0.7): X  ans=                   6
    c 6 (T=0.8): X  ans=                   1
    c 7 (T=0.9): X  ans=                   6
    c 8 (T=1.0): X  ans=                   3
    c 9 (T=1.0): X  ans=                   6
    c10 (T=1.2): X  ans=                   2
    c11 (T=1.2): X  ans=                   6
  Base: X  | Any correct: False | Agreement: 0.67 | Time: 93.2s
[150/500] reason_150

  Task: reason_150 (easy, math)
  Vector dot product
    c 0 (T=0.0): OK ans=                  32
    c 1 (T=0.2): OK ans=                  32
    c 2 (T=0.3): OK ans=                  32
    c 3 (T=0.5): OK ans=                  32
    c 4 (T=0.6): OK ans=                  32
    c 5 (T=0.7): OK ans=                  32
    c 6 (T=0.8): OK ans=                  32
    c 7 (T=0.9): OK ans=                  32
    c 8 (T=1.0): OK ans=                  32
    c 9 (T=1.0): OK ans=                  32
    c10 (T=1.2): OK ans=                  32
    c11 (T=1.2): OK ans=                  32
  Base: OK | Any correct: True | Agreement: 1.00 | Time: 52.1s
[151/500] reason_151

  Task: reason_151 (medium, math)
  Cross product magnitude
    c 0 (T=0.0): X  ans=                   0
    c 1 (T=0.2): X  ans=                   0
    c 2 (T=0.3): OK ans=                   1
    c 3 (T=0.5): X  ans=                   0
    c 4 (T=0.6): X  ans=                   0
    c 5 (T=0.7): X  ans=                   0
    c 6 (T=0.8): X  ans=                   0
    c 7 (T=0.9): X  ans=                   0
    c 8 (T=1.0): OK ans=                   1
    c 9 (T=1.0): X  ans=                   0
    c10 (T=1.2): X  ans=                   0
    c11 (T=1.2): OK ans=                   1
  Base: X  | Any correct: True | Agreement: 0.75 | Time: 93.0s
[152/500] reason_152

  Task: reason_152 (easy, logic)
  Vector perpendicularity
    c 0 (T=0.0): OK ans=                 yes
    c 1 (T=0.2): OK ans=                 yes
    c 2 (T=0.3): OK ans=                 yes
    c 3 (T=0.5): OK ans=                 yes
    c 4 (T=0.6): OK ans=                 yes
    c 5 (T=0.7): OK ans=                 yes
    c 6 (T=0.8): OK ans=                 yes
    c 7 (T=0.9): OK ans=                 yes
    c 8 (T=1.0): OK ans=                 yes
    c 9 (T=1.0): X  ans=                   0
    c10 (T=1.2): X  ans=                   0
    c11 (T=1.2): OK ans=                 yes
  Base: OK | Any correct: True | Agreement: 0.83 | Time: 74.8s
[153/500] reason_153

  Task: reason_153 (hard, math)
  Probability of flush
    c 0 (T=0.0): X  ans=                   1
    c 1 (T=0.2): X  ans=                   2
    c 2 (T=0.3): X  ans=                   5
    c 3 (T=0.5): X  ans=                   2
    c 4 (T=0.6): X  ans=                   2
    c 5 (T=0.7): X  ans=                   2
    c 6 (T=0.8): X  ans=                   2
    c 7 (T=0.9): X  ans=                  52
    c 8 (T=1.0): X  ans=                   2
    c 9 (T=1.0): X  ans=                  13
    c10 (T=1.2): X  ans=             2598960
    c11 (T=1.2): X  ans=                   2
  Base: X  | Any correct: False | Agreement: 0.58 | Time: 92.8s
[154/500] reason_154

  Task: reason_154 (medium, math)
  Expected rolls for first 6
    c 0 (T=0.0): OK ans=                   6
    c 1 (T=0.2): OK ans=                   6
    c 2 (T=0.3): OK ans=                   6
    c 3 (T=0.5): OK ans=                   6
    c 4 (T=0.6): OK ans=                   6
    c 5 (T=0.7): OK ans=                   6
    c 6 (T=0.8): OK ans=                   6
    c 7 (T=0.9): OK ans=                   6
    c 8 (T=1.0): X  ans=                   1
    c 9 (T=1.0): OK ans=                   6
    c10 (T=1.2): OK ans=                   6
    c11 (T=1.2): OK ans=                   6
  Base: OK | Any correct: True | Agreement: 0.92 | Time: 58.1s
[155/500] reason_155

  Task: reason_155 (hard, math)
  Variance of fair die
    c 0 (T=0.0): X  ans=                   1
    c 1 (T=0.2): X  ans=                   1
    c 2 (T=0.3): X  ans=                   1
    c 3 (T=0.5): X  ans=                  21
    c 4 (T=0.6): X  ans=                   3
    c 5 (T=0.7): X  ans=                   1
    c 6 (T=0.8): X  ans=                2.25
    c 7 (T=0.9): X  ans=                   1
    c 8 (T=1.0): X  ans=                   3
    c 9 (T=1.0): X  ans=                 3.5
    c10 (T=1.2): X  ans=                0.25
    c11 (T=1.2): X  ans=                   2
  Base: X  | Any correct: False | Agreement: 0.42 | Time: 93.0s
[156/500] reason_156

  Task: reason_156 (hard, math)
  Chebyshev bound
    c 0 (T=0.0): X  ans=                   3
    c 1 (T=0.2): X  ans=                   1
    c 2 (T=0.3): X  ans=                   2
    c 3 (T=0.5): X  ans=                  10
    c 4 (T=0.6): X  ans=                   3
    c 5 (T=0.7): X  ans=                   1
    c 6 (T=0.8): X  ans=                   6
    c 7 (T=0.9): X  ans=                   3
    c 8 (T=1.0): X  ans=                   6
    c 9 (T=1.0): X  ans=                   3
    c10 (T=1.2): X  ans=                   4
    c11 (T=1.2): X  ans=                   3
  Base: X  | Any correct: False | Agreement: 0.42 | Time: 93.3s
[157/500] reason_157

  Task: reason_157 (hard, math)
  Markov inequality
    c 0 (T=0.0): X  ans=                   1
    c 1 (T=0.2): X  ans=                  15
    c 2 (T=0.3): X  ans=                   5
    c 3 (T=0.5): X  ans=                  15
    c 4 (T=0.6): X  ans=                   5
    c 5 (T=0.7): X  ans=                   5
    c 6 (T=0.8): X  ans=                  15
    c 7 (T=0.9): X  ans=                   1
    c 8 (T=1.0): X  ans=                  15
    c 9 (T=1.0): X  ans=                  15
    c10 (T=1.2): X  ans=                  15
    c11 (T=1.2): X  ans=                   5
  Base: X  | Any correct: False | Agreement: 0.50 | Time: 90.2s
[158/500] reason_158

  Task: reason_158 (medium, math)
  Series convergence
    c 0 (T=0.0): OK ans=                 yes
    c 1 (T=0.2): X  ans=                   1
    c 2 (T=0.3): OK ans=                 yes
    c 3 (T=0.5): X  ans=                   2
    c 4 (T=0.6): OK ans=                 yes
    c 5 (T=0.7): OK ans=                 yes
    c 6 (T=0.8): OK ans=                 Yes
    c 7 (T=0.9): OK ans=                 Yes
    c 8 (T=1.0): OK ans=                 Yes
    c 9 (T=1.0): OK ans=                 yes
    c10 (T=1.2): OK ans=                 yes
    c11 (T=1.2): OK ans=                 Yes
  Base: OK | Any correct: True | Agreement: 0.50 | Time: 76.7s
[159/500] reason_159

  Task: reason_159 (medium, math)
  Harmonic series divergence
    c 0 (T=0.0): X  ans=                   1
    c 1 (T=0.2): X  ans=                   1
    c 2 (T=0.3): X  ans=                   1
    c 3 (T=0.5): X  ans=                   1
    c 4 (T=0.6): X  ans=                   1
    c 5 (T=0.7): X  ans=                   1
    c 6 (T=0.8): X  ans=                  1.
    c 7 (T=0.9): X  ans=                   1
    c 8 (T=1.0): X  ans=                   4
    c 9 (T=1.0): X  ans=                   1
    c10 (T=1.2): X  ans=                 1/2
    c11 (T=1.2): X  ans=                   1
  Base: X  | Any correct: False | Agreement: 0.75 | Time: 93.0s
[160/500] reason_160

  Task: reason_160 (hard, math)
  Telescoping sum value
    c 0 (T=0.0): X  ans=                   0
    c 1 (T=0.2): OK ans=                   1
    c 2 (T=0.3): X  ans=                   0
    c 3 (T=0.5): OK ans=                   1
    c 4 (T=0.6): X  ans=                   0
    c 5 (T=0.7): X  ans=                   0
    c 6 (T=0.8): OK ans=                   1
    c 7 (T=0.9): OK ans=                   1
    c 8 (T=1.0): X  ans=                   0
    c 9 (T=1.0): OK ans=                   1
    c10 (T=1.2): X  ans=                  -1
    c11 (T=1.2): X  ans=                   0
  Base: X  | Any correct: True | Agreement: 0.50 | Time: 92.7s
[161/500] reason_161

  Task: reason_161 (easy, logic)
  Modus tollens
    c 0 (T=0.0): X  ans=                  4.
    c 1 (T=0.2): X  ans=                  4.
    c 2 (T=0.3): X  ans=                  3.
    c 3 (T=0.5): OK ans=                 Yes
    c 4 (T=0.6): X  ans=                   4
    c 5 (T=0.7): X  ans=                  4.
    c 6 (T=0.8): X  ans=                  4.
    c 7 (T=0.9): X  ans=                  4.
    c 8 (T=1.0): OK ans=                 Yes
    c 9 (T=1.0): X  ans=                  3.
    c10 (T=1.2): X  ans=                   1
    c11 (T=1.2): X  ans=                  No
  Base: X  | Any correct: True | Agreement: 0.42 | Time: 90.6s
[162/500] reason_162

  Task: reason_162 (medium, logic)
  Affirming consequent fallacy
    c 0 (T=0.0): X  ans=                   4
    c 1 (T=0.2): OK ans=                  No
    c 2 (T=0.3): OK ans=                  No
    c 3 (T=0.5): OK ans=                  No
    c 4 (T=0.6): OK ans=                  No
    c 5 (T=0.7): OK ans=                  No
    c 6 (T=0.8): OK ans=                  No
    c 7 (T=0.9): OK ans=                  No
    c 8 (T=1.0): X  ans=                  4.
    c 9 (T=1.0): X  ans=                   5
    c10 (T=1.2): OK ans=                  No
    c11 (T=1.2): OK ans=                  no
  Base: X  | Any correct: True | Agreement: 0.67 | Time: 81.9s
[163/500] reason_163

  Task: reason_163 (medium, logic)
  Denying antecedent fallacy
    c 0 (T=0.0): OK ans=                  No
    c 1 (T=0.2): OK ans=                  No
    c 2 (T=0.3): OK ans=                  No
    c 3 (T=0.5): X  ans=                   4
    c 4 (T=0.6): OK ans=                  No
    c 5 (T=0.7): OK ans=                  No
    c 6 (T=0.8): X  ans=                   4
    c 7 (T=0.9): OK ans=                  No
    c 8 (T=1.0): OK ans=                  No
    c 9 (T=1.0): OK ans=                  No
    c10 (T=1.2): OK ans=                  No
    c11 (T=1.2): OK ans=                  No
  Base: OK | Any correct: True | Agreement: 0.83 | Time: 73.2s
[164/500] reason_164

  Task: reason_164 (easy, logic)
  Hypothetical syllogism
    c 0 (T=0.0): X  ans=                   4
    c 1 (T=0.2): OK ans=                 yes
    c 2 (T=0.3): X  ans=                   4
    c 3 (T=0.5): OK ans=                 yes
    c 4 (T=0.6): OK ans=                 yes
    c 5 (T=0.7): OK ans=                 yes
    c 6 (T=0.8): OK ans=                 Yes
    c 7 (T=0.9): OK ans=                 Yes
    c 8 (T=1.0): X  ans=                   4
    c 9 (T=1.0): OK ans=                 yes
    c10 (T=1.2): OK ans=                 yes
    c11 (T=1.2): X  ans=                   4
  Base: X  | Any correct: True | Agreement: 0.50 | Time: 80.1s
[165/500] reason_165

  Task: reason_165 (easy, logic)
  Disjunctive syllogism
    c 0 (T=0.0): OK ans=                 yes
    c 1 (T=0.2): OK ans=                 yes
    c 2 (T=0.3): OK ans=                 yes
    c 3 (T=0.5): OK ans=                 yes
    c 4 (T=0.6): OK ans=                 yes
    c 5 (T=0.7): X  ans=                  5.
    c 6 (T=0.8): OK ans=                 yes
    c 7 (T=0.9): OK ans=                 yes
    c 8 (T=1.0): OK ans=                 yes
    c 9 (T=1.0): OK ans=                 yes
    c10 (T=1.2): OK ans=                 yes
    c11 (T=1.2): OK ans=                 Yes
  Base: OK | Any correct: True | Agreement: 0.83 | Time: 51.2s
[166/500] reason_166

  Task: reason_166 (medium, logic)
  De Morgan's law verification
    c 0 (T=0.0): OK ans=                 yes
    c 1 (T=0.2): X  ans=                  3.
    c 2 (T=0.3): X  ans=                  3.
    c 3 (T=0.5): X  ans=                  3.
    c 4 (T=0.6): X  ans=                   3
    c 5 (T=0.7): X  ans=                  4.
    c 6 (T=0.8): X  ans=                   1
    c 7 (T=0.9): OK ans=                 yes
    c 8 (T=1.0): OK ans=                 yes
    c 9 (T=1.0): X  ans=                  3.
    c10 (T=1.2): X  ans=                  3.
    c11 (T=1.2): X  ans=                  4.
  Base: OK | Any correct: True | Agreement: 0.42 | Time: 90.2s
[167/500] reason_167

  Task: reason_167 (medium, logic)
  Distributive law
    c 0 (T=0.0): X  ans=                   3
    c 1 (T=0.2): X  ans=                   2
    c 2 (T=0.3): X  ans=                   4
    c 3 (T=0.5): X  ans=                   2
    c 4 (T=0.6): X  ans=                   2
    c 5 (T=0.7): OK ans=                 yes
    c 6 (T=0.8): X  ans=                   2
    c 7 (T=0.9): X  ans=                  4.
    c 8 (T=1.0): OK ans=                 yes
    c 9 (T=1.0): X  ans=                   2
    c10 (T=1.2): X  ans=                  3.
    c11 (T=1.2): OK ans=                 yes
  Base: X  | Any correct: True | Agreement: 0.42 | Time: 88.7s
[168/500] reason_168

  Task: reason_168 (easy, logic)
  Contrapositive equivalence
    c 0 (T=0.0): OK ans=                 yes
    c 1 (T=0.2): X  ans=                  4.
    c 2 (T=0.3): X  ans=                  3.
    c 3 (T=0.5): X  ans=                  5.
    c 4 (T=0.6): X  ans=                  3.
    c 5 (T=0.7): OK ans=                 yes
    c 6 (T=0.8): X  ans=                   4
    c 7 (T=0.9): OK ans=                 Yes
    c 8 (T=1.0): X  ans=         Answer: yes
    c 9 (T=1.0): X  ans=                  3.
    c10 (T=1.2): OK ans=                 Yes
    c11 (T=1.2): OK ans=                 yes
  Base: OK | Any correct: True | Agreement: 0.25 | Time: 85.8s
[169/500] reason_169

  Task: reason_169 (easy, logic)
  Converse vs original
    c 0 (T=0.0): X  ans=                   5
    c 1 (T=0.2): OK ans=                  No
    c 2 (T=0.3): OK ans=                  No
    c 3 (T=0.5): X  ans=                  4.
    c 4 (T=0.6): X  ans=                   2
    c 5 (T=0.7): OK ans=                  No
    c 6 (T=0.8): X  ans=                   2
    c 7 (T=0.9): OK ans=                  No
    c 8 (T=1.0): X  ans=                  5.
    c 9 (T=1.0): X  ans=                   2
    c10 (T=1.2): OK ans=                  No
    c11 (T=1.2): OK ans=                  no
  Base: X  | Any correct: True | Agreement: 0.42 | Time: 86.3s
[170/500] reason_170

  Task: reason_170 (medium, logic)
  Biconditional check
    c 0 (T=0.0): X  ans=                  5.
    c 1 (T=0.2): X  ans=                  3.
    c 2 (T=0.3): X  ans=                  4.
    c 3 (T=0.5): X  ans=                  4.
    c 4 (T=0.6): X  ans=                  3.
    c 5 (T=0.7): X  ans=                  3.
    c 6 (T=0.8): X  ans=                  4.
    c 7 (T=0.9): X  ans=                  4.
    c 8 (T=1.0): X  ans=                  4.
    c 9 (T=1.0): X  ans=                  4.
    c10 (T=1.2): X  ans=                  3.
    c11 (T=1.2): X  ans=                  4.
  Base: X  | Any correct: False | Agreement: 0.58 | Time: 93.2s
[171/500] reason_171

  Task: reason_171 (hard, combinatorics)
  Fibonacci and combinatorics
    c 0 (T=0.0): X  ans=                  -1
    c 1 (T=0.2): X  ans=                  -1
    c 2 (T=0.3): X  ans=                  -1
    c 3 (T=0.5): X  ans=                   3
    c 4 (T=0.6): X  ans=                  -1
    c 5 (T=0.7): X  ans=                   2
    c 6 (T=0.8): X  ans=                   3
    c 7 (T=0.9): X  ans=                  -1
    c 8 (T=1.0): X  ans=                   2
    c 9 (T=1.0): X  ans=                  -1
    c10 (T=1.2): X  ans=                   5
    c11 (T=1.2): X  ans=                  -1
  Base: X  | Any correct: False | Agreement: 0.58 | Time: 93.8s
[172/500] reason_172

  Task: reason_172 (hard, combinatorics)
  Integer partition count
    c 0 (T=0.0): X  ans=                   1
    c 1 (T=0.2): X  ans=                   1
    c 2 (T=0.3): X  ans=                   1
    c 3 (T=0.5): X  ans=                   1
    c 4 (T=0.6): OK ans=                   7
    c 5 (T=0.7): OK ans=                   7
    c 6 (T=0.8): OK ans=                   7
    c 7 (T=0.9): OK ans=                   7
    c 8 (T=1.0): X  ans=                   1
    c 9 (T=1.0): X  ans=                   2
    c10 (T=1.2): OK ans=                   7
    c11 (T=1.2): OK ans=                   7
  Base: X  | Any correct: True | Agreement: 0.50 | Time: 80.4s
[173/500] reason_173

  Task: reason_173 (hard, combinatorics)
  Coin change ways
    c 0 (T=0.0): X  ans=                   0
    c 1 (T=0.2): OK ans=                  50
    c 2 (T=0.3): X  ans=                   0
    c 3 (T=0.5): X  ans=                   0
    c 4 (T=0.6): X  ans=                   2
    c 5 (T=0.7): X  ans=                  30
    c 6 (T=0.8): OK ans=                  50
    c 7 (T=0.9): X  ans=                  10
    c 8 (T=1.0): X  ans=                  20
    c 9 (T=1.0): OK ans=                  50
    c10 (T=1.2): X  ans=                   1
    c11 (T=1.2): X  ans=                   5
  Base: X  | Any correct: True | Agreement: 0.25 | Time: 93.6s
[174/500] reason_174

  Task: reason_174 (easy, combinatorics)
  Handshake problem
    c 0 (T=0.0): X  ans=                  10
    c 1 (T=0.2): X  ans=                   1
    c 2 (T=0.3): X  ans=                  10
    c 3 (T=0.5): X  ans=                  10
    c 4 (T=0.6): X  ans=                  10
    c 5 (T=0.7): X  ans=                  10
    c 6 (T=0.8): X  ans=                  10
    c 7 (T=0.9): X  ans=                   9
    c 8 (T=1.0): X  ans=                  10
    c 9 (T=1.0): OK ans=                  45
    c10 (T=1.2): X  ans=                  10
    c11 (T=1.2): X  ans=                  10
  Base: X  | Any correct: True | Agreement: 0.75 | Time: 93.0s
[175/500] reason_175

  Task: reason_175 (medium, combinatorics)
  Committee selection
    c 0 (T=0.0): X  ans=                  10
    c 1 (T=0.2): X  ans=                   4
    c 2 (T=0.3): X  ans=                  10
    c 3 (T=0.5): X  ans=                  10
    c 4 (T=0.6): X  ans=                   4
    c 5 (T=0.7): X  ans=                  10
    c 6 (T=0.8): X  ans=                   1
    c 7 (T=0.9): X  ans=                   4
    c 8 (T=1.0): X  ans=                   2
    c 9 (T=1.0): X  ans=                  10
    c10 (T=1.2): X  ans=                   4
    c11 (T=1.2): X  ans=                   4
  Base: X  | Any correct: False | Agreement: 0.42 | Time: 93.4s
[176/500] reason_176

  Task: reason_176 (hard, sequence)
  Pell numbers
    c 0 (T=0.0): X  ans=                  10
    c 1 (T=0.2): X  ans=                  10
    c 2 (T=0.3): X  ans=                   0
    c 3 (T=0.5): X  ans=                   2
    c 4 (T=0.6): X  ans=                  29
    c 5 (T=0.7): X  ans=                   6
    c 6 (T=0.8): X  ans=                   6
    c 7 (T=0.9): X  ans=                   4
    c 8 (T=1.0): X  ans=                  10
    c 9 (T=1.0): X  ans=                  17
    c10 (T=1.2): X  ans=                   4
    c11 (T=1.2): X  ans=                  10
  Base: X  | Any correct: False | Agreement: 0.33 | Time: 93.2s
[177/500] reason_177

  Task: reason_177 (hard, sequence)
  Jacobsthal numbers
    c 0 (T=0.0): X  ans=                   4
    c 1 (T=0.2): X  ans=                  10
    c 2 (T=0.3): X  ans=                  10
    c 3 (T=0.5): X  ans=                   1
    c 4 (T=0.6): X  ans=                  21
    c 5 (T=0.7): X  ans=                  21
    c 6 (T=0.8): X  ans=                   2
    c 7 (T=0.9): X  ans=                   4
    c 8 (T=1.0): X  ans=                   0
    c 9 (T=1.0): X  ans=                   4
    c10 (T=1.2): X  ans=                  10
    c11 (T=1.2): X  ans=                   2
  Base: X  | Any correct: False | Agreement: 0.25 | Time: 93.1s
[178/500] reason_178

  Task: reason_178 (hard, sequence)
  Sylvester sequence
    c 0 (T=0.0): X  ans=                   1
    c 1 (T=0.2): X  ans=                   6
    c 2 (T=0.3): X  ans=                  49
    c 3 (T=0.5): X  ans=                  43
    c 4 (T=0.6): X  ans=                  43
    c 5 (T=0.7): X  ans=                  43
    c 6 (T=0.8): X  ans=                   2
    c 7 (T=0.9): X  ans=                   3
    c 8 (T=1.0): X  ans=                  36
    c 9 (T=1.0): X  ans=                  3.
    c10 (T=1.2): X  ans=                  43
    c11 (T=1.2): X  ans=                  36
  Base: X  | Any correct: False | Agreement: 0.33 | Time: 93.2s
[179/500] reason_179

  Task: reason_179 (hard, math)
  Power tower
    c 0 (T=0.0): OK ans=               65536
    c 1 (T=0.2): OK ans=               65536
    c 2 (T=0.3): OK ans=               65536
    c 3 (T=0.5): OK ans=               65536
    c 4 (T=0.6): OK ans=               65536
    c 5 (T=0.7): OK ans=               65536
    c 6 (T=0.8): OK ans=               65536
    c 7 (T=0.9): OK ans=               65536
    c 8 (T=1.0): OK ans=               65536
    c 9 (T=1.0): OK ans=               65536
    c10 (T=1.2): OK ans=               65536
    c11 (T=1.2): X  ans=                  16
  Base: OK | Any correct: True | Agreement: 0.92 | Time: 47.7s
[180/500] reason_180

  Task: reason_180 (hard, math)
  Graham sequence start
    c 0 (T=0.0): OK ans=       7625597484987
    c 1 (T=0.2): OK ans=       7625597484987
    c 2 (T=0.3): X  ans=               59049
    c 3 (T=0.5): OK ans=       7625597484987
    c 4 (T=0.6): OK ans=       7625597484987
    c 5 (T=0.7): X  ans=               47829
    c 6 (T=0.8): X  ans=                   7
    c 7 (T=0.9): X  ans=                   3
    c 8 (T=1.0): OK ans=       7625597484987
    c 9 (T=1.0): X  ans=                  14
    c10 (T=1.2): OK ans=       7625597484987
    c11 (T=1.2): OK ans=       7625597484987
  Base: OK | Any correct: True | Agreement: 0.58 | Time: 79.2s
[181/500] reason_181

  Task: reason_181 (easy, math)
  Simple interest
    c 0 (T=0.0): OK ans=                1200
    c 1 (T=0.2): OK ans=                1200
    c 2 (T=0.3): OK ans=                1200
    c 3 (T=0.5): OK ans=                1200
    c 4 (T=0.6): OK ans=                1200
    c 5 (T=0.7): OK ans=                1200
    c 6 (T=0.8): X  ans=                5000
    c 7 (T=0.9): OK ans=                1200
    c 8 (T=1.0): OK ans=                1200
    c 9 (T=1.0): X  ans=                 400
    c10 (T=1.2): OK ans=                1200
    c11 (T=1.2): OK ans=                1200
  Base: OK | Any correct: True | Agreement: 0.83 | Time: 81.1s
[182/500] reason_182

  Task: reason_182 (medium, math)
  Discount calculation
    c 0 (T=0.0): OK ans=                 100
    c 1 (T=0.2): OK ans=                 100
    c 2 (T=0.3): OK ans=                 100
    c 3 (T=0.5): OK ans=                 100
    c 4 (T=0.6): OK ans=                 100
    c 5 (T=0.7): OK ans=                 100
    c 6 (T=0.8): OK ans=                 100
    c 7 (T=0.9): OK ans=                 100
    c 8 (T=1.0): OK ans=                 100
    c 9 (T=1.0): OK ans=                 100
    c10 (T=1.2): OK ans=                 100
    c11 (T=1.2): OK ans=                 100
  Base: OK | Any correct: True | Agreement: 1.00 | Time: 46.6s
[183/500] reason_183

  Task: reason_183 (easy, math)
  Tax calculation
    c 0 (T=0.0): OK ans=                  54
    c 1 (T=0.2): OK ans=                  54
    c 2 (T=0.3): OK ans=                  54
    c 3 (T=0.5): OK ans=                  54
    c 4 (T=0.6): OK ans=                  54
    c 5 (T=0.7): OK ans=                  54
    c 6 (T=0.8): OK ans=                  54
    c 7 (T=0.9): OK ans=                  54
    c 8 (T=1.0): OK ans=                  54
    c 9 (T=1.0): OK ans=                  54
    c10 (T=1.2): OK ans=                  54
    c11 (T=1.2): OK ans=                  54
  Base: OK | Any correct: True | Agreement: 1.00 | Time: 38.8s
[184/500] reason_184

  Task: reason_184 (medium, math)
  Profit percentage
    c 0 (T=0.0): OK ans=                  25
    c 1 (T=0.2): OK ans=                  25
    c 2 (T=0.3): OK ans=                  25
    c 3 (T=0.5): OK ans=                  25
    c 4 (T=0.6): OK ans=                  25
    c 5 (T=0.7): OK ans=                  25
    c 6 (T=0.8): OK ans=                  25
    c 7 (T=0.9): OK ans=                  25
    c 8 (T=1.0): OK ans=                  25
    c 9 (T=1.0): OK ans=                  25
    c10 (T=1.2): OK ans=                  25
    c11 (T=1.2): OK ans=                  25
  Base: OK | Any correct: True | Agreement: 1.00 | Time: 55.3s
[185/500] reason_185

  Task: reason_185 (medium, math)
  Speed conversion
    c 0 (T=0.0): X  ans=                   1
    c 1 (T=0.2): X  ans=                   1
    c 2 (T=0.3): OK ans=                  88
    c 3 (T=0.5): OK ans=                  88
    c 4 (T=0.6): OK ans=                  88
    c 5 (T=0.7): OK ans=                  88
    c 6 (T=0.8): OK ans=                  88
    c 7 (T=0.9): OK ans=                  88
    c 8 (T=1.0): X  ans=                   1
    c 9 (T=1.0): OK ans=                  88
    c10 (T=1.2): OK ans=                  88
    c11 (T=1.2): X  ans=                   1
  Base: X  | Any correct: True | Agreement: 0.67 | Time: 79.8s
[186/500] reason_186

  Task: reason_186 (easy, math)
  Temperature conversion
    c 0 (T=0.0): OK ans=                 212
    c 1 (T=0.2): OK ans=                 212
    c 2 (T=0.3): OK ans=                 212
    c 3 (T=0.5): OK ans=                 212
    c 4 (T=0.6): OK ans=                 212
    c 5 (T=0.7): OK ans=                 212
    c 6 (T=0.8): OK ans=                 212
    c 7 (T=0.9): OK ans=                 212
    c 8 (T=1.0): OK ans=                 212
    c 9 (T=1.0): OK ans=                 212
    c10 (T=1.2): OK ans=                 212
    c11 (T=1.2): OK ans=                 212
  Base: OK | Any correct: True | Agreement: 1.00 | Time: 51.3s
[187/500] reason_187

  Task: reason_187 (easy, math)
  Density calculation
    c 0 (T=0.0): OK ans=                   8
    c 1 (T=0.2): OK ans=                   8
    c 2 (T=0.3): OK ans=                   8
    c 3 (T=0.5): OK ans=                   8
    c 4 (T=0.6): OK ans=                   8
    c 5 (T=0.7): OK ans=                   8
    c 6 (T=0.8): OK ans=                   8
    c 7 (T=0.9): OK ans=                   8
    c 8 (T=1.0): OK ans=                   8
    c 9 (T=1.0): OK ans=                   8
    c10 (T=1.2): OK ans=                   8
    c11 (T=1.2): OK ans=                   8
  Base: OK | Any correct: True | Agreement: 1.00 | Time: 47.1s
[188/500] reason_188

  Task: reason_188 (easy, math)
  Pressure calculation
    c 0 (T=0.0): OK ans=                 200
    c 1 (T=0.2): OK ans=                 200
    c 2 (T=0.3): OK ans=                 200
    c 3 (T=0.5): OK ans=                 200
    c 4 (T=0.6): OK ans=                 200
    c 5 (T=0.7): OK ans=                 200
    c 6 (T=0.8): OK ans=                 200
    c 7 (T=0.9): OK ans=                 200
    c 8 (T=1.0): OK ans=                 200
    c 9 (T=1.0): OK ans=                 200
    c10 (T=1.2): OK ans=                 200
    c11 (T=1.2): OK ans=                 200
  Base: OK | Any correct: True | Agreement: 1.00 | Time: 45.7s
[189/500] reason_189

  Task: reason_189 (easy, math)
  Ohm's law
    c 0 (T=0.0): OK ans=                   3
    c 1 (T=0.2): OK ans=                   3
    c 2 (T=0.3): OK ans=                   3
    c 3 (T=0.5): OK ans=                   3
    c 4 (T=0.6): OK ans=                   3
    c 5 (T=0.7): OK ans=                   3
    c 6 (T=0.8): OK ans=                   3
    c 7 (T=0.9): OK ans=                   3
    c 8 (T=1.0): OK ans=                   3
    c 9 (T=1.0): OK ans=                   3
    c10 (T=1.2): OK ans=                   3
    c11 (T=1.2): OK ans=                   3
  Base: OK | Any correct: True | Agreement: 1.00 | Time: 54.8s
[190/500] reason_190

  Task: reason_190 (medium, math)
  Kinetic energy
    c 0 (T=0.0): X  ans=                  18
    c 1 (T=0.2): OK ans=                   9
    c 2 (T=0.3): OK ans=                   9
    c 3 (T=0.5): OK ans=                   9
    c 4 (T=0.6): OK ans=                   9
    c 5 (T=0.7): OK ans=                   9
    c 6 (T=0.8): X  ans=                   1
    c 7 (T=0.9): OK ans=                   9
    c 8 (T=1.0): X  ans=                   2
    c 9 (T=1.0): OK ans=                   9
    c10 (T=1.2): OK ans=                   9
    c11 (T=1.2): OK ans=                   9
  Base: X  | Any correct: True | Agreement: 0.75 | Time: 78.2s
[191/500] reason_191

  Task: reason_191 (medium, logic)
  Fermat's last theorem
    c 0 (T=0.0): OK ans=                  No
    c 1 (T=0.2): OK ans=                  No
    c 2 (T=0.3): OK ans=                  No
    c 3 (T=0.5): OK ans=                  No
    c 4 (T=0.6): OK ans=                  No
    c 5 (T=0.7): X  ans=                  4.
    c 6 (T=0.8): X  ans=                   3
    c 7 (T=0.9): X  ans=                  20
    c 8 (T=1.0): OK ans=                  No
    c 9 (T=1.0): OK ans=                  No
    c10 (T=1.2): X  ans=                   2
    c11 (T=1.2): X  ans=                   2
  Base: OK | Any correct: True | Agreement: 0.58 | Time: 83.4s
[192/500] reason_192

  Task: reason_192 (easy, math)
  Twin prime check
    c 0 (T=0.0): X  ans=                   5
    c 1 (T=0.2): X  ans=                   5
    c 2 (T=0.3): X  ans=                   5
    c 3 (T=0.5): X  ans=                   4
    c 4 (T=0.6): X  ans=                  41
    c 5 (T=0.7): X  ans=                   5
    c 6 (T=0.8): X  ans=                   5
    c 7 (T=0.9): X  ans=                  41
    c 8 (T=1.0): X  ans=                   7
    c 9 (T=1.0): X  ans=                   5
    c10 (T=1.2): X  ans=                  41
    c11 (T=1.2): X  ans=                   5
  Base: X  | Any correct: False | Agreement: 0.58 | Time: 92.7s
[193/500] reason_193

  Task: reason_193 (medium, math)
  Mersenne prime check
    c 0 (T=0.0): X  ans=                 127
    c 1 (T=0.2): X  ans=                  10
    c 2 (T=0.3): X  ans=                  12
    c 3 (T=0.5): X  ans=                 127
    c 4 (T=0.6): X  ans=                 127
    c 5 (T=0.7): X  ans=                  10
    c 6 (T=0.8): X  ans=                  10
    c 7 (T=0.9): X  ans=                  10
    c 8 (T=1.0): X  ans=                 127
    c 9 (T=1.0): X  ans=                   2
    c10 (T=1.2): X  ans=                  10
    c11 (T=1.2): X  ans=                  10
  Base: X  | Any correct: False | Agreement: 0.50 | Time: 92.9s
[194/500] reason_194

  Task: reason_194 (hard, math)
  Fermat prime check
    c 0 (T=0.0): X  ans=               65536
    c 1 (T=0.2): X  ans=               65537
    c 2 (T=0.3): X  ans=               65536
    c 3 (T=0.5): X  ans=                   3
    c 4 (T=0.6): X  ans=                  25
    c 5 (T=0.7): X  ans=                  25
    c 6 (T=0.8): X  ans=                  26
    c 7 (T=0.9): X  ans=                 256
    c 8 (T=1.0): X  ans=                 655
    c 9 (T=1.0): X  ans=              65537.
    c10 (T=1.2): X  ans=               65536
    c11 (T=1.2): X  ans=                  25
  Base: X  | Any correct: False | Agreement: 0.25 | Time: 93.0s
[195/500] reason_195

  Task: reason_195 (easy, math)
  Goldbach decomposition
    c 0 (T=0.0): OK ans=                   7
    c 1 (T=0.2): OK ans=                   7
    c 2 (T=0.3): OK ans=                   7
    c 3 (T=0.5): OK ans=                   7
    c 4 (T=0.6): OK ans=                   7
    c 5 (T=0.7): OK ans=                   7
    c 6 (T=0.8): OK ans=                   7
    c 7 (T=0.9): OK ans=                   7
    c 8 (T=1.0): OK ans=                   7
    c 9 (T=1.0): OK ans=                   7
    c10 (T=1.2): OK ans=                   7
    c11 (T=1.2): OK ans=                   7
  Base: OK | Any correct: True | Agreement: 1.00 | Time: 60.6s
[196/500] reason_196

  Task: reason_196 (medium, math)
  GCD via Euclidean algorithm
    c 0 (T=0.0): OK ans=                   6
    c 1 (T=0.2): OK ans=                   6
    c 2 (T=0.3): OK ans=                   6
    c 3 (T=0.5): OK ans=                   6
    c 4 (T=0.6): OK ans=                   6
    c 5 (T=0.7): OK ans=                   6
    c 6 (T=0.8): X  ans=                   2
    c 7 (T=0.9): OK ans=                   6
    c 8 (T=1.0): OK ans=                   6
    c 9 (T=1.0): X  ans=                   2
    c10 (T=1.2): OK ans=                   6
    c11 (T=1.2): OK ans=                   6
  Base: OK | Any correct: True | Agreement: 0.83 | Time: 88.1s
[197/500] reason_197

  Task: reason_197 (easy, math)
  LCM calculation
    c 0 (T=0.0): OK ans=                  24
    c 1 (T=0.2): OK ans=                  24
    c 2 (T=0.3): OK ans=                  24
    c 3 (T=0.5): OK ans=                  24
    c 4 (T=0.6): OK ans=                  24
    c 5 (T=0.7): OK ans=                  24
    c 6 (T=0.8): OK ans=                  24
    c 7 (T=0.9): OK ans=                  24
    c 8 (T=1.0): OK ans=                  24
    c 9 (T=1.0): OK ans=                  24
    c10 (T=1.2): OK ans=                  24
    c11 (T=1.2): OK ans=                  24
  Base: OK | Any correct: True | Agreement: 1.00 | Time: 67.9s
[198/500] reason_198

  Task: reason_198 (easy, math)
  Coprime check
    c 0 (T=0.0): OK ans=                 yes
    c 1 (T=0.2): OK ans=                 yes
    c 2 (T=0.3): OK ans=                 yes
    c 3 (T=0.5): OK ans=                 yes
    c 4 (T=0.6): OK ans=                 Yes
    c 5 (T=0.7): OK ans=                 Yes
    c 6 (T=0.8): OK ans=                 yes
    c 7 (T=0.9): OK ans=                 yes
    c 8 (T=1.0): X  ans=                  15
    c 9 (T=1.0): OK ans=                 yes
    c10 (T=1.2): OK ans=                 yes
    c11 (T=1.2): OK ans=                 yes
  Base: OK | Any correct: True | Agreement: 0.75 | Time: 71.8s
[199/500] reason_199

  Task: reason_199 (hard, math)
  Prime factorization
    c 0 (T=0.0): X  ans=                2639
    c 1 (T=0.2): X  ans=                   5
    c 2 (T=0.3): X  ans=                 263
    c 3 (T=0.5): X  ans=                  26
    c 4 (T=0.6): X  ans=                  20
    c 5 (T=0.7): X  ans=                  20
    c 6 (T=0.8): X  ans=                   2
    c 7 (T=0.9): X  ans=                   5
    c 8 (T=1.0): X  ans=                   2
    c 9 (T=1.0): X  ans=                 18.
    c10 (T=1.2): X  ans=                2639
    c11 (T=1.2): X  ans=                  20
  Base: X  | Any correct: False | Agreement: 0.25 | Time: 93.1s
[200/500] reason_200

  Task: reason_200 (easy, math)
  Sum of primes below 10
    c 0 (T=0.0): OK ans=                  17
    c 1 (T=0.2): OK ans=                  17
    c 2 (T=0.3): OK ans=                  17
    c 3 (T=0.5): OK ans=                  17
    c 4 (T=0.6): OK ans=                  17
    c 5 (T=0.7): OK ans=                  17
    c 6 (T=0.8): X  ans=                  4.
    c 7 (T=0.9): OK ans=                  17
    c 8 (T=1.0): X  ans=                   9
    c 9 (T=1.0): OK ans=                  17
    c10 (T=1.2): OK ans=                  17
    c11 (T=1.2): X  ans=                   9
  Base: OK | Any correct: True | Agreement: 0.75 | Time: 68.4s

============================================================
  INTERIM DIAGNOSTIC: N=200
============================================================
  Oracle@ 2: 101/200 = 50.5%
  Oracle@ 4: 116/200 = 58.0%
  Oracle@ 6: 127/200 = 63.5%
  Oracle@ 8: 133/200 = 66.5%
  Oracle@12: 138/200 = 69.0%
  Base correct: 83/200 = 41.5%
  Any correct:   138/200 = 69.0%
  Rescue avail:  55/200 = 27.5%
  Categories: {'math': 117, 'sequence': 25, 'logic': 32, 'combinatorics': 26}
  Difficulty:  {'easy': 47, 'medium': 79, 'hard': 74}
[201/500] reason_201

  Task: reason_201 (easy, math)
  Train meeting time
    c 0 (T=0.0): OK ans=                   3
    c 1 (T=0.2): OK ans=                   3
    c 2 (T=0.3): OK ans=                   3
    c 3 (T=0.5): OK ans=                   3
    c 4 (T=0.6): OK ans=                   3
    c 5 (T=0.7): OK ans=                   3
    c 6 (T=0.8): OK ans=                   3
    c 7 (T=0.9): OK ans=                   3
    c 8 (T=1.0): OK ans=                   3
    c 9 (T=1.0): OK ans=                   3
    c10 (T=1.2): OK ans=                   3
    c11 (T=1.2): OK ans=                   3
  Base: OK | Any correct: True | Agreement: 1.00 | Time: 65.0s
[202/500] reason_202

  Task: reason_202 (medium, math)
  Discount chain
    c 0 (T=0.0): OK ans=                 112
    c 1 (T=0.2): OK ans=                 112
    c 2 (T=0.3): OK ans=                 112
    c 3 (T=0.5): OK ans=                 112
    c 4 (T=0.6): OK ans=                 112
    c 5 (T=0.7): OK ans=                 112
    c 6 (T=0.8): OK ans=                 112
    c 7 (T=0.9): OK ans=                 112
    c 8 (T=1.0): X  ans=                0.20
    c 9 (T=1.0): OK ans=                 112
    c10 (T=1.2): OK ans=                 112
    c11 (T=1.2): OK ans=                 112
  Base: OK | Any correct: True | Agreement: 0.92 | Time: 76.4s
[203/500] reason_203

  Task: reason_203 (medium, math)
  Pipe filling rate
    c 0 (T=0.0): X  ans=                  24
    c 1 (T=0.2): X  ans=                  24
    c 2 (T=0.3): X  ans=                  24
    c 3 (T=0.5): X  ans=                  24
    c 4 (T=0.6): X  ans=                   3
    c 5 (T=0.7): X  ans=                   1
    c 6 (T=0.8): X  ans=                  24
    c 7 (T=0.9): X  ans=                   2
    c 8 (T=1.0): X  ans=                  24
    c 9 (T=1.0): X  ans=                  24
    c10 (T=1.2): X  ans=                  24
    c11 (T=1.2): X  ans=                  24
  Base: X  | Any correct: False | Agreement: 0.75 | Time: 93.2s
[204/500] reason_204

  Task: reason_204 (medium, math)
  Salary increase
    c 0 (T=0.0): OK ans=               55125
    c 1 (T=0.2): OK ans=               55125
    c 2 (T=0.3): OK ans=               55125
    c 3 (T=0.5): OK ans=               55125
    c 4 (T=0.6): X  ans=                0.05
    c 5 (T=0.7): X  ans=                  62
    c 6 (T=0.8): OK ans=               55125
    c 7 (T=0.9): OK ans=               55125
    c 8 (T=1.0): OK ans=               55125
    c 9 (T=1.0): OK ans=               55125
    c10 (T=1.2): OK ans=               55125
    c11 (T=1.2): OK ans=               55125
  Base: OK | Any correct: True | Agreement: 0.83 | Time: 79.7s
[205/500] reason_205

  Task: reason_205 (hard, math)
  Mixture final
    c 0 (T=0.0): X  ans=                  25
    c 1 (T=0.2): X  ans=                   6
    c 2 (T=0.3): X  ans=                  25
    c 3 (T=0.5): X  ans=                0.25
    c 4 (T=0.6): X  ans=                0.25
    c 5 (T=0.7): X  ans=                0.25
    c 6 (T=0.8): X  ans=                   6
    c 7 (T=0.9): X  ans=                  25
    c 8 (T=1.0): X  ans=                   6
    c 9 (T=1.0): OK ans=                   9
    c10 (T=1.2): OK ans=                   9
    c11 (T=1.2): X  ans=                   6
  Base: X  | Any correct: True | Agreement: 0.33 | Time: 92.8s
[206/500] reason_206

  Task: reason_206 (medium, math)
  Speed distance
    c 0 (T=0.0): X  ans=                   2
    c 1 (T=0.2): X  ans=                   2
    c 2 (T=0.3): X  ans=                   2
    c 3 (T=0.5): X  ans=                   5
    c 4 (T=0.6): OK ans=                  48
    c 5 (T=0.7): X  ans=                   3
    c 6 (T=0.8): X  ans=                   3
    c 7 (T=0.9): X  ans=                   2
    c 8 (T=1.0): X  ans=                   3
    c 9 (T=1.0): X  ans=                   2
    c10 (T=1.2): X  ans=                   5
    c11 (T=1.2): X  ans=                   2
  Base: X  | Any correct: True | Agreement: 0.50 | Time: 92.2s
[207/500] reason_207

  Task: reason_207 (medium, math)
  Population growth
    c 0 (T=0.0): X  ans=                  10
    c 1 (T=0.2): X  ans=                1.10
    c 2 (T=0.3): X  ans=                  12
    c 3 (T=0.5): OK ans=               13310
    c 4 (T=0.6): X  ans=                  12
    c 5 (T=0.7): X  ans=                  10
    c 6 (T=0.8): X  ans=                  10
    c 7 (T=0.9): X  ans=                  10
    c 8 (T=1.0): X  ans=                  12
    c 9 (T=1.0): X  ans=                1.10
    c10 (T=1.2): X  ans=                  12
    c11 (T=1.2): OK ans=               13310
  Base: X  | Any correct: True | Agreement: 0.33 | Time: 91.3s
[208/500] reason_208

  Task: reason_208 (easy, math)
  Tax and tip
    c 0 (T=0.0): OK ans=              102.40
    c 1 (T=0.2): OK ans=              102.40
    c 2 (T=0.3): OK ans=              102.40
    c 3 (T=0.5): OK ans=              102.40
    c 4 (T=0.6): OK ans=              102.40
    c 5 (T=0.7): OK ans=              102.40
    c 6 (T=0.8): OK ans=              102.40
    c 7 (T=0.9): OK ans=              102.40
    c 8 (T=1.0): OK ans=              102.40
    c 9 (T=1.0): OK ans=              102.40
    c10 (T=1.2): OK ans=              102.40
    c11 (T=1.2): OK ans=              102.40
  Base: OK | Any correct: True | Agreement: 1.00 | Time: 59.2s
[209/500] reason_209

  Task: reason_209 (hard, math)
  Profit margin
    c 0 (T=0.0): OK ans=                 100
    c 1 (T=0.2): X  ans=                  10
    c 2 (T=0.3): OK ans=                 100
    c 3 (T=0.5): OK ans=                 100
    c 4 (T=0.6): OK ans=                 100
    c 5 (T=0.7): OK ans=                 100
    c 6 (T=0.8): OK ans=                 100
    c 7 (T=0.9): OK ans=                 100
    c 8 (T=1.0): OK ans=                 100
    c 9 (T=1.0): OK ans=                 100
    c10 (T=1.2): OK ans=                 100
    c11 (T=1.2): OK ans=                 100
  Base: OK | Any correct: True | Agreement: 0.92 | Time: 75.5s
[210/500] reason_210

  Task: reason_210 (easy, math)
  Distance between points
    c 0 (T=0.0): OK ans=                   5
    c 1 (T=0.2): OK ans=                   5
    c 2 (T=0.3): X  ans=                  25
    c 3 (T=0.5): X  ans=                   9
    c 4 (T=0.6): X  ans=                   9
    c 5 (T=0.7): X  ans=                   4
    c 6 (T=0.8): X  ans=                  25
    c 7 (T=0.9): OK ans=                   5
    c 8 (T=1.0): OK ans=                   5
    c 9 (T=1.0): X  ans=                   4
    c10 (T=1.2): X  ans=                   3
    c11 (T=1.2): OK ans=                   5
  Base: OK | Any correct: True | Agreement: 0.42 | Time: 89.9s
[211/500] reason_211

  Task: reason_211 (medium, math)
  Quadratic roots product
    c 0 (T=0.0): OK ans=                 -10
    c 1 (T=0.2): OK ans=                 -10
    c 2 (T=0.3): X  ans=                   -
    c 3 (T=0.5): OK ans=                 -10
    c 4 (T=0.6): OK ans=                 -10
    c 5 (T=0.7): OK ans=                 -10
    c 6 (T=0.8): OK ans=                 -10
    c 7 (T=0.9): OK ans=                 -10
    c 8 (T=1.0): OK ans=                 -10
    c 9 (T=1.0): OK ans=                 -10
    c10 (T=1.2): OK ans=                 -10
    c11 (T=1.2): OK ans=                 -10
  Base: OK | Any correct: True | Agreement: 0.92 | Time: 72.6s
[212/500] reason_212

  Task: reason_212 (medium, math)
  System of equations sum
    c 0 (T=0.0): X  ans=                  42
    c 1 (T=0.2): X  ans=                  42
    c 2 (T=0.3): X  ans=                  42
    c 3 (T=0.5): X  ans=                  42
    c 4 (T=0.6): X  ans=                  42
    c 5 (T=0.7): X  ans=                  48
    c 6 (T=0.8): X  ans=                   9
    c 7 (T=0.9): X  ans=                   4
    c 8 (T=1.0): X  ans=                   4
    c 9 (T=1.0): X  ans=                   4
    c10 (T=1.2): X  ans=                   5
    c11 (T=1.2): X  ans=                  16
  Base: X  | Any correct: False | Agreement: 0.42 | Time: 92.9s
[213/500] reason_213

  Task: reason_213 (easy, math)
  Exponential equation
    c 0 (T=0.0): OK ans=                   4
    c 1 (T=0.2): OK ans=                   4
    c 2 (T=0.3): OK ans=                   4
    c 3 (T=0.5): OK ans=                   4
    c 4 (T=0.6): OK ans=                   4
    c 5 (T=0.7): OK ans=                   4
    c 6 (T=0.8): OK ans=                   4
    c 7 (T=0.9): OK ans=                   4
    c 8 (T=1.0): OK ans=                   4
    c 9 (T=1.0): OK ans=                   4
    c10 (T=1.2): OK ans=                   4
    c11 (T=1.2): OK ans=                   4
  Base: OK | Any correct: True | Agreement: 1.00 | Time: 55.3s
[214/500] reason_214

  Task: reason_214 (medium, math)
  Logarithm equation
    c 0 (T=0.0): OK ans=                  81
    c 1 (T=0.2): OK ans=                  81
    c 2 (T=0.3): OK ans=                  81
    c 3 (T=0.5): OK ans=                  81
    c 4 (T=0.6): OK ans=                  81
    c 5 (T=0.7): OK ans=                  81
    c 6 (T=0.8): OK ans=                  81
    c 7 (T=0.9): OK ans=                  81
    c 8 (T=1.0): OK ans=                  81
    c 9 (T=1.0): OK ans=                  81
    c10 (T=1.2): OK ans=                  81
    c11 (T=1.2): OK ans=                  81
  Base: OK | Any correct: True | Agreement: 1.00 | Time: 57.0s
[215/500] reason_215

  Task: reason_215 (medium, math)
  Absolute value equation
    c 0 (T=0.0): X  ans=                  -4
    c 1 (T=0.2): X  ans=                  -4
    c 2 (T=0.3): X  ans=                   1
    c 3 (T=0.5): X  ans=                   1
    c 4 (T=0.6): X  ans=                   3
    c 5 (T=0.7): X  ans=                   3
    c 6 (T=0.8): X  ans=                   3
    c 7 (T=0.9): X  ans=                   1
    c 8 (T=1.0): X  ans=                  -4
    c 9 (T=1.0): X  ans=                   4
    c10 (T=1.2): X  ans=                   1
    c11 (T=1.2): X  ans=                   1
  Base: X  | Any correct: False | Agreement: 0.42 | Time: 93.1s
[216/500] reason_216

  Task: reason_216 (medium, math)
  Rational equation
    c 0 (T=0.0): X  ans=                   1
    c 1 (T=0.2): X  ans=                  3.
    c 2 (T=0.3): X  ans=                  3.
    c 3 (T=0.5): OK ans=                   6
    c 4 (T=0.6): X  ans=                   1
    c 5 (T=0.7): X  ans=                  3.
    c 6 (T=0.8): OK ans=                   6
    c 7 (T=0.9): OK ans=                   6
    c 8 (T=1.0): OK ans=                   6
    c 9 (T=1.0): X  ans=                  4.
    c10 (T=1.2): OK ans=                   6
    c11 (T=1.2): OK ans=                   6
  Base: X  | Any correct: True | Agreement: 0.50 | Time: 87.0s
[217/500] reason_217

  Task: reason_217 (easy, math)
  Inequality solution
    c 0 (T=0.0): OK ans=                   4
    c 1 (T=0.2): OK ans=                   4
    c 2 (T=0.3): OK ans=                   4
    c 3 (T=0.5): OK ans=                   4
    c 4 (T=0.6): OK ans=                   4
    c 5 (T=0.7): OK ans=                   4
    c 6 (T=0.8): OK ans=                   4
    c 7 (T=0.9): OK ans=                   4
    c 8 (T=1.0): OK ans=                   4
    c 9 (T=1.0): OK ans=                   4
    c10 (T=1.2): OK ans=                   4
    c11 (T=1.2): OK ans=                   4
  Base: OK | Any correct: True | Agreement: 1.00 | Time: 72.1s
[218/500] reason_218

  Task: reason_218 (easy, math)
  Cubic root
    c 0 (T=0.0): OK ans=                  -3
    c 1 (T=0.2): OK ans=                  -3
    c 2 (T=0.3): OK ans=                  -3
    c 3 (T=0.5): OK ans=                  -3
    c 4 (T=0.6): OK ans=                  -3
    c 5 (T=0.7): OK ans=                  -3
    c 6 (T=0.8): OK ans=                  -3
    c 7 (T=0.9): OK ans=                  -3
    c 8 (T=1.0): OK ans=                  -3
    c 9 (T=1.0): OK ans=                  -3
    c10 (T=1.2): OK ans=                  -3
    c11 (T=1.2): OK ans=                  -3
  Base: OK | Any correct: True | Agreement: 1.00 | Time: 54.1s
[219/500] reason_219

  Task: reason_219 (medium, math)
  Fraction equation
    c 0 (T=0.0): X  ans=                   7
    c 1 (T=0.2): X  ans=                   7
    c 2 (T=0.3): OK ans=                  12
    c 3 (T=0.5): X  ans=                   7
    c 4 (T=0.6): X  ans=                   3
    c 5 (T=0.7): X  ans=                   7
    c 6 (T=0.8): X  ans=                   3
    c 7 (T=0.9): OK ans=                  12
    c 8 (T=1.0): OK ans=                  12
    c 9 (T=1.0): X  ans=                   7
    c10 (T=1.2): OK ans=                  12
    c11 (T=1.2): X  ans=                  84
  Base: X  | Any correct: True | Agreement: 0.42 | Time: 92.1s
[220/500] reason_220

  Task: reason_220 (medium, math)
  Completing the square
    c 0 (T=0.0): OK ans=                   9
    c 1 (T=0.2): OK ans=                   9
    c 2 (T=0.3): OK ans=                   9
    c 3 (T=0.5): OK ans=                   9
    c 4 (T=0.6): OK ans=                   9
    c 5 (T=0.7): X  ans=                   3
    c 6 (T=0.8): OK ans=                   9
    c 7 (T=0.9): OK ans=                   9
    c 8 (T=1.0): OK ans=                   9
    c 9 (T=1.0): OK ans=                   9
    c10 (T=1.2): OK ans=                   9
    c11 (T=1.2): X  ans=                   2
  Base: OK | Any correct: True | Agreement: 0.83 | Time: 78.1s
[221/500] reason_221

  Task: reason_221 (easy, math)
  Sum of roots
    c 0 (T=0.0): OK ans=                   7
    c 1 (T=0.2): OK ans=                   7
    c 2 (T=0.3): OK ans=                   7
    c 3 (T=0.5): OK ans=                   7
    c 4 (T=0.6): OK ans=                   7
    c 5 (T=0.7): OK ans=                   7
    c 6 (T=0.8): OK ans=                   7
    c 7 (T=0.9): OK ans=                   7
    c 8 (T=1.0): OK ans=                   7
    c 9 (T=1.0): OK ans=                   7
    c10 (T=1.2): OK ans=                   7
    c11 (T=1.2): OK ans=                   7
  Base: OK | Any correct: True | Agreement: 1.00 | Time: 76.8s
[222/500] reason_222

  Task: reason_222 (medium, math)
  Inverse function
    c 0 (T=0.0): OK ans=                   2
    c 1 (T=0.2): OK ans=                   2
    c 2 (T=0.3): OK ans=                   2
    c 3 (T=0.5): OK ans=                   2
    c 4 (T=0.6): OK ans=                   2
    c 5 (T=0.7): OK ans=                   2
    c 6 (T=0.8): OK ans=                   2
    c 7 (T=0.9): OK ans=                   2
    c 8 (T=1.0): OK ans=                   2
    c 9 (T=1.0): OK ans=                   2
    c10 (T=1.2): OK ans=                   2
    c11 (T=1.2): OK ans=                   2
  Base: OK | Any correct: True | Agreement: 1.00 | Time: 66.3s
[223/500] reason_223

  Task: reason_223 (medium, math)
  Compound inequality
    c 0 (T=0.0): OK ans=                   5
    c 1 (T=0.2): X  ans=                   6
    c 2 (T=0.3): OK ans=                   5
    c 3 (T=0.5): OK ans=                   5
    c 4 (T=0.6): X  ans=                   4
    c 5 (T=0.7): X  ans=                   2
    c 6 (T=0.8): X  ans=                   6
    c 7 (T=0.9): OK ans=                   5
    c 8 (T=1.0): X  ans=                   4
    c 9 (T=1.0): OK ans=                   5
    c10 (T=1.2): X  ans=                   6
    c11 (T=1.2): X  ans=                   6
  Base: OK | Any correct: True | Agreement: 0.42 | Time: 89.6s
[224/500] reason_224

  Task: reason_224 (easy, math)
  Power rule
    c 0 (T=0.0): X  ans=                   4
    c 1 (T=0.2): X  ans=                   4
    c 2 (T=0.3): OK ans=                 256
    c 3 (T=0.5): OK ans=                 256
    c 4 (T=0.6): OK ans=                 256
    c 5 (T=0.7): OK ans=                 256
    c 6 (T=0.8): OK ans=                 256
    c 7 (T=0.9): OK ans=                 256
    c 8 (T=1.0): X  ans=                   2
    c 9 (T=1.0): OK ans=                 256
    c10 (T=1.2): OK ans=                 256
    c11 (T=1.2): OK ans=                 256
  Base: X  | Any correct: True | Agreement: 0.75 | Time: 64.4s
[225/500] reason_225

  Task: reason_225 (easy, math)
  Negative exponent
    c 0 (T=0.0): X  ans=                   1
    c 1 (T=0.2): X  ans=                   1
    c 2 (T=0.3): X  ans=                   1
    c 3 (T=0.5): X  ans=                   1
    c 4 (T=0.6): X  ans=                   1
    c 5 (T=0.7): X  ans=                   1
    c 6 (T=0.8): X  ans=                   1
    c 7 (T=0.9): X  ans=                   1
    c 8 (T=1.0): X  ans=                   1
    c 9 (T=1.0): X  ans=                   1
    c10 (T=1.2): X  ans=                   1
    c11 (T=1.2): X  ans=                   1
  Base: X  | Any correct: False | Agreement: 1.00 | Time: 59.4s
[226/500] reason_226

  Task: reason_226 (medium, math)
  Radical simplification
    c 0 (T=0.0): OK ans=                   6
    c 1 (T=0.2): OK ans=                   6
    c 2 (T=0.3): X  ans=                   2
    c 3 (T=0.5): OK ans=                   6
    c 4 (T=0.6): X  ans=                   2
    c 5 (T=0.7): X  ans=                   2
    c 6 (T=0.8): X  ans=                   2
    c 7 (T=0.9): X  ans=                   3
    c 8 (T=1.0): OK ans=                   6
    c 9 (T=1.0): X  ans=                   2
    c10 (T=1.2): OK ans=                   6
    c11 (T=1.2): X  ans=                   1
  Base: OK | Any correct: True | Agreement: 0.42 | Time: 90.4s
[227/500] reason_227

  Task: reason_227 (medium, math)
  Rational exponents
    c 0 (T=0.0): OK ans=                   4
    c 1 (T=0.2): OK ans=                   4
    c 2 (T=0.3): OK ans=                   4
    c 3 (T=0.5): OK ans=                   4
    c 4 (T=0.6): OK ans=                   4
    c 5 (T=0.7): OK ans=                   4
    c 6 (T=0.8): OK ans=                   4
    c 7 (T=0.9): OK ans=                   4
    c 8 (T=1.0): OK ans=                   4
    c 9 (T=1.0): OK ans=                   4
    c10 (T=1.2): OK ans=                   4
    c11 (T=1.2): OK ans=                   4
  Base: OK | Any correct: True | Agreement: 1.00 | Time: 57.3s
[228/500] reason_228

  Task: reason_228 (easy, math)
  Logarithm product rule
    c 0 (T=0.0): OK ans=                   7
    c 1 (T=0.2): OK ans=                   7
    c 2 (T=0.3): X  ans=                   2
    c 3 (T=0.5): OK ans=                   7
    c 4 (T=0.6): OK ans=                   7
    c 5 (T=0.7): OK ans=                   7
    c 6 (T=0.8): OK ans=                   7
    c 7 (T=0.9): OK ans=                   7
    c 8 (T=1.0): X  ans=                   2
    c 9 (T=1.0): OK ans=                   7
    c10 (T=1.2): OK ans=                   7
    c11 (T=1.2): OK ans=                   7
  Base: OK | Any correct: True | Agreement: 0.83 | Time: 81.2s
[229/500] reason_229

  Task: reason_229 (medium, math)
  Logarithm quotient rule
    c 0 (T=0.0): X  ans=                   5
    c 1 (T=0.2): OK ans=                   2
    c 2 (T=0.3): OK ans=                   2
    c 3 (T=0.5): X  ans=                   5
    c 4 (T=0.6): X  ans=                   5
    c 5 (T=0.7): OK ans=                   2
    c 6 (T=0.8): OK ans=                   2
    c 7 (T=0.9): OK ans=                   2
    c 8 (T=1.0): X  ans=                   5
    c 9 (T=1.0): OK ans=                   2
    c10 (T=1.2): X  ans=                   5
    c11 (T=1.2): OK ans=                   2
  Base: X  | Any correct: True | Agreement: 0.58 | Time: 86.6s
[230/500] reason_230

  Task: reason_230 (medium, math)
  Change of base
    c 0 (T=0.0): OK ans=                   3
    c 1 (T=0.2): OK ans=                   3
    c 2 (T=0.3): OK ans=                   3
    c 3 (T=0.5): OK ans=                   3
    c 4 (T=0.6): OK ans=                   3
    c 5 (T=0.7): OK ans=                   3
    c 6 (T=0.8): OK ans=                   3
    c 7 (T=0.9): X  ans=                   4
    c 8 (T=1.0): OK ans=                   3
    c 9 (T=1.0): OK ans=                   3
    c10 (T=1.2): OK ans=                   3
    c11 (T=1.2): OK ans=                   3
  Base: OK | Any correct: True | Agreement: 0.92 | Time: 79.7s
[231/500] reason_231

  Task: reason_231 (hard, logic)
  Knights and knaves variant
    c 0 (T=0.0): X  ans=                   2
    c 1 (T=0.2): X  ans=                   2
    c 2 (T=0.3): X  ans=                  2.
    c 3 (T=0.5): X  ans=                  2.
    c 4 (T=0.6): X  ans=                  2.
    c 5 (T=0.7): X  ans=                   2
    c 6 (T=0.8): X  ans=                   2
    c 7 (T=0.9): X  ans=                   3
    c 8 (T=1.0): X  ans=                   3
    c 9 (T=1.0): X  ans=                   4
    c10 (T=1.2): X  ans=                   2
    c11 (T=1.2): X  ans=                   2
  Base: X  | Any correct: False | Agreement: 0.50 | Time: 93.0s
[232/500] reason_232

  Task: reason_232 (easy, logic)
  Constraint satisfaction
    c 0 (T=0.0): OK ans=                blue
    c 1 (T=0.2): OK ans=                blue
    c 2 (T=0.3): OK ans=                blue
    c 3 (T=0.5): OK ans=                blue
    c 4 (T=0.6): OK ans=                blue
    c 5 (T=0.7): X  ans=                   3
    c 6 (T=0.8): X  ans=                 red
    c 7 (T=0.9): OK ans=                blue
    c 8 (T=1.0): OK ans=                blue
    c 9 (T=1.0): X  ans=                 red
    c10 (T=1.2): OK ans=                blue
    c11 (T=1.2): OK ans=                blue
  Base: OK | Any correct: True | Agreement: 0.75 | Time: 55.4s
[233/500] reason_233

  Task: reason_233 (medium, logic)
  Elevator puzzle
    c 0 (T=0.0): OK ans=                   7
    c 1 (T=0.2): OK ans=                   7
    c 2 (T=0.3): OK ans=                   7
    c 3 (T=0.5): OK ans=                   7
    c 4 (T=0.6): OK ans=                   7
    c 5 (T=0.7): OK ans=                   7
    c 6 (T=0.8): X  ans=                   1
    c 7 (T=0.9): X  ans=                   0
    c 8 (T=1.0): X  ans=                   1
    c 9 (T=1.0): OK ans=                   7
    c10 (T=1.2): OK ans=                   7
    c11 (T=1.2): OK ans=                   7
  Base: OK | Any correct: True | Agreement: 0.75 | Time: 41.9s
[234/500] reason_234

  Task: reason_234 (medium, logic)
  Truth table complex
    c 0 (T=0.0): OK ans=                true
    c 1 (T=0.2): OK ans=                true
    c 2 (T=0.3): X  ans=                   3
    c 3 (T=0.5): X  ans=                   4
    c 4 (T=0.6): X  ans=                   5
    c 5 (T=0.7): OK ans=                true
    c 6 (T=0.8): OK ans=                true
    c 7 (T=0.9): OK ans=                true
    c 8 (T=1.0): OK ans=                true
    c 9 (T=1.0): X  ans=                  5.
    c10 (T=1.2): OK ans=                true
    c11 (T=1.2): X  ans=                  3.
  Base: OK | Any correct: True | Agreement: 0.58 | Time: 83.8s
[235/500] reason_235

  Task: reason_235 (easy, logic)
  Exclusive or
    c 0 (T=0.0): OK ans=               false
    c 1 (T=0.2): OK ans=               false
    c 2 (T=0.3): OK ans=               false
    c 3 (T=0.5): OK ans=               false
    c 4 (T=0.6): OK ans=               false
    c 5 (T=0.7): OK ans=               false
    c 6 (T=0.8): OK ans=               false
    c 7 (T=0.9): OK ans=               false
    c 8 (T=1.0): OK ans=               false
    c 9 (T=1.0): X  ans=                  2.
    c10 (T=1.2): OK ans=               false
    c11 (T=1.2): OK ans=               false
  Base: OK | Any correct: True | Agreement: 0.92 | Time: 58.8s
[236/500] reason_236

  Task: reason_236 (hard, logic)
  Implication chain
    c 0 (T=0.0): X  ans=                  4.
    c 1 (T=0.2): X  ans=                   4
    c 2 (T=0.3): OK ans=               false
    c 3 (T=0.5): X  ans=                  3.
    c 4 (T=0.6): X  ans=                   4
    c 5 (T=0.7): OK ans=               false
    c 6 (T=0.8): X  ans=                   4
    c 7 (T=0.9): X  ans=                   1
    c 8 (T=1.0): X  ans=                  3.
    c 9 (T=1.0): X  ans=                  3.
    c10 (T=1.2): X  ans=                   3
    c11 (T=1.2): X  ans=                  4.
  Base: X  | Any correct: True | Agreement: 0.25 | Time: 91.8s
[237/500] reason_237

  Task: reason_237 (hard, logic)
  Five houses constraint
    c 0 (T=0.0): X  ans=                   4
    c 1 (T=0.2): X  ans=                   4
    c 2 (T=0.3): OK ans=                   2
    c 3 (T=0.5): X  ans=                   5
    c 4 (T=0.6): X  ans=                   3
    c 5 (T=0.7): X  ans=                  4.
    c 6 (T=0.8): X  ans=                   5
    c 7 (T=0.9): X  ans=                  3.
    c 8 (T=1.0): X  ans=                   3
    c 9 (T=1.0): X  ans=                  4.
    c10 (T=1.2): X  ans=                   3
    c11 (T=1.2): X  ans=                   3
  Base: X  | Any correct: True | Agreement: 0.33 | Time: 93.2s
[238/500] reason_238

  Task: reason_238 (hard, logic)
  Scheduling constraint
    c 0 (T=0.0): OK ans=                  5.
    c 1 (T=0.2): X  ans=                  24
    c 2 (T=0.3): X  ans=                   2
    c 3 (T=0.5): OK ans=                  5.
    c 4 (T=0.6): X  ans=                   2
    c 5 (T=0.7): X  ans=                  2.
    c 6 (T=0.8): X  ans=                  4.
    c 7 (T=0.9): X  ans=                  4.
    c 8 (T=1.0): X  ans=                   4
    c 9 (T=1.0): X  ans=                  2.
    c10 (T=1.2): OK ans=                  5.
    c11 (T=1.2): X  ans=                   3
  Base: OK | Any correct: True | Agreement: 0.25 | Time: 93.4s
[239/500] reason_239

  Task: reason_239 (medium, logic)
  Liar paradox variant
    c 0 (T=0.0): OK ans=             paradox
    c 1 (T=0.2): OK ans=             paradox
    c 2 (T=0.3): OK ans=             paradox
    c 3 (T=0.5): OK ans=             paradox
    c 4 (T=0.6): OK ans=             paradox
    c 5 (T=0.7): OK ans=             paradox
    c 6 (T=0.8): X  ans=                   4
    c 7 (T=0.9): OK ans=             paradox
    c 8 (T=1.0): OK ans=             paradox
    c 9 (T=1.0): OK ans=             paradox
    c10 (T=1.2): OK ans=             paradox
    c11 (T=1.2): OK ans=             paradox
  Base: OK | Any correct: True | Agreement: 0.92 | Time: 66.4s
[240/500] reason_240

  Task: reason_240 (medium, logic)
  Material implication
    c 0 (T=0.0): OK ans=                  No
    c 1 (T=0.2): OK ans=                  No
    c 2 (T=0.3): OK ans=                  No
    c 3 (T=0.5): OK ans=                  no
    c 4 (T=0.6): OK ans=                  No
    c 5 (T=0.7): X  ans=                  4.
    c 6 (T=0.8): OK ans=                  no
    c 7 (T=0.9): OK ans=                  No
    c 8 (T=1.0): OK ans=                  No
    c 9 (T=1.0): OK ans=                  No
    c10 (T=1.2): OK ans=                  no
    c11 (T=1.2): OK ans=                  No
  Base: OK | Any correct: True | Agreement: 0.67 | Time: 79.4s
[241/500] reason_241

  Task: reason_241 (easy, logic)
  NAND gate
    c 0 (T=0.0): OK ans=                   0
    c 1 (T=0.2): OK ans=                   0
    c 2 (T=0.3): OK ans=                   0
    c 3 (T=0.5): OK ans=                   0
    c 4 (T=0.6): OK ans=                   0
    c 5 (T=0.7): OK ans=                   0
    c 6 (T=0.8): OK ans=                   0
    c 7 (T=0.9): OK ans=                   0
    c 8 (T=1.0): OK ans=                   0
    c 9 (T=1.0): OK ans=                   0
    c10 (T=1.2): OK ans=                   0
    c11 (T=1.2): OK ans=                   0
  Base: OK | Any correct: True | Agreement: 1.00 | Time: 23.0s
[242/500] reason_242

  Task: reason_242 (easy, logic)
  XOR truth table
    c 0 (T=0.0): X  ans=                   1
    c 1 (T=0.2): X  ans=                   1
    c 2 (T=0.3): X  ans=                   1
    c 3 (T=0.5): OK ans=                   2
    c 4 (T=0.6): OK ans=                   2
    c 5 (T=0.7): X  ans=                   0
    c 6 (T=0.8): OK ans=                   2
    c 7 (T=0.9): X  ans=                   1
    c 8 (T=1.0): OK ans=                   2
    c 9 (T=1.0): OK ans=                   2
    c10 (T=1.2): OK ans=                   2
    c11 (T=1.2): OK ans=                   2
  Base: X  | Any correct: True | Agreement: 0.58 | Time: 80.6s
[243/500] reason_243

  Task: reason_243 (medium, logic)
  Boolean simplification
    c 0 (T=0.0): OK ans=                   A
    c 1 (T=0.2): X  ans=                   1
    c 2 (T=0.3): X  ans=                   1
    c 3 (T=0.5): OK ans=                   A
    c 4 (T=0.6): X  ans=                   1
    c 5 (T=0.7): X  ans=                  4.
    c 6 (T=0.8): X  ans=                  3.
    c 7 (T=0.9): X  ans=                   5
    c 8 (T=1.0): X  ans=                  4.
    c 9 (T=1.0): X  ans=                   1
    c10 (T=1.2): X  ans=                  3.
    c11 (T=1.2): OK ans=                   A
  Base: OK | Any correct: True | Agreement: 0.33 | Time: 86.3s
[244/500] reason_244

  Task: reason_244 (hard, logic)
  Knights knaves three
    c 0 (T=0.0): X  ans=                   2
    c 1 (T=0.2): X  ans=                   2
    c 2 (T=0.3): X  ans=                   2
    c 3 (T=0.5): X  ans=                  2.
    c 4 (T=0.6): X  ans=                   2
    c 5 (T=0.7): X  ans=                   2
    c 6 (T=0.8): X  ans=                   2
    c 7 (T=0.9): X  ans=                  2.
    c 8 (T=1.0): X  ans=                  2.
    c 9 (T=1.0): X  ans=                  3.
    c10 (T=1.2): X  ans=                   2
    c11 (T=1.2): X  ans=                   2
  Base: X  | Any correct: False | Agreement: 0.67 | Time: 91.6s
[245/500] reason_245

  Task: reason_245 (easy, logic)
  Conditional with unknown
    c 0 (T=0.0): OK ans=                 yes
    c 1 (T=0.2): OK ans=                 yes
    c 2 (T=0.3): OK ans=                 yes
    c 3 (T=0.5): OK ans=                 yes
    c 4 (T=0.6): OK ans=                 yes
    c 5 (T=0.7): OK ans=                 yes
    c 6 (T=0.8): OK ans=                 yes
    c 7 (T=0.9): OK ans=                 yes
    c 8 (T=1.0): OK ans=                 yes
    c 9 (T=1.0): OK ans=                 yes
    c10 (T=1.2): OK ans=                 yes
    c11 (T=1.2): OK ans=                 yes
  Base: OK | Any correct: True | Agreement: 1.00 | Time: 37.9s
[246/500] reason_246

  Task: reason_246 (easy, logic)
  Existential instantiation
    c 0 (T=0.0): OK ans=    cannot determine
    c 1 (T=0.2): OK ans=    cannot determine
    c 2 (T=0.3): OK ans=    cannot determine
    c 3 (T=0.5): OK ans=    cannot determine
    c 4 (T=0.6): OK ans=    cannot determine
    c 5 (T=0.7): OK ans=    cannot determine
    c 6 (T=0.8): OK ans=    cannot determine
    c 7 (T=0.9): OK ans=    cannot determine
    c 8 (T=1.0): X  ans=  cannot determine**
    c 9 (T=1.0): OK ans=    cannot determine
    c10 (T=1.2): OK ans=    cannot determine
    c11 (T=1.2): OK ans=    cannot determine
  Base: OK | Any correct: True | Agreement: 0.92 | Time: 52.5s
[247/500] reason_247

  Task: reason_247 (easy, logic)
  Counterexample reasoning
    c 0 (T=0.0): X  ans=                   2
    c 1 (T=0.2): OK ans=               false
    c 2 (T=0.3): OK ans=               false
    c 3 (T=0.5): OK ans=               false
    c 4 (T=0.6): OK ans=               false
    c 5 (T=0.7): OK ans=               false
    c 6 (T=0.8): OK ans=               false
    c 7 (T=0.9): OK ans=               false
    c 8 (T=1.0): X  ans=                   4
    c 9 (T=1.0): X  ans=                   2
    c10 (T=1.2): OK ans=               false
    c11 (T=1.2): X  ans=                  47
  Base: X  | Any correct: True | Agreement: 0.67 | Time: 66.1s
[248/500] reason_248

  Task: reason_248 (easy, logic)
  Set containment
    c 0 (T=0.0): OK ans=                 Yes
    c 1 (T=0.2): X  ans=                  4.
    c 2 (T=0.3): X  ans=                  5.
    c 3 (T=0.5): X  ans=                   3
    c 4 (T=0.6): OK ans=                 Yes
    c 5 (T=0.7): OK ans=                 Yes
    c 6 (T=0.8): X  ans=              Answer
    c 7 (T=0.9): OK ans=                 yes
    c 8 (T=1.0): OK ans=                 yes
    c 9 (T=1.0): X  ans=                  4.
    c10 (T=1.2): X  ans=                  3.
    c11 (T=1.2): X  ans=                  2.
  Base: OK | Any correct: True | Agreement: 0.25 | Time: 85.6s
[249/500] reason_249

  Task: reason_249 (medium, logic)
  Conditional probability logic
    c 0 (T=0.0): OK ans=    cannot determine
    c 1 (T=0.2): OK ans=    cannot determine
    c 2 (T=0.3): X  ans=                  5.
    c 3 (T=0.5): OK ans=    cannot determine
    c 4 (T=0.6): OK ans=    cannot determine
    c 5 (T=0.7): OK ans=    cannot determine
    c 6 (T=0.8): OK ans=    cannot determine
    c 7 (T=0.9): OK ans=    cannot determine
    c 8 (T=1.0): OK ans=    cannot determine
    c 9 (T=1.0): OK ans=    cannot determine
    c10 (T=1.2): OK ans=    cannot determine
    c11 (T=1.2): OK ans=    cannot determine
  Base: OK | Any correct: True | Agreement: 0.92 | Time: 74.6s
[250/500] reason_250

  Task: reason_250 (easy, logic)
  Three-way constraint
    c 0 (T=0.0): X  ans=                 cat
    c 1 (T=0.2): X  ans=                 cat
    c 2 (T=0.3): X  ans=                 cat
    c 3 (T=0.5): X  ans=                   1
    c 4 (T=0.6): X  ans=                 cat
    c 5 (T=0.7): X  ans=                 cat
    c 6 (T=0.8): X  ans=                 cat
    c 7 (T=0.9): X  ans=                 cat
    c 8 (T=1.0): X  ans=                 cat
    c 9 (T=1.0): X  ans=                 cat
    c10 (T=1.2): X  ans=                 cat
    c11 (T=1.2): X  ans=                   3
  Base: X  | Any correct: False | Agreement: 0.83 | Time: 55.1s
[251/500] reason_251

  Task: reason_251 (medium, math)
  Prime gap
    c 0 (T=0.0): OK ans=                   2
    c 1 (T=0.2): OK ans=                   2
    c 2 (T=0.3): OK ans=                   2
    c 3 (T=0.5): OK ans=                   2
    c 4 (T=0.6): OK ans=                   2
    c 5 (T=0.7): OK ans=                   2
    c 6 (T=0.8): OK ans=                   2
    c 7 (T=0.9): OK ans=                   2
    c 8 (T=1.0): OK ans=                   2
    c 9 (T=1.0): OK ans=                   2
    c10 (T=1.2): OK ans=                   2
    c11 (T=1.2): OK ans=                   2
  Base: OK | Any correct: True | Agreement: 1.00 | Time: 73.1s
[252/500] reason_252

  Task: reason_252 (hard, math)
  Sum of digits large
    c 0 (T=0.0): OK ans=                  26
    c 1 (T=0.2): OK ans=                  26
    c 2 (T=0.3): OK ans=                  26
    c 3 (T=0.5): OK ans=                  26
    c 4 (T=0.6): OK ans=                  26
    c 5 (T=0.7): OK ans=                  26
    c 6 (T=0.8): OK ans=                  26
    c 7 (T=0.9): OK ans=                  26
    c 8 (T=1.0): OK ans=                  26
    c 9 (T=1.0): OK ans=                  26
    c10 (T=1.2): OK ans=                  26
    c11 (T=1.2): OK ans=                  26
  Base: OK | Any correct: True | Agreement: 1.00 | Time: 47.4s
[253/500] reason_253

  Task: reason_253 (easy, math)
  Divisibility rule
    c 0 (T=0.0): X  ans=              123456
    c 1 (T=0.2): X  ans=              123456
    c 2 (T=0.3): X  ans=              123456
    c 3 (T=0.5): X  ans=                  21
    c 4 (T=0.6): X  ans=              123456
    c 5 (T=0.7): X  ans=              123456
    c 6 (T=0.8): X  ans=              123456
    c 7 (T=0.9): X  ans=              123456
    c 8 (T=1.0): X  ans=              123456
    c 9 (T=1.0): X  ans=              123456
    c10 (T=1.2): X  ans=              123456
    c11 (T=1.2): X  ans=              123456
  Base: X  | Any correct: False | Agreement: 0.92 | Time: 86.3s
[254/500] reason_254

  Task: reason_254 (medium, math)
  GCD of three numbers
    c 0 (T=0.0): OK ans=                  12
    c 1 (T=0.2): OK ans=                  12
    c 2 (T=0.3): OK ans=                  12
    c 3 (T=0.5): OK ans=                  12
    c 4 (T=0.6): OK ans=                  12
    c 5 (T=0.7): OK ans=                  12
    c 6 (T=0.8): OK ans=                  12
    c 7 (T=0.9): X  ans=                   2
    c 8 (T=1.0): OK ans=                  12
    c 9 (T=1.0): OK ans=                  12
    c10 (T=1.2): OK ans=                  12
    c11 (T=1.2): OK ans=                  12
  Base: OK | Any correct: True | Agreement: 0.92 | Time: 85.7s
[255/500] reason_255

  Task: reason_255 (medium, math)
  LCM of three numbers
    c 0 (T=0.0): OK ans=                  60
    c 1 (T=0.2): OK ans=                  60
    c 2 (T=0.3): OK ans=                  60
    c 3 (T=0.5): OK ans=                  60
    c 4 (T=0.6): OK ans=                  60
    c 5 (T=0.7): OK ans=                  60
    c 6 (T=0.8): OK ans=                  60
    c 7 (T=0.9): OK ans=                  60
    c 8 (T=1.0): OK ans=                  60
    c 9 (T=1.0): OK ans=                  60
    c10 (T=1.2): OK ans=                  60
    c11 (T=1.2): OK ans=                  60
  Base: OK | Any correct: True | Agreement: 1.00 | Time: 78.6s
[256/500] reason_256

  Task: reason_256 (medium, math)
  Prime factorization count
    c 0 (T=0.0): X  ans=                   2
    c 1 (T=0.2): X  ans=                   1
    c 2 (T=0.3): X  ans=                 420
    c 3 (T=0.5): X  ans=                   1
    c 4 (T=0.6): X  ans=                   1
    c 5 (T=0.7): X  ans=                   7
    c 6 (T=0.8): X  ans=                  42
    c 7 (T=0.9): X  ans=                  35
    c 8 (T=1.0): X  ans=                   7
    c 9 (T=1.0): X  ans=                   7
    c10 (T=1.2): X  ans=                 420
    c11 (T=1.2): X  ans=                   1
  Base: X  | Any correct: False | Agreement: 0.33 | Time: 91.2s
[257/500] reason_257

  Task: reason_257 (hard, math)
  Euler totient of 30
    c 0 (T=0.0): X  ans=                  30
    c 1 (T=0.2): X  ans=                  30
    c 2 (T=0.3): X  ans=                  30
    c 3 (T=0.5): X  ans=                   4
    c 4 (T=0.6): X  ans=                  30
    c 5 (T=0.7): X  ans=                  30
    c 6 (T=0.8): X  ans=                  30
    c 7 (T=0.9): X  ans=                  30
    c 8 (T=1.0): X  ans=                  30
    c 9 (T=1.0): X  ans=                  30
    c10 (T=1.2): X  ans=                  30
    c11 (T=1.2): X  ans=                  30
  Base: X  | Any correct: False | Agreement: 0.92 | Time: 91.1s
[258/500] reason_258

  Task: reason_258 (hard, math)
  Modular arithmetic power
    c 0 (T=0.0): OK ans=                   2
    c 1 (T=0.2): OK ans=                   2
    c 2 (T=0.3): OK ans=                   2
    c 3 (T=0.5): OK ans=                   2
    c 4 (T=0.6): OK ans=                   2
    c 5 (T=0.7): OK ans=                   2
    c 6 (T=0.8): OK ans=                   2
    c 7 (T=0.9): OK ans=                   2
    c 8 (T=1.0): OK ans=                   2
    c 9 (T=1.0): OK ans=                   2
    c10 (T=1.2): OK ans=                   2
    c11 (T=1.2): OK ans=                   2
  Base: OK | Any correct: True | Agreement: 1.00 | Time: 76.2s
[259/500] reason_259

  Task: reason_259 (hard, math)
  Chinese remainder theorem 2
    c 0 (T=0.0): X  ans=                   8
    c 1 (T=0.2): X  ans=                   8
    c 2 (T=0.3): X  ans=                   4
    c 3 (T=0.5): X  ans=                  12
    c 4 (T=0.6): X  ans=                   4
    c 5 (T=0.7): X  ans=                   4
    c 6 (T=0.8): X  ans=                   3
    c 7 (T=0.9): X  ans=                   4
    c 8 (T=1.0): X  ans=                   4
    c 9 (T=1.0): X  ans=                   2
    c10 (T=1.2): X  ans=                   5
    c11 (T=1.2): X  ans=                  -3
  Base: X  | Any correct: False | Agreement: 0.42 | Time: 91.5s
[260/500] reason_260

  Task: reason_260 (medium, math)
  Prime counting function
    c 0 (T=0.0): X  ans=                  31
    c 1 (T=0.2): X  ans=                  31
    c 2 (T=0.3): X  ans=                  31
    c 3 (T=0.5): X  ans=                   3
    c 4 (T=0.6): X  ans=                  31
    c 5 (T=0.7): X  ans=                  15
    c 6 (T=0.8): X  ans=                  31
    c 7 (T=0.9): X  ans=                  28
    c 8 (T=1.0): X  ans=                   2
    c 9 (T=1.0): X  ans=                   3
    c10 (T=1.2): X  ans=                  40
    c11 (T=1.2): X  ans=                 12.
  Base: X  | Any correct: False | Agreement: 0.42 | Time: 90.9s
[261/500] reason_261

  Task: reason_261 (easy, math)
  Perfect square check
    c 0 (T=0.0): OK ans=                 yes
    c 1 (T=0.2): X  ans=                1024
    c 2 (T=0.3): OK ans=                 yes
    c 3 (T=0.5): OK ans=                 yes
    c 4 (T=0.6): OK ans=                 yes
    c 5 (T=0.7): OK ans=                 yes
    c 6 (T=0.8): X  ans=                1024
    c 7 (T=0.9): X  ans=                1024
    c 8 (T=1.0): OK ans=                 yes
    c 9 (T=1.0): X  ans=                1024
    c10 (T=1.2): OK ans=                 yes
    c11 (T=1.2): X  ans=                  32
  Base: OK | Any correct: True | Agreement: 0.58 | Time: 67.5s
[262/500] reason_262

  Task: reason_262 (hard, math)
  Fermat little theorem
    c 0 (T=0.0): OK ans=                   1
    c 1 (T=0.2): OK ans=                   1
    c 2 (T=0.3): X  ans=                   2
    c 3 (T=0.5): X  ans=                  64
    c 4 (T=0.6): X  ans=                   5
    c 5 (T=0.7): X  ans=                   5
    c 6 (T=0.8): X  ans=                   6
    c 7 (T=0.9): X  ans=                   5
    c 8 (T=1.0): X  ans=                  25
    c 9 (T=1.0): X  ans=                   5
    c10 (T=1.2): OK ans=                   1
    c11 (T=1.2): X  ans=                   8
  Base: OK | Any correct: True | Agreement: 0.33 | Time: 85.4s
[263/500] reason_263

  Task: reason_263 (medium, math)
  Divisor count
    c 0 (T=0.0): X  ans=                   1
    c 1 (T=0.2): X  ans=                   1
    c 2 (T=0.3): X  ans=                   3
    c 3 (T=0.5): X  ans=                  72
    c 4 (T=0.6): X  ans=                   1
    c 5 (T=0.7): X  ans=                   1
    c 6 (T=0.8): X  ans=                  72
    c 7 (T=0.9): X  ans=                   1
    c 8 (T=1.0): X  ans=                   2
    c 9 (T=1.0): X  ans=                   2
    c10 (T=1.2): X  ans=                   1
    c11 (T=1.2): X  ans=                   2
  Base: X  | Any correct: False | Agreement: 0.50 | Time: 91.0s
[264/500] reason_264

  Task: reason_264 (hard, math)
  Sum of divisors 72
    c 0 (T=0.0): X  ans=                   1
    c 1 (T=0.2): X  ans=                   1
    c 2 (T=0.3): X  ans=                   1
    c 3 (T=0.5): X  ans=                   2
    c 4 (T=0.6): X  ans=                  72
    c 5 (T=0.7): X  ans=                   2
    c 6 (T=0.8): X  ans=                   2
    c 7 (T=0.9): X  ans=                   2
    c 8 (T=1.0): X  ans=                   1
    c 9 (T=1.0): X  ans=                  72
    c10 (T=1.2): X  ans=                   2
    c11 (T=1.2): X  ans=                  72
  Base: X  | Any correct: False | Agreement: 0.42 | Time: 91.0s
[265/500] reason_265

  Task: reason_265 (hard, math)
  Wilson theorem application
    c 0 (T=0.0): OK ans=                   6
    c 1 (T=0.2): OK ans=                   6
    c 2 (T=0.3): OK ans=                   6
    c 3 (T=0.5): OK ans=                   6
    c 4 (T=0.6): X  ans=                 720
    c 5 (T=0.7): OK ans=                   6
    c 6 (T=0.8): OK ans=                   6
    c 7 (T=0.9): OK ans=                   6
    c 8 (T=1.0): OK ans=                   6
    c 9 (T=1.0): OK ans=                   6
    c10 (T=1.2): OK ans=                   6
    c11 (T=1.2): OK ans=                   6
  Base: OK | Any correct: True | Agreement: 0.92 | Time: 68.2s
[266/500] reason_266

  Task: reason_266 (medium, combinatorics)
  Permutation with restriction
    c 0 (T=0.0): X  ans=                   4
    c 1 (T=0.2): X  ans=                   4
    c 2 (T=0.3): X  ans=                   6
    c 3 (T=0.5): X  ans=                  24
    c 4 (T=0.6): X  ans=                   4
    c 5 (T=0.7): X  ans=                  15
    c 6 (T=0.8): OK ans=                 360
    c 7 (T=0.9): X  ans=                   4
    c 8 (T=1.0): X  ans=                   4
    c 9 (T=1.0): X  ans=                   4
    c10 (T=1.2): X  ans=                  15
    c11 (T=1.2): X  ans=                  15
  Base: X  | Any correct: True | Agreement: 0.50 | Time: 87.7s
[267/500] reason_267

  Task: reason_267 (hard, combinatorics)
  Combinations with repetition
    c 0 (T=0.0): X  ans=                   4
    c 1 (T=0.2): X  ans=                   4
    c 2 (T=0.3): X  ans=                   4
    c 3 (T=0.5): X  ans=                   3
    c 4 (T=0.6): X  ans=                   6
    c 5 (T=0.7): X  ans=                   7
    c 6 (T=0.8): X  ans=                   3
    c 7 (T=0.9): X  ans=                   7
    c 8 (T=1.0): X  ans=                   1
    c 9 (T=1.0): X  ans=                   3
    c10 (T=1.2): X  ans=                   5
    c11 (T=1.2): X  ans=                   3
  Base: X  | Any correct: False | Agreement: 0.33 | Time: 91.3s
[268/500] reason_268

  Task: reason_268 (hard, combinatorics)
  Circular arrangement
    c 0 (T=0.0): OK ans=                  96
    c 1 (T=0.2): X  ans=                  16
    c 2 (T=0.3): X  ans=                  16
    c 3 (T=0.5): X  ans=                  16
    c 4 (T=0.6): OK ans=                  96
    c 5 (T=0.7): OK ans=                  96
    c 6 (T=0.8): X  ans=                  16
    c 7 (T=0.9): X  ans=                   6
    c 8 (T=1.0): X  ans=                  16
    c 9 (T=1.0): X  ans=                  -1
    c10 (T=1.2): X  ans=                   9
    c11 (T=1.2): X  ans=                   3
  Base: OK | Any correct: True | Agreement: 0.42 | Time: 90.8s
[269/500] reason_269

  Task: reason_269 (medium, combinatorics)
  Balls in boxes distinct
    c 0 (T=0.0): OK ans=                 243
    c 1 (T=0.2): OK ans=                 243
    c 2 (T=0.3): OK ans=                 243
    c 3 (T=0.5): OK ans=                 243
    c 4 (T=0.6): OK ans=                 243
    c 5 (T=0.7): OK ans=                 243
    c 6 (T=0.8): OK ans=                 243
    c 7 (T=0.9): OK ans=                 243
    c 8 (T=1.0): X  ans=                   3
    c 9 (T=1.0): OK ans=                 243
    c10 (T=1.2): X  ans=                   3
    c11 (T=1.2): X  ans=                   5
  Base: OK | Any correct: True | Agreement: 0.75 | Time: 81.4s
[270/500] reason_270

  Task: reason_270 (medium, combinatorics)
  Derangement of 3
    c 0 (T=0.0): X  ans=                  3.
    c 1 (T=0.2): X  ans=                  3.
    c 2 (T=0.3): OK ans=                   2
    c 3 (T=0.5): X  ans=                   3
    c 4 (T=0.6): X  ans=                   6
    c 5 (T=0.7): X  ans=                   3
    c 6 (T=0.8): X  ans=                   6
    c 7 (T=0.9): X  ans=                   0
    c 8 (T=1.0): X  ans=                   1
    c 9 (T=1.0): X  ans=                 0.5
    c10 (T=1.2): X  ans=                   6
    c11 (T=1.2): X  ans=                   6
  Base: X  | Any correct: True | Agreement: 0.33 | Time: 91.6s
[271/500] reason_271

  Task: reason_271 (easy, combinatorics)
  Binomial coefficient sum
    c 0 (T=0.0): X  ans=                   8
    c 1 (T=0.2): OK ans=                 256
    c 2 (T=0.3): X  ans=                   8
    c 3 (T=0.5): OK ans=                 256
    c 4 (T=0.6): X  ans=                   1
    c 5 (T=0.7): OK ans=                 256
    c 6 (T=0.8): OK ans=                 256
    c 7 (T=0.9): X  ans=                   8
    c 8 (T=1.0): OK ans=                 256
    c 9 (T=1.0): X  ans=                   0
    c10 (T=1.2): X  ans=                   2
    c11 (T=1.2): X  ans=                   8
  Base: X  | Any correct: True | Agreement: 0.42 | Time: 91.0s
[272/500] reason_272

  Task: reason_272 (hard, combinatorics)
  Vandermonde identity
    c 0 (T=0.0): X  ans=                   5
    c 1 (T=0.2): X  ans=                   3
    c 2 (T=0.3): X  ans=                   3
    c 3 (T=0.5): X  ans=                   1
    c 4 (T=0.6): X  ans=                   3
    c 5 (T=0.7): X  ans=                   5
    c 6 (T=0.8): X  ans=                  10
    c 7 (T=0.9): X  ans=                   5
    c 8 (T=1.0): X  ans=                   5
    c 9 (T=1.0): X  ans=                   2
    c10 (T=1.2): X  ans=                  10
    c11 (T=1.2): X  ans=                  10
  Base: X  | Any correct: False | Agreement: 0.33 | Time: 93.6s
[273/500] reason_273

  Task: reason_273 (hard, combinatorics)
  Stirling second kind
    c 0 (T=0.0): X  ans=                   3
    c 1 (T=0.2): X  ans=                   3
    c 2 (T=0.3): X  ans=                   2
    c 3 (T=0.5): X  ans=                   2
    c 4 (T=0.6): X  ans=                   6
    c 5 (T=0.7): OK ans=                 25.
    c 6 (T=0.8): OK ans=                 25.
    c 7 (T=0.9): X  ans=                   4
    c 8 (T=1.0): X  ans=                   1
    c 9 (T=1.0): X  ans=                   3
    c10 (T=1.2): OK ans=                  25
    c11 (T=1.2): X  ans=                  10
  Base: X  | Any correct: True | Agreement: 0.25 | Time: 92.0s
[274/500] reason_274

  Task: reason_274 (hard, combinatorics)
  Catalan number 5
    c 0 (T=0.0): OK ans=                  42
    c 1 (T=0.2): OK ans=                  42
    c 2 (T=0.3): OK ans=                  42
    c 3 (T=0.5): OK ans=                  42
    c 4 (T=0.6): X  ans=                 252
    c 5 (T=0.7): X  ans=                   5
    c 6 (T=0.8): X  ans=                3628
    c 7 (T=0.9): X  ans=                   4
    c 8 (T=1.0): X  ans=                  70
    c 9 (T=1.0): X  ans=                  14
    c10 (T=1.2): X  ans=                   5
    c11 (T=1.2): OK ans=                  42
  Base: OK | Any correct: True | Agreement: 0.42 | Time: 83.9s
[275/500] reason_275

  Task: reason_275 (hard, combinatorics)
  Lattice path with restriction
    c 0 (T=0.0): X  ans=                   0
    c 1 (T=0.2): X  ans=                   0
    c 2 (T=0.3): X  ans=                   0
    c 3 (T=0.5): X  ans=                   0
    c 4 (T=0.6): X  ans=                  70
    c 5 (T=0.7): X  ans=                   4
    c 6 (T=0.8): X  ans=                   4
    c 7 (T=0.9): OK ans=                  14
    c 8 (T=1.0): X  ans=                  70
    c 9 (T=1.0): X  ans=                  70
    c10 (T=1.2): OK ans=                  14
    c11 (T=1.2): X  ans=                  70
  Base: X  | Any correct: True | Agreement: 0.33 | Time: 88.7s
[276/500] reason_276

  Task: reason_276 (easy, sequence)
  Arithmetic sequence next
    c 0 (T=0.0): OK ans=                  27
    c 1 (T=0.2): OK ans=                  27
    c 2 (T=0.3): OK ans=                  27
    c 3 (T=0.5): OK ans=                  27
    c 4 (T=0.6): OK ans=                  27
    c 5 (T=0.7): X  ans=                  23
    c 6 (T=0.8): OK ans=                  27
    c 7 (T=0.9): OK ans=                  27
    c 8 (T=1.0): OK ans=                  27
    c 9 (T=1.0): OK ans=                  27
    c10 (T=1.2): OK ans=                  27
    c11 (T=1.2): OK ans=                  27
  Base: OK | Any correct: True | Agreement: 0.92 | Time: 65.1s
[277/500] reason_277

  Task: reason_277 (easy, sequence)
  Geometric with fraction
    c 0 (T=0.0): OK ans=                   2
    c 1 (T=0.2): OK ans=                   2
    c 2 (T=0.3): OK ans=                   2
    c 3 (T=0.5): OK ans=                   2
    c 4 (T=0.6): OK ans=                   2
    c 5 (T=0.7): OK ans=                   2
    c 6 (T=0.8): OK ans=                   2
    c 7 (T=0.9): OK ans=                   2
    c 8 (T=1.0): OK ans=                   2
    c 9 (T=1.0): OK ans=                   2
    c10 (T=1.2): OK ans=                   2
    c11 (T=1.2): OK ans=                   2
  Base: OK | Any correct: True | Agreement: 1.00 | Time: 75.6s
[278/500] reason_278

  Task: reason_278 (hard, sequence)
  Two interleaved sequences
    c 0 (T=0.0): X  ans=                   9
    c 1 (T=0.2): X  ans=                   7
    c 2 (T=0.3): X  ans=                  16
    c 3 (T=0.5): X  ans=                  16
    c 4 (T=0.6): X  ans=                   2
    c 5 (T=0.7): X  ans=                   5
    c 6 (T=0.8): X  ans=                  11
    c 7 (T=0.9): X  ans=                  4.
    c 8 (T=1.0): X  ans=                   8
    c 9 (T=1.0): X  ans=                  16
    c10 (T=1.2): X  ans=                  4.
    c11 (T=1.2): OK ans=                 32.
  Base: X  | Any correct: True | Agreement: 0.25 | Time: 88.1s
[279/500] reason_279

  Task: reason_279 (medium, sequence)
  Difference sequence
    c 0 (T=0.0): OK ans=                  28
    c 1 (T=0.2): OK ans=                  28
    c 2 (T=0.3): OK ans=                  28
    c 3 (T=0.5): OK ans=                  28
    c 4 (T=0.6): OK ans=                  28
    c 5 (T=0.7): X  ans=                   7
    c 6 (T=0.8): X  ans=                  3.
    c 7 (T=0.9): OK ans=                  28
    c 8 (T=1.0): OK ans=                  28
    c 9 (T=1.0): X  ans=                   6
    c10 (T=1.2): OK ans=                  28
    c11 (T=1.2): OK ans=                  28
  Base: OK | Any correct: True | Agreement: 0.75 | Time: 84.8s
[280/500] reason_280

  Task: reason_280 (easy, sequence)
  Prime sequence
    c 0 (T=0.0): X  ans=                   1
    c 1 (T=0.2): X  ans=                   1
    c 2 (T=0.3): OK ans=                  17
    c 3 (T=0.5): X  ans=                  13
    c 4 (T=0.6): OK ans=                  17
    c 5 (T=0.7): X  ans=                   1
    c 6 (T=0.8): OK ans=                  17
    c 7 (T=0.9): OK ans=                  17
    c 8 (T=1.0): OK ans=                  17
    c 9 (T=1.0): X  ans=                   5
    c10 (T=1.2): X  ans=                  89
    c11 (T=1.2): OK ans=                  17
  Base: X  | Any correct: True | Agreement: 0.50 | Time: 77.6s
[281/500] reason_281

  Task: reason_281 (easy, sequence)
  Fibonacci double step
    c 0 (T=0.0): OK ans=                  55
    c 1 (T=0.2): X  ans=                 21.
    c 2 (T=0.3): OK ans=                  55
    c 3 (T=0.5): OK ans=                  55
    c 4 (T=0.6): OK ans=                  55
    c 5 (T=0.7): OK ans=                  55
    c 6 (T=0.8): OK ans=                  55
    c 7 (T=0.9): OK ans=                  55
    c 8 (T=1.0): OK ans=                  55
    c 9 (T=1.0): OK ans=                  55
    c10 (T=1.2): OK ans=                  55
    c11 (T=1.2): OK ans=                  55
  Base: OK | Any correct: True | Agreement: 0.92 | Time: 78.4s
[282/500] reason_282

  Task: reason_282 (medium, sequence)
  Square plus one
    c 0 (T=0.0): OK ans=                  65
    c 1 (T=0.2): OK ans=                  65
    c 2 (T=0.3): OK ans=                  65
    c 3 (T=0.5): OK ans=                  65
    c 4 (T=0.6): X  ans=                  13
    c 5 (T=0.7): OK ans=                  65
    c 6 (T=0.8): OK ans=                  65
    c 7 (T=0.9): OK ans=                  65
    c 8 (T=1.0): OK ans=                  65
    c 9 (T=1.0): OK ans=                  65
    c10 (T=1.2): OK ans=                  65
    c11 (T=1.2): X  ans=                   6
  Base: OK | Any correct: True | Agreement: 0.83 | Time: 80.9s
[283/500] reason_283

  Task: reason_283 (hard, sequence)
  Cube minus one
    c 0 (T=0.0): X  ans=                  12
    c 1 (T=0.2): X  ans=                   1
    c 2 (T=0.3): X  ans=                  12
    c 3 (T=0.5): X  ans=                 216
    c 4 (T=0.6): X  ans=                  91
    c 5 (T=0.7): X  ans=                 216
    c 6 (T=0.8): X  ans=                   6
    c 7 (T=0.9): X  ans=                   6
    c 8 (T=1.0): X  ans=                   0
    c 9 (T=1.0): OK ans=                 215
    c10 (T=1.2): X  ans=                   2
    c11 (T=1.2): X  ans=                  24
  Base: X  | Any correct: True | Agreement: 0.17 | Time: 87.2s
[284/500] reason_284

  Task: reason_284 (easy, sequence)
  Powers of 5
    c 0 (T=0.0): OK ans=                3125
    c 1 (T=0.2): OK ans=                3125
    c 2 (T=0.3): OK ans=                3125
    c 3 (T=0.5): OK ans=                3125
    c 4 (T=0.6): OK ans=                3125
    c 5 (T=0.7): OK ans=                3125
    c 6 (T=0.8): OK ans=                3125
    c 7 (T=0.9): OK ans=                3125
    c 8 (T=1.0): OK ans=                3125
    c 9 (T=1.0): OK ans=                3125
    c10 (T=1.2): OK ans=                3125
    c11 (T=1.2): X  ans=                   5
  Base: OK | Any correct: True | Agreement: 0.92 | Time: 74.9s
[285/500] reason_285

  Task: reason_285 (hard, sequence)
  Alternating add multiply
    c 0 (T=0.0): OK ans=                 148
    c 1 (T=0.2): X  ans=                   4
    c 2 (T=0.3): OK ans=                 148
    c 3 (T=0.5): X  ans=                  32
    c 4 (T=0.6): OK ans=                 148
    c 5 (T=0.7): X  ans=                  32
    c 6 (T=0.8): X  ans=                   4
    c 7 (T=0.9): X  ans=                   3
    c 8 (T=1.0): X  ans=                 144
    c 9 (T=1.0): X  ans=                  36
    c10 (T=1.2): X  ans=                  36
    c11 (T=1.2): X  ans=                   8
  Base: OK | Any correct: True | Agreement: 0.25 | Time: 87.4s
[286/500] reason_286

  Task: reason_286 (medium, sequence)
  Triangular plus one
    c 0 (T=0.0): OK ans=                  29
    c 1 (T=0.2): OK ans=                  29
    c 2 (T=0.3): OK ans=                  29
    c 3 (T=0.5): X  ans=                   2
    c 4 (T=0.6): OK ans=                  29
    c 5 (T=0.7): OK ans=                  29
    c 6 (T=0.8): OK ans=                  29
    c 7 (T=0.9): OK ans=                  29
    c 8 (T=1.0): OK ans=                  29
    c 9 (T=1.0): OK ans=                  29
    c10 (T=1.2): OK ans=                  29
    c11 (T=1.2): OK ans=                  29
  Base: OK | Any correct: True | Agreement: 0.92 | Time: 79.4s
[287/500] reason_287

  Task: reason_287 (hard, sequence)
  Pentagonal numbers
    c 0 (T=0.0): OK ans=                  70
    c 1 (T=0.2): X  ans=                   1
    c 2 (T=0.3): OK ans=                  70
    c 3 (T=0.5): X  ans=                  19
    c 4 (T=0.6): X  ans=                   3
    c 5 (T=0.7): OK ans=                  70
    c 6 (T=0.8): OK ans=                  70
    c 7 (T=0.9): OK ans=                  70
    c 8 (T=1.0): X  ans=                   3
    c 9 (T=1.0): OK ans=                  70
    c10 (T=1.2): X  ans=                   1
    c11 (T=1.2): OK ans=                  70
  Base: OK | Any correct: True | Agreement: 0.58 | Time: 85.3s
[288/500] reason_288

  Task: reason_288 (hard, sequence)
  Tetrahedral numbers
    c 0 (T=0.0): X  ans=                   4
    c 1 (T=0.2): X  ans=                   7
    c 2 (T=0.3): X  ans=                  21
    c 3 (T=0.5): X  ans=                   3
    c 4 (T=0.6): X  ans=                   5
    c 5 (T=0.7): X  ans=                  10
    c 6 (T=0.8): X  ans=                   6
    c 7 (T=0.9): X  ans=                   6
    c 8 (T=1.0): X  ans=                   6
    c 9 (T=1.0): X  ans=                  21
    c10 (T=1.2): X  ans=                 28.
    c11 (T=1.2): X  ans=                  21
  Base: X  | Any correct: False | Agreement: 0.25 | Time: 88.2s
[289/500] reason_289

  Task: reason_289 (medium, sequence)
  Lucas numbers extended
    c 0 (T=0.0): X  ans=                  29
    c 1 (T=0.2): X  ans=                  18
    c 2 (T=0.3): X  ans=                 29.
    c 3 (T=0.5): X  ans=                  11
    c 4 (T=0.6): OK ans=                  47
    c 5 (T=0.7): X  ans=                   4
    c 6 (T=0.8): X  ans=                 29.
    c 7 (T=0.9): OK ans=                  47
    c 8 (T=1.0): X  ans=                   7
    c 9 (T=1.0): X  ans=                  11
    c10 (T=1.2): X  ans=                   2
    c11 (T=1.2): X  ans=                   3
  Base: X  | Any correct: True | Agreement: 0.17 | Time: 87.8s
[290/500] reason_290

  Task: reason_290 (easy, sequence)
  Harmonic sequence check
    c 0 (T=0.0): OK ans=                  no
    c 1 (T=0.2): OK ans=                  no
    c 2 (T=0.3): OK ans=                  no
    c 3 (T=0.5): OK ans=                  no
    c 4 (T=0.6): OK ans=                  no
    c 5 (T=0.7): OK ans=                  no
    c 6 (T=0.8): OK ans=                  no
    c 7 (T=0.9): OK ans=                  no
    c 8 (T=1.0): OK ans=                  no
    c 9 (T=1.0): OK ans=                  no
    c10 (T=1.2): OK ans=                  no
    c11 (T=1.2): OK ans=                  no
  Base: OK | Any correct: True | Agreement: 1.00 | Time: 51.7s
[291/500] reason_291

  Task: reason_291 (medium, math)
  Dice sum probability
    c 0 (T=0.0): X  ans=                   6
    c 1 (T=0.2): X  ans=                  36
    c 2 (T=0.3): X  ans=                   6
    c 3 (T=0.5): X  ans=                   8
    c 4 (T=0.6): X  ans=                   8
    c 5 (T=0.7): X  ans=                   6
    c 6 (T=0.8): X  ans=                   5
    c 7 (T=0.9): X  ans=                   5
    c 8 (T=1.0): X  ans=                   5
    c 9 (T=1.0): X  ans=                   5
    c10 (T=1.2): X  ans=                   5
    c11 (T=1.2): X  ans=                  36
  Base: X  | Any correct: False | Agreement: 0.42 | Time: 87.6s
[292/500] reason_292

  Task: reason_292 (easy, math)
  Card probability
    c 0 (T=0.0): X  ans=                  12
    c 1 (T=0.2): X  ans=                  12
    c 2 (T=0.3): X  ans=                   3
    c 3 (T=0.5): X  ans=                   4
    c 4 (T=0.6): X  ans=                   3
    c 5 (T=0.7): X  ans=                   3
    c 6 (T=0.8): X  ans=                   4
    c 7 (T=0.9): X  ans=                  12
    c 8 (T=1.0): X  ans=                   4
    c 9 (T=1.0): X  ans=                   4
    c10 (T=1.2): X  ans=                  12
    c11 (T=1.2): X  ans=                  12
  Base: X  | Any correct: False | Agreement: 0.42 | Time: 88.3s
[293/500] reason_293

  Task: reason_293 (medium, math)
  Conditional probability dice
    c 0 (T=0.0): X  ans=                   2
    c 1 (T=0.2): X  ans=                   2
    c 2 (T=0.3): X  ans=                   1
    c 3 (T=0.5): X  ans=                   2
    c 4 (T=0.6): X  ans=                   2
    c 5 (T=0.7): X  ans=                   3
    c 6 (T=0.8): X  ans=                   2
    c 7 (T=0.9): X  ans=                   2
    c 8 (T=1.0): X  ans=                   3
    c 9 (T=1.0): X  ans=                   6
    c10 (T=1.2): X  ans=                  5.
    c11 (T=1.2): X  ans=                   2
  Base: X  | Any correct: False | Agreement: 0.58 | Time: 88.3s
[294/500] reason_294

  Task: reason_294 (medium, math)
  Expected value calculation
    c 0 (T=0.0): X  ans=                   6
    c 1 (T=0.2): X  ans=                 1/6
    c 2 (T=0.3): X  ans=                   1
    c 3 (T=0.5): X  ans=                   1
    c 4 (T=0.6): X  ans=                   6
    c 5 (T=0.7): X  ans=                   6
    c 6 (T=0.8): X  ans=                   6
    c 7 (T=0.9): X  ans=                   6
    c 8 (T=1.0): X  ans=                   1
    c 9 (T=1.0): X  ans=                   6
    c10 (T=1.2): X  ans=                   3
    c11 (T=1.2): X  ans=                   1
  Base: X  | Any correct: False | Agreement: 0.50 | Time: 88.3s
[295/500] reason_295

  Task: reason_295 (medium, math)
  Variance calculation
    c 0 (T=0.0): OK ans=                   2
    c 1 (T=0.2): X  ans=                   0
    c 2 (T=0.3): OK ans=                   2
    c 3 (T=0.5): OK ans=                   2
    c 4 (T=0.6): X  ans=                   0
    c 5 (T=0.7): OK ans=                   2
    c 6 (T=0.8): X  ans=                   0
    c 7 (T=0.9): X  ans=                   1
    c 8 (T=1.0): X  ans=                   1
    c 9 (T=1.0): X  ans=                   3
    c10 (T=1.2): OK ans=                   2
    c11 (T=1.2): OK ans=                 2.0
  Base: OK | Any correct: True | Agreement: 0.42 | Time: 87.8s
[296/500] reason_296

  Task: reason_296 (medium, math)
  Binomial probability
    c 0 (T=0.0): X  ans=                   2
    c 1 (T=0.2): X  ans=                   4
    c 2 (T=0.3): X  ans=                  16
    c 3 (T=0.5): X  ans=                   2
    c 4 (T=0.6): X  ans=                   6
    c 5 (T=0.7): X  ans=                   2
    c 6 (T=0.8): X  ans=                   4
    c 7 (T=0.9): X  ans=                   2
    c 8 (T=1.0): X  ans=                   6
    c 9 (T=1.0): X  ans=                   4
    c10 (T=1.2): X  ans=                   6
    c11 (T=1.2): X  ans=                   4
  Base: X  | Any correct: False | Agreement: 0.33 | Time: 88.4s
[297/500] reason_297

  Task: reason_297 (medium, math)
  Geometric distribution
    c 0 (T=0.0): X  ans=                  5.
    c 1 (T=0.2): X  ans=                  5.
    c 2 (T=0.3): X  ans=                   4
    c 3 (T=0.5): X  ans=                  **
    c 4 (T=0.6): X  ans=                   1
    c 5 (T=0.7): X  ans=                   5
    c 6 (T=0.8): X  ans=                   3
    c 7 (T=0.9): X  ans=                   5
    c 8 (T=1.0): X  ans=                   1
    c 9 (T=1.0): X  ans=                   1
    c10 (T=1.2): X  ans=                   1
    c11 (T=1.2): X  ans=                   2
  Base: X  | Any correct: False | Agreement: 0.33 | Time: 87.9s
[298/500] reason_298

  Task: reason_298 (hard, math)
  Bag without replacement
    c 0 (T=0.0): X  ans=                   8
    c 1 (T=0.2): X  ans=                   8
    c 2 (T=0.3): X  ans=                   2
    c 3 (T=0.5): X  ans=                  10
    c 4 (T=0.6): X  ans=                   8
    c 5 (T=0.7): X  ans=                   5
    c 6 (T=0.8): X  ans=                   2
    c 7 (T=0.9): X  ans=                  28
    c 8 (T=1.0): X  ans=                  10
    c 9 (T=1.0): X  ans=                  28
    c10 (T=1.2): X  ans=                  10
    c11 (T=1.2): X  ans=                  10
  Base: X  | Any correct: False | Agreement: 0.33 | Time: 88.4s
[299/500] reason_299

  Task: reason_299 (medium, math)
  Standard deviation
    c 0 (T=0.0): X  ans=                   3
    c 1 (T=0.2): X  ans=                   3
    c 2 (T=0.3): X  ans=                   3
    c 3 (T=0.5): X  ans=                   1
    c 4 (T=0.6): X  ans=                   5
    c 5 (T=0.7): X  ans=                   1
    c 6 (T=0.8): X  ans=                   1
    c 7 (T=0.9): X  ans=                   9
    c 8 (T=1.0): X  ans=                   5
    c 9 (T=1.0): X  ans=                   3
    c10 (T=1.2): X  ans=                   9
    c11 (T=1.2): X  ans=                   1
  Base: X  | Any correct: False | Agreement: 0.33 | Time: 88.5s
[300/500] reason_300

  Task: reason_300 (medium, math)
  Complement probability
    c 0 (T=0.0): X  ans=                   6
    c 1 (T=0.2): X  ans=                   6
    c 2 (T=0.3): X  ans=                   5
    c 3 (T=0.5): X  ans=                   5
    c 4 (T=0.6): X  ans=                   6
    c 5 (T=0.7): X  ans=                   6
    c 6 (T=0.8): X  ans=                   6
    c 7 (T=0.9): X  ans=                   5
    c 8 (T=1.0): X  ans=                   6
    c 9 (T=1.0): X  ans=                   6
    c10 (T=1.2): X  ans=                   3
    c11 (T=1.2): X  ans=                   6
  Base: X  | Any correct: False | Agreement: 0.67 | Time: 88.3s
[301/500] reason_301

  Task: reason_301 (easy, math)
  Triangle area
    c 0 (T=0.0): OK ans=                  35
    c 1 (T=0.2): OK ans=                  35
    c 2 (T=0.3): OK ans=                  35
    c 3 (T=0.5): OK ans=                  35
    c 4 (T=0.6): OK ans=                  35
    c 5 (T=0.7): OK ans=                  35
    c 6 (T=0.8): OK ans=                  35
    c 7 (T=0.9): OK ans=                  35
    c 8 (T=1.0): OK ans=                  35
    c 9 (T=1.0): OK ans=                  35
    c10 (T=1.2): OK ans=                  35
    c11 (T=1.2): OK ans=                  35
  Base: OK | Any correct: True | Agreement: 1.00 | Time: 57.0s
[302/500] reason_302

  Task: reason_302 (medium, math)
  Trapezoid area
    c 0 (T=0.0): OK ans=                  50
    c 1 (T=0.2): OK ans=                  50
    c 2 (T=0.3): OK ans=                  50
    c 3 (T=0.5): OK ans=                  50
    c 4 (T=0.6): X  ans=                   5
    c 5 (T=0.7): OK ans=                  50
    c 6 (T=0.8): OK ans=                  50
    c 7 (T=0.9): OK ans=                  50
    c 8 (T=1.0): OK ans=                  50
    c 9 (T=1.0): OK ans=                  50
    c10 (T=1.2): OK ans=                  50
    c11 (T=1.2): OK ans=                  50
  Base: OK | Any correct: True | Agreement: 0.92 | Time: 78.3s
[303/500] reason_303

  Task: reason_303 (medium, math)
  Cylinder volume
    c 0 (T=0.0): OK ans=                 785
    c 1 (T=0.2): OK ans=                 785
    c 2 (T=0.3): OK ans=                 785
    c 3 (T=0.5): OK ans=                 785
    c 4 (T=0.6): OK ans=                 785
    c 5 (T=0.7): OK ans=                 785
    c 6 (T=0.8): OK ans=                 785
    c 7 (T=0.9): OK ans=                 785
    c 8 (T=1.0): OK ans=                 785
    c 9 (T=1.0): OK ans=                 785
    c10 (T=1.2): OK ans=                 785
    c11 (T=1.2): OK ans=                 785
  Base: OK | Any correct: True | Agreement: 1.00 | Time: 62.6s
[304/500] reason_304

  Task: reason_304 (medium, math)
  Cone volume
    c 0 (T=0.0): OK ans=              301.44
    c 1 (T=0.2): OK ans=              301.44
    c 2 (T=0.3): OK ans=              301.44
    c 3 (T=0.5): OK ans=              301.44
    c 4 (T=0.6): X  ans=         1.046666667
    c 5 (T=0.7): OK ans=              301.44
    c 6 (T=0.8): X  ans=                    
    c 7 (T=0.9): OK ans=              301.44
    c 8 (T=1.0): OK ans=              301.44
    c 9 (T=1.0): OK ans=              301.44
    c10 (T=1.2): X  ans=                3.14
    c11 (T=1.2): X  ans=               113.0
  Base: OK | Any correct: True | Agreement: 0.67 | Time: 83.1s
[305/500] reason_305

  Task: reason_305 (medium, math)
  Sphere surface area
    c 0 (T=0.0): OK ans=              200.96
    c 1 (T=0.2): OK ans=              200.96
    c 2 (T=0.3): OK ans=              200.96
    c 3 (T=0.5): OK ans=              200.96
    c 4 (T=0.6): OK ans=              200.96
    c 5 (T=0.7): OK ans=              200.96
    c 6 (T=0.8): OK ans=              200.96
    c 7 (T=0.9): OK ans=              200.96
    c 8 (T=1.0): X  ans=                  20
    c 9 (T=1.0): OK ans=              200.96
    c10 (T=1.2): OK ans=              200.96
    c11 (T=1.2): OK ans=              200.96
  Base: OK | Any correct: True | Agreement: 0.92 | Time: 72.9s
[306/500] reason_306

  Task: reason_306 (hard, math)
  Similar triangles
    c 0 (T=0.0): X  ans=                  18
    c 1 (T=0.2): X  ans=                   4
    c 2 (T=0.3): X  ans=                  18
    c 3 (T=0.5): X  ans=                  18
    c 4 (T=0.6): OK ans=                  50
    c 5 (T=0.7): OK ans=                  50
    c 6 (T=0.8): X  ans=                   3
    c 7 (T=0.9): X  ans=                   9
    c 8 (T=1.0): OK ans=                  50
    c 9 (T=1.0): X  ans=                  18
    c10 (T=1.2): OK ans=                  50
    c11 (T=1.2): X  ans=                   9
  Base: X  | Any correct: True | Agreement: 0.33 | Time: 86.0s
[307/500] reason_307

  Task: reason_307 (medium, math)
  Pythagorean triple
    c 0 (T=0.0): X  ans=                 144
    c 1 (T=0.2): X  ans=                 144
    c 2 (T=0.3): OK ans=                  12
    c 3 (T=0.5): X  ans=                 144
    c 4 (T=0.6): X  ans=                  81
    c 5 (T=0.7): X  ans=                 144
    c 6 (T=0.8): OK ans=                  12
    c 7 (T=0.9): OK ans=                  12
    c 8 (T=1.0): OK ans=                  12
    c 9 (T=1.0): X  ans=                 225
    c10 (T=1.2): X  ans=                 144
    c11 (T=1.2): X  ans=                  81
  Base: X  | Any correct: True | Agreement: 0.42 | Time: 88.1s
[308/500] reason_308

  Task: reason_308 (easy, math)
  Angle in triangle
    c 0 (T=0.0): OK ans=                  75
    c 1 (T=0.2): OK ans=                  75
    c 2 (T=0.3): OK ans=                  75
    c 3 (T=0.5): OK ans=                  75
    c 4 (T=0.6): OK ans=                  75
    c 5 (T=0.7): OK ans=                  75
    c 6 (T=0.8): OK ans=                  75
    c 7 (T=0.9): OK ans=                  75
    c 8 (T=1.0): OK ans=                  75
    c 9 (T=1.0): OK ans=                  75
    c10 (T=1.2): OK ans=                  75
    c11 (T=1.2): OK ans=                  75
  Base: OK | Any correct: True | Agreement: 1.00 | Time: 60.0s
[309/500] reason_309

  Task: reason_309 (medium, math)
  Sector area
    c 0 (T=0.0): X  ans=                3.14
    c 1 (T=0.2): X  ans=                 78.
    c 2 (T=0.3): X  ans=                3.14
    c 3 (T=0.5): X  ans=                  90
    c 4 (T=0.6): X  ans=                   7
    c 5 (T=0.7): X  ans=                 314
    c 6 (T=0.8): X  ans=                3.14
    c 7 (T=0.9): X  ans=                   7
    c 8 (T=1.0): X  ans=                3.14
    c 9 (T=1.0): X  ans=                 78.
    c10 (T=1.2): X  ans=                3.14
    c11 (T=1.2): X  ans=                3.14
  Base: X  | Any correct: False | Agreement: 0.50 | Time: 88.7s
[310/500] reason_310

  Task: reason_310 (easy, math)
  Diagonal of rectangle
    c 0 (T=0.0): OK ans=                  10
    c 1 (T=0.2): OK ans=                  10
    c 2 (T=0.3): OK ans=                  10
    c 3 (T=0.5): OK ans=                  10
    c 4 (T=0.6): OK ans=                  10
    c 5 (T=0.7): OK ans=                  10
    c 6 (T=0.8): OK ans=                  10
    c 7 (T=0.9): OK ans=                  10
    c 8 (T=1.0): OK ans=                  10
    c 9 (T=1.0): OK ans=                  10
    c10 (T=1.2): OK ans=                  10
    c11 (T=1.2): OK ans=                  10
  Base: OK | Any correct: True | Agreement: 1.00 | Time: 83.5s
[311/500] reason_311

  Task: reason_311 (medium, math)
  Age reasoning chain
    c 0 (T=0.0): OK ans=                  26
    c 1 (T=0.2): OK ans=                  26
    c 2 (T=0.3): OK ans=                  26
    c 3 (T=0.5): OK ans=                  26
    c 4 (T=0.6): OK ans=                  26
    c 5 (T=0.7): OK ans=                  26
    c 6 (T=0.8): OK ans=                  26
    c 7 (T=0.9): OK ans=                  26
    c 8 (T=1.0): OK ans=                  26
    c 9 (T=1.0): OK ans=                  26
    c10 (T=1.2): OK ans=                  26
    c11 (T=1.2): OK ans=                  26
  Base: OK | Any correct: True | Agreement: 1.00 | Time: 37.5s
[312/500] reason_312

  Task: reason_312 (medium, math)
  Money reasoning
    c 0 (T=0.0): OK ans=                  70
    c 1 (T=0.2): OK ans=                  70
    c 2 (T=0.3): OK ans=                  70
    c 3 (T=0.5): OK ans=                  70
    c 4 (T=0.6): OK ans=                  70
    c 5 (T=0.7): OK ans=                  70
    c 6 (T=0.8): OK ans=                  70
    c 7 (T=0.9): OK ans=                  70
    c 8 (T=1.0): OK ans=                  70
    c 9 (T=1.0): OK ans=                  70
    c10 (T=1.2): OK ans=                  70
    c11 (T=1.2): OK ans=                  70
  Base: OK | Any correct: True | Agreement: 1.00 | Time: 35.0s
[313/500] reason_313

  Task: reason_313 (medium, math)
  Speed reasoning chain
    c 0 (T=0.0): OK ans=                   3
    c 1 (T=0.2): OK ans=                   3
    c 2 (T=0.3): OK ans=                   3
    c 3 (T=0.5): OK ans=                   3
    c 4 (T=0.6): OK ans=                   3
    c 5 (T=0.7): OK ans=                   3
    c 6 (T=0.8): OK ans=                   3
    c 7 (T=0.9): OK ans=                   3
    c 8 (T=1.0): OK ans=                   3
    c 9 (T=1.0): OK ans=                   3
    c10 (T=1.2): OK ans=                   3
    c11 (T=1.2): OK ans=                   3
  Base: OK | Any correct: True | Agreement: 1.00 | Time: 56.6s
[314/500] reason_314

  Task: reason_314 (easy, math)
  Temperature chain
    c 0 (T=0.0): OK ans=                   0
    c 1 (T=0.2): OK ans=                   0
    c 2 (T=0.3): OK ans=                   0
    c 3 (T=0.5): OK ans=                   0
    c 4 (T=0.6): OK ans=                   0
    c 5 (T=0.7): OK ans=                   0
    c 6 (T=0.8): OK ans=                   0
    c 7 (T=0.9): OK ans=                   0
    c 8 (T=1.0): OK ans=                   0
    c 9 (T=1.0): OK ans=                   0
    c10 (T=1.2): OK ans=                   0
    c11 (T=1.2): OK ans=                   0
  Base: OK | Any correct: True | Agreement: 1.00 | Time: 42.6s
[315/500] reason_315

  Task: reason_315 (hard, math)
  Discount chain multi-step
    c 0 (T=0.0): X  ans=                 270
    c 1 (T=0.2): X  ans=                 270
    c 2 (T=0.3): X  ans=                 270
    c 3 (T=0.5): X  ans=                 270
    c 4 (T=0.6): X  ans=                 270
    c 5 (T=0.7): X  ans=                 270
    c 6 (T=0.8): X  ans=                 270
    c 7 (T=0.9): X  ans=                 270
    c 8 (T=1.0): X  ans=                 270
    c 9 (T=1.0): X  ans=                 270
    c10 (T=1.2): X  ans=                 270
    c11 (T=1.2): X  ans=                 270
  Base: X  | Any correct: False | Agreement: 1.00 | Time: 68.1s
[316/500] reason_316

  Task: reason_316 (medium, math)
  Population reasoning
    c 0 (T=0.0): X  ans=                 120
    c 1 (T=0.2): X  ans=                 120
    c 2 (T=0.3): X  ans=                 120
    c 3 (T=0.5): X  ans=                 120
    c 4 (T=0.6): X  ans=                 120
    c 5 (T=0.7): X  ans=                 120
    c 6 (T=0.8): X  ans=                 120
    c 7 (T=0.9): X  ans=                 120
    c 8 (T=1.0): X  ans=                 120
    c 9 (T=1.0): X  ans=                 120
    c10 (T=1.2): X  ans=                 120
    c11 (T=1.2): X  ans=                 120
  Base: X  | Any correct: False | Agreement: 1.00 | Time: 49.2s
[317/500] reason_317

  Task: reason_317 (hard, math)
  Work rate chain
    c 0 (T=0.0): X  ans=                   2
    c 1 (T=0.2): OK ans=                   1
    c 2 (T=0.3): X  ans=                   2
    c 3 (T=0.5): X  ans=                  12
    c 4 (T=0.6): X  ans=                   6
    c 5 (T=0.7): OK ans=                   1
    c 6 (T=0.8): X  ans=                   6
    c 7 (T=0.9): X  ans=                   2
    c 8 (T=1.0): OK ans=                   1
    c 9 (T=1.0): X  ans=                   6
    c10 (T=1.2): X  ans=                   6
    c11 (T=1.2): X  ans=                  12
  Base: X  | Any correct: True | Agreement: 0.33 | Time: 88.7s
[318/500] reason_318

  Task: reason_318 (medium, math)
  Distance reasoning
    c 0 (T=0.0): OK ans=                  50
    c 1 (T=0.2): OK ans=                  50
    c 2 (T=0.3): OK ans=                  50
    c 3 (T=0.5): OK ans=                  50
    c 4 (T=0.6): X  ans=                    
    c 5 (T=0.7): X  ans=                  60
    c 6 (T=0.8): OK ans=                  50
    c 7 (T=0.9): OK ans=                  50
    c 8 (T=1.0): OK ans=                  50
    c 9 (T=1.0): OK ans=                  50
    c10 (T=1.2): OK ans=                  50
    c11 (T=1.2): OK ans=                  50
  Base: OK | Any correct: True | Agreement: 0.83 | Time: 80.9s
[319/500] reason_319

  Task: reason_319 (hard, math)
  Investment chain
    c 0 (T=0.0): X  ans=                  10
    c 1 (T=0.2): X  ans=                2400
    c 2 (T=0.3): X  ans=                  10
    c 3 (T=0.5): X  ans=                2400
    c 4 (T=0.6): X  ans=                2400
    c 5 (T=0.7): X  ans=                2640
    c 6 (T=0.8): X  ans=                2000
    c 7 (T=0.9): X  ans=                  24
    c 8 (T=1.0): X  ans=                   1
    c 9 (T=1.0): X  ans=                2400
    c10 (T=1.2): X  ans=                2400
    c11 (T=1.2): X  ans=                2400
  Base: X  | Any correct: False | Agreement: 0.50 | Time: 88.7s
[320/500] reason_320

  Task: reason_320 (hard, math)
  Mixing solutions
    c 0 (T=0.0): X  ans=                  15
    c 1 (T=0.2): X  ans=                  15
    c 2 (T=0.3): X  ans=                  15
    c 3 (T=0.5): X  ans=                  15
    c 4 (T=0.6): X  ans=                   3
    c 5 (T=0.7): X  ans=                  10
    c 6 (T=0.8): X  ans=                   1
    c 7 (T=0.9): X  ans=                 5.5
    c 8 (T=1.0): X  ans=                 5.5
    c 9 (T=1.0): X  ans=                 100
    c10 (T=1.2): X  ans=                   3
    c11 (T=1.2): X  ans=                   5
  Base: X  | Any correct: False | Agreement: 0.33 | Time: 88.5s
[321/500] reason_321

  Task: reason_321 (medium, math)
  Distractor: average speed
    c 0 (T=0.0): X  ans=                   2
    c 1 (T=0.2): X  ans=                   3
    c 2 (T=0.3): X  ans=                   3
    c 3 (T=0.5): X  ans=                   3
    c 4 (T=0.6): OK ans=                  48
    c 5 (T=0.7): X  ans=                 120
    c 6 (T=0.8): X  ans=                   3
    c 7 (T=0.9): X  ans=                   2
    c 8 (T=1.0): OK ans=                  48
    c 9 (T=1.0): X  ans=                   2
    c10 (T=1.2): X  ans=                   2
    c11 (T=1.2): X  ans=                   2
  Base: X  | Any correct: True | Agreement: 0.42 | Time: 87.6s
[322/500] reason_322

  Task: reason_322 (easy, math)
  Distractor: bat and ball
    c 0 (T=0.0): OK ans=                   5
    c 1 (T=0.2): OK ans=                   5
    c 2 (T=0.3): OK ans=                   5
    c 3 (T=0.5): OK ans=                   5
    c 4 (T=0.6): OK ans=                   5
    c 5 (T=0.7): OK ans=                   5
    c 6 (T=0.8): OK ans=                   5
    c 7 (T=0.9): OK ans=                   5
    c 8 (T=1.0): OK ans=                   5
    c 9 (T=1.0): OK ans=                   5
    c10 (T=1.2): OK ans=                   5
    c11 (T=1.2): OK ans=                   5
  Base: OK | Any correct: True | Agreement: 1.00 | Time: 63.8s
[323/500] reason_323

  Task: reason_323 (easy, logic)
  Distractor: lily pad doubling
    c 0 (T=0.0): OK ans=                  47
    c 1 (T=0.2): OK ans=                  47
    c 2 (T=0.3): OK ans=                  47
    c 3 (T=0.5): OK ans=                  47
    c 4 (T=0.6): OK ans=                  47
    c 5 (T=0.7): OK ans=                  47
    c 6 (T=0.8): OK ans=                  47
    c 7 (T=0.9): OK ans=                  47
    c 8 (T=1.0): OK ans=                  47
    c 9 (T=1.0): OK ans=                  47
    c10 (T=1.2): OK ans=                  47
    c11 (T=1.2): OK ans=                  47
  Base: OK | Any correct: True | Agreement: 1.00 | Time: 34.6s
[324/500] reason_324

  Task: reason_324 (easy, math)
  Distractor: more or less
    c 0 (T=0.0): OK ans=                  50
    c 1 (T=0.2): OK ans=                  50
    c 2 (T=0.3): OK ans=                  50
    c 3 (T=0.5): OK ans=                  50
    c 4 (T=0.6): OK ans=                  50
    c 5 (T=0.7): OK ans=                  50
    c 6 (T=0.8): OK ans=                  50
    c 7 (T=0.9): OK ans=                  50
    c 8 (T=1.0): OK ans=                  50
    c 9 (T=1.0): OK ans=                  50
    c10 (T=1.2): OK ans=                  50
    c11 (T=1.2): OK ans=                  50
  Base: OK | Any correct: True | Agreement: 1.00 | Time: 39.8s
[325/500] reason_325

  Task: reason_325 (easy, logic)
  Distractor: three apples
    c 0 (T=0.0): OK ans=                   9
    c 1 (T=0.2): OK ans=                   9
    c 2 (T=0.3): OK ans=                   9
    c 3 (T=0.5): OK ans=                   9
    c 4 (T=0.6): OK ans=                   9
    c 5 (T=0.7): OK ans=                   9
    c 6 (T=0.8): OK ans=                   9
    c 7 (T=0.9): OK ans=                   9
    c 8 (T=1.0): OK ans=                   9
    c 9 (T=1.0): OK ans=                   9
    c10 (T=1.2): OK ans=                   9
    c11 (T=1.2): OK ans=                   9
  Base: OK | Any correct: True | Agreement: 1.00 | Time: 39.8s
[326/500] reason_326

  Task: reason_326 (medium, math)
  Distractor: percentage of percentage
    c 0 (T=0.0): OK ans=                  40
    c 1 (T=0.2): OK ans=                  40
    c 2 (T=0.3): OK ans=                  40
    c 3 (T=0.5): OK ans=                  40
    c 4 (T=0.6): OK ans=                  40
    c 5 (T=0.7): OK ans=                  40
    c 6 (T=0.8): OK ans=                  40
    c 7 (T=0.9): X  ans=                  10
    c 8 (T=1.0): OK ans=                  40
    c 9 (T=1.0): OK ans=                  40
    c10 (T=1.2): OK ans=                  40
    c11 (T=1.2): OK ans=                  40
  Base: OK | Any correct: True | Agreement: 0.92 | Time: 72.1s
[327/500] reason_327

  Task: reason_327 (medium, math)
  Distractor: consecutive integers
    c 0 (T=0.0): OK ans=                  22
    c 1 (T=0.2): OK ans=                  22
    c 2 (T=0.3): OK ans=                  22
    c 3 (T=0.5): OK ans=                  22
    c 4 (T=0.6): OK ans=                  22
    c 5 (T=0.7): OK ans=                  22
    c 6 (T=0.8): OK ans=                  22
    c 7 (T=0.9): OK ans=                  22
    c 8 (T=1.0): OK ans=                  22
    c 9 (T=1.0): OK ans=                  22
    c10 (T=1.2): OK ans=                  22
    c11 (T=1.2): OK ans=                  22
  Base: OK | Any correct: True | Agreement: 1.00 | Time: 63.4s
[328/500] reason_328

  Task: reason_328 (easy, math)
  Distractor: water level
    c 0 (T=0.0): OK ans=                   2
    c 1 (T=0.2): OK ans=                   2
    c 2 (T=0.3): OK ans=                   2
    c 3 (T=0.5): OK ans=                   2
    c 4 (T=0.6): OK ans=                   2
    c 5 (T=0.7): OK ans=                   2
    c 6 (T=0.8): OK ans=                   2
    c 7 (T=0.9): OK ans=                   2
    c 8 (T=1.0): OK ans=                   2
    c 9 (T=1.0): OK ans=                   2
    c10 (T=1.2): OK ans=                   2
    c11 (T=1.2): OK ans=                   2
  Base: OK | Any correct: True | Agreement: 1.00 | Time: 56.8s
[329/500] reason_329

  Task: reason_329 (easy, math)
  Distractor: relative speed
    c 0 (T=0.0): OK ans=                  20
    c 1 (T=0.2): OK ans=                  20
    c 2 (T=0.3): OK ans=                  20
    c 3 (T=0.5): OK ans=                  20
    c 4 (T=0.6): OK ans=                  20
    c 5 (T=0.7): OK ans=                  20
    c 6 (T=0.8): OK ans=                  20
    c 7 (T=0.9): OK ans=                  20
    c 8 (T=1.0): OK ans=                  20
    c 9 (T=1.0): OK ans=                  20
    c10 (T=1.2): OK ans=                  20
    c11 (T=1.2): OK ans=                  20
  Base: OK | Any correct: True | Agreement: 1.00 | Time: 36.2s
[330/500] reason_330

  Task: reason_330 (easy, math)
  Distractor: coin flip
    c 0 (T=0.0): X  ans=                   1
    c 1 (T=0.2): X  ans=                   1
    c 2 (T=0.3): X  ans=                   1
    c 3 (T=0.5): X  ans=                   1
    c 4 (T=0.6): X  ans=                   1
    c 5 (T=0.7): X  ans=                   1
    c 6 (T=0.8): X  ans=                   1
    c 7 (T=0.9): X  ans=                   1
    c 8 (T=1.0): X  ans=                   1
    c 9 (T=1.0): X  ans=                   1
    c10 (T=1.2): X  ans=                   6
    c11 (T=1.2): X  ans=                   1
  Base: X  | Any correct: False | Agreement: 0.92 | Time: 79.2s
[331/500] reason_331

  Task: reason_331 (hard, math)
  Distractor: age trick
    c 0 (T=0.0): OK ans=                  10
    c 1 (T=0.2): OK ans=                  10
    c 2 (T=0.3): OK ans=                  10
    c 3 (T=0.5): OK ans=                  10
    c 4 (T=0.6): OK ans=                  10
    c 5 (T=0.7): OK ans=                  10
    c 6 (T=0.8): OK ans=                  10
    c 7 (T=0.9): OK ans=                  10
    c 8 (T=1.0): OK ans=                  10
    c 9 (T=1.0): OK ans=                  10
    c10 (T=1.2): OK ans=                  10
    c11 (T=1.2): OK ans=                  10
  Base: OK | Any correct: True | Agreement: 1.00 | Time: 76.8s
[332/500] reason_332

  Task: reason_332 (hard, logic)
  Distractor: snail well
    c 0 (T=0.0): X  ans=                   1
    c 1 (T=0.2): X  ans=                   4
    c 2 (T=0.3): X  ans=                   3
    c 3 (T=0.5): OK ans=                   8
    c 4 (T=0.6): X  ans=                   3
    c 5 (T=0.7): X  ans=                  10
    c 6 (T=0.8): X  ans=                   1
    c 7 (T=0.9): X  ans=                   6
    c 8 (T=1.0): X  ans=                   1
    c 9 (T=1.0): X  ans=                   5
    c10 (T=1.2): X  ans=                   4
    c11 (T=1.2): X  ans=                   3
  Base: X  | Any correct: True | Agreement: 0.25 | Time: 84.7s
[333/500] reason_333

  Task: reason_333 (easy, logic)
  Distractor: two fathers two sons
    c 0 (T=0.0): OK ans=                   3
    c 1 (T=0.2): OK ans=                   3
    c 2 (T=0.3): OK ans=                   3
    c 3 (T=0.5): OK ans=                   3
    c 4 (T=0.6): OK ans=                   3
    c 5 (T=0.7): OK ans=                   3
    c 6 (T=0.8): OK ans=                   3
    c 7 (T=0.9): OK ans=                   3
    c 8 (T=1.0): OK ans=                   3
    c 9 (T=1.0): OK ans=                   3
    c10 (T=1.2): OK ans=                   3
    c11 (T=1.2): OK ans=                   3
  Base: OK | Any correct: True | Agreement: 1.00 | Time: 32.7s
[334/500] reason_334

  Task: reason_334 (easy, math)
  Distractor: half of fifth
    c 0 (T=0.0): OK ans=                  20
    c 1 (T=0.2): OK ans=                  20
    c 2 (T=0.3): OK ans=                  20
    c 3 (T=0.5): OK ans=                  20
    c 4 (T=0.6): OK ans=                  20
    c 5 (T=0.7): OK ans=                  20
    c 6 (T=0.8): OK ans=                  20
    c 7 (T=0.9): OK ans=                  20
    c 8 (T=1.0): OK ans=                  20
    c 9 (T=1.0): OK ans=                  20
    c10 (T=1.2): OK ans=                  20
    c11 (T=1.2): OK ans=                  20
  Base: OK | Any correct: True | Agreement: 1.00 | Time: 27.3s
[335/500] reason_335

  Task: reason_335 (medium, math)
  Distractor: growing tree
    c 0 (T=0.0): OK ans=                  28
    c 1 (T=0.2): OK ans=                  28
    c 2 (T=0.3): OK ans=                  28
    c 3 (T=0.5): OK ans=                  28
    c 4 (T=0.6): X  ans=                   7
    c 5 (T=0.7): X  ans=                   7
    c 6 (T=0.8): OK ans=                  28
    c 7 (T=0.9): X  ans=                   7
    c 8 (T=1.0): OK ans=                  28
    c 9 (T=1.0): OK ans=                  28
    c10 (T=1.2): OK ans=                  28
    c11 (T=1.2): OK ans=                  28
  Base: OK | Any correct: True | Agreement: 0.75 | Time: 86.4s
[336/500] reason_336

  Task: reason_336 (medium, math)
  Quadratic vertex
    c 0 (T=0.0): OK ans=                   2
    c 1 (T=0.2): OK ans=                   2
    c 2 (T=0.3): OK ans=                   2
    c 3 (T=0.5): OK ans=                   2
    c 4 (T=0.6): OK ans=                   2
    c 5 (T=0.7): OK ans=                   2
    c 6 (T=0.8): OK ans=                   2
    c 7 (T=0.9): OK ans=                   2
    c 8 (T=1.0): OK ans=                   2
    c 9 (T=1.0): OK ans=                   2
    c10 (T=1.2): OK ans=                   2
    c11 (T=1.2): OK ans=                   2
  Base: OK | Any correct: True | Agreement: 1.00 | Time: 58.3s
[337/500] reason_337

  Task: reason_337 (medium, math)
  Polynomial evaluation
    c 0 (T=0.0): X  ans=                  12
    c 1 (T=0.2): X  ans=                  12
    c 2 (T=0.3): OK ans=                  11
    c 3 (T=0.5): X  ans=                   9
    c 4 (T=0.6): X  ans=                  12
    c 5 (T=0.7): X  ans=                  12
    c 6 (T=0.8): X  ans=                  12
    c 7 (T=0.9): OK ans=                  11
    c 8 (T=1.0): X  ans=                  12
    c 9 (T=1.0): X  ans=                   3
    c10 (T=1.2): OK ans=                  11
    c11 (T=1.2): OK ans=                  11
  Base: X  | Any correct: True | Agreement: 0.50 | Time: 85.3s
[338/500] reason_338

  Task: reason_338 (easy, math)
  Factoring
    c 0 (T=0.0): OK ans=                   1
    c 1 (T=0.2): OK ans=                   1
    c 2 (T=0.3): OK ans=                   1
    c 3 (T=0.5): OK ans=                   1
    c 4 (T=0.6): OK ans=                   1
    c 5 (T=0.7): OK ans=                   1
    c 6 (T=0.8): OK ans=                   1
    c 7 (T=0.9): OK ans=                   1
    c 8 (T=1.0): OK ans=                   1
    c 9 (T=1.0): OK ans=                   1
    c10 (T=1.2): OK ans=                   1
    c11 (T=1.2): OK ans=                   1
  Base: OK | Any correct: True | Agreement: 1.00 | Time: 69.8s
[339/500] reason_339

  Task: reason_339 (easy, math)
  Simultaneous equations
    c 0 (T=0.0): OK ans=                   7
    c 1 (T=0.2): OK ans=                   7
    c 2 (T=0.3): OK ans=                   7
    c 3 (T=0.5): OK ans=                   7
    c 4 (T=0.6): OK ans=                   7
    c 5 (T=0.7): OK ans=                   7
    c 6 (T=0.8): OK ans=                   7
    c 7 (T=0.9): OK ans=                   7
    c 8 (T=1.0): OK ans=                   7
    c 9 (T=1.0): OK ans=                   7
    c10 (T=1.2): OK ans=                   7
    c11 (T=1.2): OK ans=                   7
  Base: OK | Any correct: True | Agreement: 1.00 | Time: 59.5s
[340/500] reason_340

  Task: reason_340 (medium, math)
  Rational expression
    c 0 (T=0.0): OK ans=                   1
    c 1 (T=0.2): X  ans=                   2
    c 2 (T=0.3): OK ans=                   1
    c 3 (T=0.5): X  ans=                   2
    c 4 (T=0.6): X  ans=                   2
    c 5 (T=0.7): X  ans=                   2
    c 6 (T=0.8): X  ans=                   2
    c 7 (T=0.9): X  ans=                   2
    c 8 (T=1.0): OK ans=                   1
    c 9 (T=1.0): X  ans=                   2
    c10 (T=1.2): X  ans=                   2
    c11 (T=1.2): X  ans=                   2
  Base: OK | Any correct: True | Agreement: 0.75 | Time: 87.6s
[341/500] reason_341

  Task: reason_341 (medium, math)
  Exponential growth model
    c 0 (T=0.0): OK ans=                3200
    c 1 (T=0.2): OK ans=                3200
    c 2 (T=0.3): OK ans=                3200
    c 3 (T=0.5): OK ans=                3200
    c 4 (T=0.6): OK ans=                3200
    c 5 (T=0.7): OK ans=                3200
    c 6 (T=0.8): OK ans=                3200
    c 7 (T=0.9): OK ans=                3200
    c 8 (T=1.0): OK ans=                3200
    c 9 (T=1.0): OK ans=                3200
    c10 (T=1.2): OK ans=                3200
    c11 (T=1.2): OK ans=                3200
  Base: OK | Any correct: True | Agreement: 1.00 | Time: 56.4s
[342/500] reason_342

  Task: reason_342 (easy, math)
  Logarithm power rule
    c 0 (T=0.0): OK ans=                   9
    c 1 (T=0.2): OK ans=                   9
    c 2 (T=0.3): OK ans=                   9
    c 3 (T=0.5): OK ans=                   9
    c 4 (T=0.6): OK ans=                   9
    c 5 (T=0.7): OK ans=                   9
    c 6 (T=0.8): OK ans=                   9
    c 7 (T=0.9): OK ans=                   9
    c 8 (T=1.0): OK ans=                   9
    c 9 (T=1.0): OK ans=                   9
    c10 (T=1.2): OK ans=                   9
    c11 (T=1.2): OK ans=                   9
  Base: OK | Any correct: True | Agreement: 1.00 | Time: 51.2s
[343/500] reason_343

  Task: reason_343 (easy, math)
  Absolute value inequality
    c 0 (T=0.0): OK ans=                  11
    c 1 (T=0.2): OK ans=                  11
    c 2 (T=0.3): X  ans=                   5
    c 3 (T=0.5): OK ans=                  11
    c 4 (T=0.6): OK ans=                  11
    c 5 (T=0.7): X  ans=                   5
    c 6 (T=0.8): OK ans=                  11
    c 7 (T=0.9): OK ans=                  11
    c 8 (T=1.0): OK ans=                  11
    c 9 (T=1.0): OK ans=                  11
    c10 (T=1.2): OK ans=                  11
    c11 (T=1.2): OK ans=                  11
  Base: OK | Any correct: True | Agreement: 0.83 | Time: 70.1s
[344/500] reason_344

  Task: reason_344 (easy, math)
  Composite function
    c 0 (T=0.0): OK ans=                  16
    c 1 (T=0.2): OK ans=                  16
    c 2 (T=0.3): OK ans=                  16
    c 3 (T=0.5): OK ans=                  16
    c 4 (T=0.6): OK ans=                  16
    c 5 (T=0.7): OK ans=                  16
    c 6 (T=0.8): OK ans=                  16
    c 7 (T=0.9): OK ans=                  16
    c 8 (T=1.0): OK ans=                  16
    c 9 (T=1.0): OK ans=                  16
    c10 (T=1.2): OK ans=                  16
    c11 (T=1.2): OK ans=                  16
  Base: OK | Any correct: True | Agreement: 1.00 | Time: 40.8s
[345/500] reason_345

  Task: reason_345 (medium, math)
  Inverse proportion
    c 0 (T=0.0): OK ans=                  25
    c 1 (T=0.2): OK ans=                  25
    c 2 (T=0.3): OK ans=                  25
    c 3 (T=0.5): OK ans=                  25
    c 4 (T=0.6): OK ans=                  25
    c 5 (T=0.7): OK ans=                  25
    c 6 (T=0.8): OK ans=                  25
    c 7 (T=0.9): OK ans=                  25
    c 8 (T=1.0): OK ans=                  25
    c 9 (T=1.0): OK ans=                  25
    c10 (T=1.2): OK ans=                  25
    c11 (T=1.2): OK ans=                  25
  Base: OK | Any correct: True | Agreement: 1.00 | Time: 61.4s
[346/500] reason_346

  Task: reason_346 (medium, math)
  Arithmetic sequence sum
    c 0 (T=0.0): X  ans=                   3
    c 1 (T=0.2): X  ans=                   2
    c 2 (T=0.3): X  ans=                  20
    c 3 (T=0.5): X  ans=                  10
    c 4 (T=0.6): OK ans=                 820
    c 5 (T=0.7): X  ans=                  20
    c 6 (T=0.8): X  ans=                   3
    c 7 (T=0.9): X  ans=                   3
    c 8 (T=1.0): X  ans=                   3
    c 9 (T=1.0): X  ans=                  20
    c10 (T=1.2): OK ans=                 820
    c11 (T=1.2): X  ans=                  20
  Base: X  | Any correct: True | Agreement: 0.33 | Time: 87.7s
[347/500] reason_347

  Task: reason_347 (easy, math)
  Geometric sequence sum
    c 0 (T=0.0): OK ans=                  63
    c 1 (T=0.2): OK ans=                  63
    c 2 (T=0.3): OK ans=                  63
    c 3 (T=0.5): OK ans=                  63
    c 4 (T=0.6): OK ans=                  63
    c 5 (T=0.7): OK ans=                  63
    c 6 (T=0.8): OK ans=                  63
    c 7 (T=0.9): OK ans=                  63
    c 8 (T=1.0): OK ans=                  63
    c 9 (T=1.0): OK ans=                  63
    c10 (T=1.2): OK ans=                  63
    c11 (T=1.2): OK ans=                  63
  Base: OK | Any correct: True | Agreement: 1.00 | Time: 50.0s
[348/500] reason_348

  Task: reason_348 (hard, math)
  Remainder theorem
    c 0 (T=0.0): OK ans=                   0
    c 1 (T=0.2): OK ans=                   0
    c 2 (T=0.3): OK ans=                   0
    c 3 (T=0.5): OK ans=                   0
    c 4 (T=0.6): OK ans=                   0
    c 5 (T=0.7): OK ans=                   0
    c 6 (T=0.8): OK ans=                   0
    c 7 (T=0.9): OK ans=                   0
    c 8 (T=1.0): OK ans=                   0
    c 9 (T=1.0): OK ans=                   0
    c10 (T=1.2): OK ans=                   0
    c11 (T=1.2): OK ans=                   0
  Base: OK | Any correct: True | Agreement: 1.00 | Time: 71.4s
[349/500] reason_349

  Task: reason_349 (medium, math)
  Factor theorem
    c 0 (T=0.0): OK ans=                 yes
    c 1 (T=0.2): OK ans=                 yes
    c 2 (T=0.3): OK ans=                 yes
    c 3 (T=0.5): OK ans=                 Yes
    c 4 (T=0.6): OK ans=                 yes
    c 5 (T=0.7): OK ans=                 yes
    c 6 (T=0.8): OK ans=                 yes
    c 7 (T=0.9): X  ans=                   0
    c 8 (T=1.0): OK ans=                 Yes
    c 9 (T=1.0): OK ans=                 yes
    c10 (T=1.2): OK ans=                 Yes
    c11 (T=1.2): OK ans=                 yes
  Base: OK | Any correct: True | Agreement: 0.67 | Time: 78.2s
[350/500] reason_350

  Task: reason_350 (hard, math)
  Synthetic division
    c 0 (T=0.0): X  ans=                  -2
    c 1 (T=0.2): X  ans=                  -2
    c 2 (T=0.3): X  ans=                  -2
    c 3 (T=0.5): X  ans=                  -2
    c 4 (T=0.6): X  ans=                  4.
    c 5 (T=0.7): X  ans=                  10
    c 6 (T=0.8): X  ans=                  10
    c 7 (T=0.9): X  ans=                  -2
    c 8 (T=1.0): X  ans=                  -2
    c 9 (T=1.0): X  ans=                  -2
    c10 (T=1.2): X  ans=                  -2
    c11 (T=1.2): X  ans=                  -2
  Base: X  | Any correct: False | Agreement: 0.75 | Time: 88.5s

============================================================
  INTERIM DIAGNOSTIC: N=350
============================================================
  Oracle@ 2: 195/350 = 55.7%
  Oracle@ 4: 222/350 = 63.4%
  Oracle@ 6: 239/350 = 68.3%
  Oracle@ 8: 247/350 = 70.6%
  Oracle@12: 255/350 = 72.9%
  Base correct: 173/350 = 49.4%
  Any correct:   255/350 = 72.9%
  Rescue avail:  82/350 = 23.4%
  Categories: {'math': 218, 'sequence': 40, 'logic': 56, 'combinatorics': 36}
  Difficulty:  {'easy': 95, 'medium': 146, 'hard': 109}
[351/500] reason_351

  Task: reason_351 (medium, logic)
  Logic grid puzzle
    c 0 (T=0.0): OK ans=                bird
    c 1 (T=0.2): X  ans=              bird**
    c 2 (T=0.3): OK ans=                bird
    c 3 (T=0.5): OK ans=                bird
    c 4 (T=0.6): X  ans=              bird**
    c 5 (T=0.7): OK ans=                bird
    c 6 (T=0.8): OK ans=                bird
    c 7 (T=0.9): X  ans=                   2
    c 8 (T=1.0): OK ans=                bird
    c 9 (T=1.0): OK ans=                bird
    c10 (T=1.2): OK ans=                bird
    c11 (T=1.2): X  ans=                   2
  Base: OK | Any correct: True | Agreement: 0.67 | Time: 62.4s
[352/500] reason_352

  Task: reason_352 (hard, logic)
  Four person constraint
    c 0 (T=0.0): OK ans=                   2
    c 1 (T=0.2): OK ans=                   2
    c 2 (T=0.3): OK ans=                   2
    c 3 (T=0.5): OK ans=                   2
    c 4 (T=0.6): OK ans=                   2
    c 5 (T=0.7): X  ans=                   1
    c 6 (T=0.8): X  ans=                  3.
    c 7 (T=0.9): X  ans=                   3
    c 8 (T=1.0): X  ans=                   4
    c 9 (T=1.0): OK ans=                   2
    c10 (T=1.2): X  ans=                   3
    c11 (T=1.2): X  ans=                   3
  Base: OK | Any correct: True | Agreement: 0.50 | Time: 88.5s
[353/500] reason_353

  Task: reason_353 (easy, logic)
  Conditional with negation
    c 0 (T=0.0): OK ans=                  no
    c 1 (T=0.2): X  ans=                 yes
    c 2 (T=0.3): OK ans=                  no
    c 3 (T=0.5): OK ans=                  no
    c 4 (T=0.6): OK ans=                  no
    c 5 (T=0.7): OK ans=                  no
    c 6 (T=0.8): OK ans=                  no
    c 7 (T=0.9): X  ans=                  4.
    c 8 (T=1.0): X  ans=                  4.
    c 9 (T=1.0): OK ans=                  no
    c10 (T=1.2): OK ans=                  no
    c11 (T=1.2): OK ans=                  no
  Base: OK | Any correct: True | Agreement: 0.75 | Time: 74.6s
[354/500] reason_354

  Task: reason_354 (medium, logic)
  Boolean expression evaluation
    c 0 (T=0.0): X  ans=                  4.
    c 1 (T=0.2): OK ans=                true
    c 2 (T=0.3): OK ans=                true
    c 3 (T=0.5): X  ans=                  4.
    c 4 (T=0.6): OK ans=                true
    c 5 (T=0.7): OK ans=                true
    c 6 (T=0.8): OK ans=                true
    c 7 (T=0.9): X  ans=                  4.
    c 8 (T=1.0): OK ans=                true
    c 9 (T=1.0): OK ans=                true
    c10 (T=1.2): OK ans=                true
    c11 (T=1.2): X  ans=                   5
  Base: X  | Any correct: True | Agreement: 0.67 | Time: 70.1s
[355/500] reason_355

  Task: reason_355 (easy, logic)
  Set operation
    c 0 (T=0.0): OK ans=                   6
    c 1 (T=0.2): OK ans=                   6
    c 2 (T=0.3): OK ans=                   6
    c 3 (T=0.5): OK ans=                   6
    c 4 (T=0.6): OK ans=                   6
    c 5 (T=0.7): OK ans=                   6
    c 6 (T=0.8): OK ans=                   6
    c 7 (T=0.9): OK ans=                   6
    c 8 (T=1.0): OK ans=                   6
    c 9 (T=1.0): OK ans=                   6
    c10 (T=1.2): X  ans=                  5.
    c11 (T=1.2): OK ans=                   6
  Base: OK | Any correct: True | Agreement: 0.92 | Time: 64.2s
[356/500] reason_356

  Task: reason_356 (easy, logic)
  Set difference
    c 0 (T=0.0): X  ans=                   5
    c 1 (T=0.2): OK ans=                   3
    c 2 (T=0.3): OK ans=                   3
    c 3 (T=0.5): OK ans=                   3
    c 4 (T=0.6): OK ans=                   3
    c 5 (T=0.7): OK ans=                   3
    c 6 (T=0.8): X  ans=                  5.
    c 7 (T=0.9): OK ans=                   3
    c 8 (T=1.0): OK ans=                   3
    c 9 (T=1.0): OK ans=                   3
    c10 (T=1.2): OK ans=                   3
    c11 (T=1.2): OK ans=                   3
  Base: X  | Any correct: True | Agreement: 0.83 | Time: 80.4s
[357/500] reason_357

  Task: reason_357 (easy, logic)
  Power set size
    c 0 (T=0.0): OK ans=                  16
    c 1 (T=0.2): OK ans=                  16
    c 2 (T=0.3): OK ans=                  16
    c 3 (T=0.5): OK ans=                  16
    c 4 (T=0.6): OK ans=                  16
    c 5 (T=0.7): OK ans=                  16
    c 6 (T=0.8): OK ans=                  16
    c 7 (T=0.9): OK ans=                  16
    c 8 (T=1.0): OK ans=                  16
    c 9 (T=1.0): OK ans=                  16
    c10 (T=1.2): OK ans=                  16
    c11 (T=1.2): OK ans=                  16
  Base: OK | Any correct: True | Agreement: 1.00 | Time: 43.1s
[358/500] reason_358

  Task: reason_358 (easy, logic)
  Cartesian product
    c 0 (T=0.0): X  ans=                   5
    c 1 (T=0.2): OK ans=                   6
    c 2 (T=0.3): OK ans=                   6
    c 3 (T=0.5): OK ans=                   6
    c 4 (T=0.6): X  ans=                   3
    c 5 (T=0.7): X  ans=                   1
    c 6 (T=0.8): X  ans=                   3
    c 7 (T=0.9): OK ans=                   6
    c 8 (T=1.0): OK ans=                   6
    c 9 (T=1.0): X  ans=                  4.
    c10 (T=1.2): OK ans=                   6
    c11 (T=1.2): OK ans=                   6
  Base: X  | Any correct: True | Agreement: 0.58 | Time: 79.4s
[359/500] reason_359

  Task: reason_359 (easy, logic)
  Tautology check
    c 0 (T=0.0): OK ans=                 yes
    c 1 (T=0.2): OK ans=                 yes
    c 2 (T=0.3): OK ans=                 yes
    c 3 (T=0.5): X  ans=                   3
    c 4 (T=0.6): OK ans=                 yes
    c 5 (T=0.7): X  ans=                   3
    c 6 (T=0.8): OK ans=                 yes
    c 7 (T=0.9): OK ans=                 yes
    c 8 (T=1.0): OK ans=                 yes
    c 9 (T=1.0): OK ans=                 Yes
    c10 (T=1.2): X  ans=                   4
    c11 (T=1.2): OK ans=                 yes
  Base: OK | Any correct: True | Agreement: 0.67 | Time: 70.2s
[360/500] reason_360

  Task: reason_360 (easy, logic)
  Contradiction check
    c 0 (T=0.0): X  ans=                   4
    c 1 (T=0.2): X  ans=                   4
    c 2 (T=0.3): X  ans=                  5.
    c 3 (T=0.5): X  ans=                   3
    c 4 (T=0.6): X  ans=(P AND NOT P) is fal
    c 5 (T=0.7): X  ans=                  4.
    c 6 (T=0.8): X  ans=                  4.
    c 7 (T=0.9): X  ans=                   3
    c 8 (T=1.0): OK ans=                 yes
    c 9 (T=1.0): OK ans=                 yes
    c10 (T=1.2): X  ans=                  3.
    c11 (T=1.2): OK ans=                 yes
  Base: X  | Any correct: True | Agreement: 0.25 | Time: 83.4s
[361/500] reason_361

  Task: reason_361 (hard, math)
  Poisson approximation
    c 0 (T=0.0): X  ans=                   2
    c 1 (T=0.2): X  ans=                   2
    c 2 (T=0.3): X  ans=                   2
    c 3 (T=0.5): X  ans=                   2
    c 4 (T=0.6): X  ans=                   2
    c 5 (T=0.7): X  ans=                   2
    c 6 (T=0.8): X  ans=                   2
    c 7 (T=0.9): X  ans=                   2
    c 8 (T=1.0): X  ans=             0.13534
    c 9 (T=1.0): X  ans=                   2
    c10 (T=1.2): X  ans=                   2
    c11 (T=1.2): X  ans=                   2
  Base: X  | Any correct: False | Agreement: 0.92 | Time: 88.5s
[362/500] reason_362

  Task: reason_362 (medium, math)
  Normal distribution
    c 0 (T=0.0): X  ans=                   1
    c 1 (T=0.2): X  ans=                   1
    c 2 (T=0.3): X  ans=                  -1
    c 3 (T=0.5): X  ans=                   1
    c 4 (T=0.6): X  ans=                   0
    c 5 (T=0.7): X  ans=                  -1
    c 6 (T=0.8): X  ans=                  -1
    c 7 (T=0.9): X  ans=                  -1
    c 8 (T=1.0): X  ans=                   1
    c 9 (T=1.0): X  ans=                  -1
    c10 (T=1.2): X  ans=                  -1
    c11 (T=1.2): X  ans=                  -1
  Base: X  | Any correct: False | Agreement: 0.58 | Time: 88.5s
[363/500] reason_363

  Task: reason_363 (hard, math)
  Bayes theorem 2
    c 0 (T=0.0): X  ans=                0.05
    c 1 (T=0.2): X  ans=                0.05
    c 2 (T=0.3): X  ans=                0.05
    c 3 (T=0.5): X  ans=                0.05
    c 4 (T=0.6): X  ans=                0.05
    c 5 (T=0.7): X  ans=                0.05
    c 6 (T=0.8): X  ans=                0.05
    c 7 (T=0.9): X  ans=                0.05
    c 8 (T=1.0): X  ans=                0.05
    c 9 (T=1.0): X  ans=                0.05
    c10 (T=1.2): X  ans=                0.05
    c11 (T=1.2): X  ans=                0.02
  Base: X  | Any correct: False | Agreement: 0.92 | Time: 88.8s
[364/500] reason_364

  Task: reason_364 (easy, math)
  Independent events
    c 0 (T=0.0): OK ans=                0.12
    c 1 (T=0.2): OK ans=                0.12
    c 2 (T=0.3): OK ans=                0.12
    c 3 (T=0.5): OK ans=                0.12
    c 4 (T=0.6): OK ans=                0.12
    c 5 (T=0.7): OK ans=                0.12
    c 6 (T=0.8): OK ans=                0.12
    c 7 (T=0.9): OK ans=                0.12
    c 8 (T=1.0): OK ans=                0.12
    c 9 (T=1.0): OK ans=                0.12
    c10 (T=1.2): OK ans=                0.12
    c11 (T=1.2): OK ans=                0.12
  Base: OK | Any correct: True | Agreement: 1.00 | Time: 64.3s
[365/500] reason_365

  Task: reason_365 (easy, math)
  Mutually exclusive
    c 0 (T=0.0): OK ans=                 0.7
    c 1 (T=0.2): OK ans=                 0.7
    c 2 (T=0.3): OK ans=                 0.7
    c 3 (T=0.5): OK ans=                 0.7
    c 4 (T=0.6): X  ans=                   3
    c 5 (T=0.7): X  ans=                 0.3
    c 6 (T=0.8): OK ans=                 0.7
    c 7 (T=0.9): OK ans=                 0.7
    c 8 (T=1.0): OK ans=                 0.7
    c 9 (T=1.0): X  ans=                 0.3
    c10 (T=1.2): X  ans=                 0.3
    c11 (T=1.2): OK ans=                 0.7
  Base: OK | Any correct: True | Agreement: 0.67 | Time: 73.6s
[366/500] reason_366

  Task: reason_366 (hard, math)
  Conditional probability table
    c 0 (T=0.0): X  ans=                 0.4
    c 1 (T=0.2): X  ans=                 0.4
    c 2 (T=0.3): X  ans=                 0.4
    c 3 (T=0.5): X  ans=                 0.3
    c 4 (T=0.6): X  ans=                   1
    c 5 (T=0.7): X  ans=                   1
    c 6 (T=0.8): X  ans=                   1
    c 7 (T=0.9): X  ans=                   1
    c 8 (T=1.0): X  ans=                   1
    c 9 (T=1.0): X  ans=                   1
    c10 (T=1.2): X  ans=                   1
    c11 (T=1.2): X  ans=                 0.3
  Base: X  | Any correct: False | Agreement: 0.58 | Time: 88.5s
[367/500] reason_367

  Task: reason_367 (medium, math)
  Expected value game
    c 0 (T=0.0): X  ans=                   6
    c 1 (T=0.2): X  ans=                   6
    c 2 (T=0.3): X  ans=                   6
    c 3 (T=0.5): X  ans=                   6
    c 4 (T=0.6): X  ans=                   6
    c 5 (T=0.7): X  ans=                  3.
    c 6 (T=0.8): X  ans=                   1
    c 7 (T=0.9): X  ans=                 1/6
    c 8 (T=1.0): X  ans=                -0.5
    c 9 (T=1.0): X  ans=                   6
    c10 (T=1.2): X  ans=                   3
    c11 (T=1.2): X  ans=                   6
  Base: X  | Any correct: False | Agreement: 0.58 | Time: 88.1s
[368/500] reason_368

  Task: reason_368 (hard, math)
  Hypergeometric
    c 0 (T=0.0): X  ans=                1140
    c 1 (T=0.2): X  ans=                1140
    c 2 (T=0.3): X  ans=                1140
    c 3 (T=0.5): X  ans=                1140
    c 4 (T=0.6): X  ans=                   5
    c 5 (T=0.7): X  ans=                  18
    c 6 (T=0.8): X  ans=                1140
    c 7 (T=0.9): X  ans=                1140
    c 8 (T=1.0): X  ans=                   5
    c 9 (T=1.0): X  ans=                1140
    c10 (T=1.2): X  ans=                  15
    c11 (T=1.2): X  ans=                   1
  Base: X  | Any correct: False | Agreement: 0.58 | Time: 88.6s
[369/500] reason_369

  Task: reason_369 (easy, math)
  Uniform distribution
    c 0 (T=0.0): X  ans=                   3
    c 1 (T=0.2): X  ans=                   3
    c 2 (T=0.3): X  ans=                   3
    c 3 (T=0.5): X  ans=                   3
    c 4 (T=0.6): X  ans=                   0
    c 5 (T=0.7): X  ans=                  10
    c 6 (T=0.8): X  ans=                   0
    c 7 (T=0.9): X  ans=                   0
    c 8 (T=1.0): X  ans=                   2
    c 9 (T=1.0): X  ans=                   0
    c10 (T=1.2): X  ans=                   0
    c11 (T=1.2): X  ans=                   1
  Base: X  | Any correct: False | Agreement: 0.42 | Time: 88.7s
[370/500] reason_370

  Task: reason_370 (hard, math)
  Markov chain
    c 0 (T=0.0): X  ans=                   0
    c 1 (T=0.2): X  ans=                 0.6
    c 2 (T=0.3): X  ans=                 0.6
    c 3 (T=0.5): X  ans=                 0.7
    c 4 (T=0.6): X  ans=                 0.6
    c 5 (T=0.7): X  ans=                 0.6
    c 6 (T=0.8): X  ans=                 0.6
    c 7 (T=0.9): X  ans=                 0.6
    c 8 (T=1.0): X  ans=                 0.4
    c 9 (T=1.0): X  ans=                 0.7
    c10 (T=1.2): X  ans=                 0.6
    c11 (T=1.2): X  ans=                   2
  Base: X  | Any correct: False | Agreement: 0.58 | Time: 89.0s
[371/500] reason_371

  Task: reason_371 (hard, combinatorics)
  Permutation with identical
    c 0 (T=0.0): X  ans=                   3
    c 1 (T=0.2): X  ans=                   3
    c 2 (T=0.3): X  ans=                   3
    c 3 (T=0.5): X  ans=                   3
    c 4 (T=0.6): X  ans=                   1
    c 5 (T=0.7): X  ans=                   1
    c 6 (T=0.8): X  ans=                   6
    c 7 (T=0.9): X  ans=                   6
    c 8 (T=1.0): X  ans=                   1
    c 9 (T=1.0): X  ans=                   3
    c10 (T=1.2): OK ans=                  60
    c11 (T=1.2): X  ans=                   6
  Base: X  | Any correct: True | Agreement: 0.42 | Time: 88.3s
[372/500] reason_372

  Task: reason_372 (hard, combinatorics)
  Committee with constraint
    c 0 (T=0.0): X  ans=                 210
    c 1 (T=0.2): X  ans=                  15
    c 2 (T=0.3): X  ans=                 210
    c 3 (T=0.5): X  ans=                   4
    c 4 (T=0.6): X  ans=                   6
    c 5 (T=0.7): X  ans=                  15
    c 6 (T=0.8): X  ans=                  15
    c 7 (T=0.9): X  ans=                  20
    c 8 (T=1.0): X  ans=                   4
    c 9 (T=1.0): X  ans=                   4
    c10 (T=1.2): X  ans=                  15
    c11 (T=1.2): X  ans=                   4
  Base: X  | Any correct: False | Agreement: 0.33 | Time: 88.5s
[373/500] reason_373

  Task: reason_373 (hard, combinatorics)
  Circular permutation
    c 0 (T=0.0): OK ans=                  12
    c 1 (T=0.2): X  ans=                   5
    c 2 (T=0.3): OK ans=                  12
    c 3 (T=0.5): OK ans=                  12
    c 4 (T=0.6): X  ans=                   2
    c 5 (T=0.7): X  ans=                   5
    c 6 (T=0.8): X  ans=                  24
    c 7 (T=0.9): OK ans=                  12
    c 8 (T=1.0): X  ans=                   4
    c 9 (T=1.0): X  ans=                   5
    c10 (T=1.2): X  ans=                   2
    c11 (T=1.2): OK ans=                  12
  Base: OK | Any correct: True | Agreement: 0.42 | Time: 85.5s
[374/500] reason_374

  Task: reason_374 (medium, combinatorics)
  Distribution identical
    c 0 (T=0.0): X  ans=                   5
    c 1 (T=0.2): X  ans=                   5
    c 2 (T=0.3): X  ans=                   5
    c 3 (T=0.5): X  ans=                   5
    c 4 (T=0.6): X  ans=                   5
    c 5 (T=0.7): X  ans=                   5
    c 6 (T=0.8): X  ans=                   5
    c 7 (T=0.9): X  ans=                   5
    c 8 (T=1.0): X  ans=                  -2
    c 9 (T=1.0): OK ans=                  21
    c10 (T=1.2): OK ans=                  21
    c11 (T=1.2): X  ans=                   5
  Base: X  | Any correct: True | Agreement: 0.75 | Time: 88.4s
[375/500] reason_375

  Task: reason_375 (medium, combinatorics)
  Binary strings
    c 0 (T=0.0): OK ans=                  15
    c 1 (T=0.2): X  ans=                   4
    c 2 (T=0.3): OK ans=                  15
    c 3 (T=0.5): OK ans=                  15
    c 4 (T=0.6): X  ans=                   6
    c 5 (T=0.7): X  ans=                   6
    c 6 (T=0.8): OK ans=                  15
    c 7 (T=0.9): X  ans=                   6
    c 8 (T=1.0): X  ans=                   1
    c 9 (T=1.0): X  ans=                   2
    c10 (T=1.2): OK ans=                  15
    c11 (T=1.2): X  ans=                   6
  Base: OK | Any correct: True | Agreement: 0.42 | Time: 85.2s
[376/500] reason_376

  Task: reason_376 (hard, combinatorics)
  Binary strings no consecutive
    c 0 (T=0.0): X  ans=                  -1
    c 1 (T=0.2): X  ans=                  -1
    c 2 (T=0.3): X  ans=                   2
    c 3 (T=0.5): X  ans=                   2
    c 4 (T=0.6): X  ans=                  -1
    c 5 (T=0.7): X  ans=                   2
    c 6 (T=0.8): X  ans=                  -2
    c 7 (T=0.9): X  ans=                  -1
    c 8 (T=1.0): X  ans=                   1
    c 9 (T=1.0): X  ans=                  -1
    c10 (T=1.2): X  ans=                   2
    c11 (T=1.2): X  ans=                   2
  Base: X  | Any correct: False | Agreement: 0.42 | Time: 88.3s
[377/500] reason_377

  Task: reason_377 (hard, combinatorics)
  Subset sum count
    c 0 (T=0.0): OK ans=                   7
    c 1 (T=0.2): X  ans=                  32
    c 2 (T=0.3): X  ans=                  32
    c 3 (T=0.5): X  ans=                  10
    c 4 (T=0.6): X  ans=                  11
    c 5 (T=0.7): X  ans=                   5
    c 6 (T=0.8): X  ans=                   6
    c 7 (T=0.9): X  ans=                   4
    c 8 (T=1.0): X  ans=                   3
    c 9 (T=1.0): X  ans=                   2
    c10 (T=1.2): X  ans=                  32
    c11 (T=1.2): X  ans=                  12
  Base: OK | Any correct: True | Agreement: 0.25 | Time: 88.5s
[378/500] reason_378

  Task: reason_378 (medium, combinatorics)
  Inclusion exclusion 2
    c 0 (T=0.0): OK ans=                   5
    c 1 (T=0.2): OK ans=                   5
    c 2 (T=0.3): X  ans=                  25
    c 3 (T=0.5): OK ans=                   5
    c 4 (T=0.6): OK ans=                   5
    c 5 (T=0.7): X  ans=                  35
    c 6 (T=0.8): OK ans=                   5
    c 7 (T=0.9): OK ans=                   5
    c 8 (T=1.0): X  ans=                  25
    c 9 (T=1.0): OK ans=                   5
    c10 (T=1.2): X  ans=                  25
    c11 (T=1.2): X  ans=                  35
  Base: OK | Any correct: True | Agreement: 0.58 | Time: 80.1s
[379/500] reason_379

  Task: reason_379 (medium, combinatorics)
  Generating function
    c 0 (T=0.0): X  ans=                   1
    c 1 (T=0.2): X  ans=                   0
    c 2 (T=0.3): X  ans=                  10
    c 3 (T=0.5): X  ans=                   3
    c 4 (T=0.6): X  ans=                   0
    c 5 (T=0.7): X  ans=                  10
    c 6 (T=0.8): X  ans=                   1
    c 7 (T=0.9): OK ans=                   4
    c 8 (T=1.0): X  ans=                   1
    c 9 (T=1.0): X  ans=                   2
    c10 (T=1.2): X  ans=                   0
    c11 (T=1.2): X  ans=                   0
  Base: X  | Any correct: True | Agreement: 0.33 | Time: 88.2s
[380/500] reason_380

  Task: reason_380 (hard, combinatorics)
  Partition with constraint
    c 0 (T=0.0): X  ans=                   8
    c 1 (T=0.2): X  ans=                   9
    c 2 (T=0.3): OK ans=                  36
    c 3 (T=0.5): X  ans=                   7
    c 4 (T=0.6): X  ans=                   7
    c 5 (T=0.7): X  ans=              \(a'\)
    c 6 (T=0.8): X  ans=                   2
    c 7 (T=0.9): X  ans=                   7
    c 8 (T=1.0): X  ans=                   7
    c 9 (T=1.0): X  ans=                   7
    c10 (T=1.2): X  ans=                   7
    c11 (T=1.2): X  ans=                  \[
  Base: X  | Any correct: True | Agreement: 0.50 | Time: 88.4s
[381/500] reason_381

  Task: reason_381 (easy, sequence)
  Geometric mean sequence
    c 0 (T=0.0): OK ans=                 162
    c 1 (T=0.2): OK ans=                 162
    c 2 (T=0.3): OK ans=                 162
    c 3 (T=0.5): OK ans=                 162
    c 4 (T=0.6): OK ans=                 162
    c 5 (T=0.7): OK ans=                 162
    c 6 (T=0.8): OK ans=                 162
    c 7 (T=0.9): OK ans=                 162
    c 8 (T=1.0): OK ans=                 162
    c 9 (T=1.0): OK ans=                 162
    c10 (T=1.2): OK ans=                 162
    c11 (T=1.2): OK ans=                 162
  Base: OK | Any correct: True | Agreement: 1.00 | Time: 68.8s
[382/500] reason_382

  Task: reason_382 (easy, sequence)
  Difference of differences
    c 0 (T=0.0): OK ans=                 128
    c 1 (T=0.2): OK ans=                 128
    c 2 (T=0.3): OK ans=                 128
    c 3 (T=0.5): OK ans=                 128
    c 4 (T=0.6): OK ans=                 128
    c 5 (T=0.7): OK ans=                 128
    c 6 (T=0.8): OK ans=                 128
    c 7 (T=0.9): OK ans=                 128
    c 8 (T=1.0): OK ans=                 128
    c 9 (T=1.0): OK ans=                 128
    c10 (T=1.2): OK ans=                 128
    c11 (T=1.2): OK ans=                 128
  Base: OK | Any correct: True | Agreement: 1.00 | Time: 79.9s
[383/500] reason_383

  Task: reason_383 (hard, sequence)
  Catalan sequence
    c 0 (T=0.0): X  ans=                  14
    c 1 (T=0.2): X  ans=                 24.
    c 2 (T=0.3): X  ans=                  79
    c 3 (T=0.5): X  ans=                   6
    c 4 (T=0.6): X  ans=                   0
    c 5 (T=0.7): X  ans=                   6
    c 6 (T=0.8): X  ans=                  79
    c 7 (T=0.9): X  ans=                  12
    c 8 (T=1.0): X  ans=                  14
    c 9 (T=1.0): X  ans=                 2.5
    c10 (T=1.2): X  ans=                  14
    c11 (T=1.2): X  ans=                   5
  Base: X  | Any correct: False | Agreement: 0.25 | Time: 86.9s
[384/500] reason_384

  Task: reason_384 (hard, sequence)
  Tribonacci extended
    c 0 (T=0.0): X  ans=                  11
    c 1 (T=0.2): X  ans=                   5
    c 2 (T=0.3): X  ans=                  24
    c 3 (T=0.5): X  ans=                   5
    c 4 (T=0.6): X  ans=                  24
    c 5 (T=0.7): X  ans=                  -1
    c 6 (T=0.8): X  ans=                  11
    c 7 (T=0.9): X  ans=                   5
    c 8 (T=1.0): X  ans=                   2
    c 9 (T=1.0): X  ans=                   6
    c10 (T=1.2): X  ans=                  11
    c11 (T=1.2): X  ans=                   2
  Base: X  | Any correct: False | Agreement: 0.25 | Time: 88.5s
[385/500] reason_385

  Task: reason_385 (hard, sequence)
  Pell extended
    c 0 (T=0.0): X  ans=                  24
    c 1 (T=0.2): X  ans=                  24
    c 2 (T=0.3): X  ans=                   2
    c 3 (T=0.5): X  ans=                   7
    c 4 (T=0.6): X  ans=                   7
    c 5 (T=0.7): X  ans=                   1
    c 6 (T=0.8): X  ans=                   5
    c 7 (T=0.9): X  ans=                   2
    c 8 (T=1.0): X  ans=                  14
    c 9 (T=1.0): X  ans=                  40
    c10 (T=1.2): X  ans=                   1
    c11 (T=1.2): X  ans=                  41
  Base: X  | Any correct: False | Agreement: 0.17 | Time: 88.4s
[386/500] reason_386

  Task: reason_386 (medium, math)
  Sum of first n squares
    c 0 (T=0.0): X  ans=                  14
    c 1 (T=0.2): OK ans=                  91
    c 2 (T=0.3): OK ans=                  91
    c 3 (T=0.5): X  ans=                  14
    c 4 (T=0.6): X  ans=                  14
    c 5 (T=0.7): X  ans=                  14
    c 6 (T=0.8): OK ans=                  91
    c 7 (T=0.9): OK ans=                  91
    c 8 (T=1.0): X  ans=                  14
    c 9 (T=1.0): X  ans=                  14
    c10 (T=1.2): OK ans=                  91
    c11 (T=1.2): OK ans=                  91
  Base: X  | Any correct: True | Agreement: 0.50 | Time: 72.7s
[387/500] reason_387

  Task: reason_387 (medium, math)
  Sum of first n cubes
    c 0 (T=0.0): OK ans=                 100
    c 1 (T=0.2): OK ans=                 100
    c 2 (T=0.3): OK ans=                 100
    c 3 (T=0.5): OK ans=                 100
    c 4 (T=0.6): OK ans=                 100
    c 5 (T=0.7): OK ans=                 100
    c 6 (T=0.8): OK ans=                 100
    c 7 (T=0.9): OK ans=                 100
    c 8 (T=1.0): OK ans=                 100
    c 9 (T=1.0): OK ans=                 100
    c10 (T=1.2): OK ans=                 100
    c11 (T=1.2): OK ans=                 100
  Base: OK | Any correct: True | Agreement: 1.00 | Time: 62.1s
[388/500] reason_388

  Task: reason_388 (easy, sequence)
  Alternating signs
    c 0 (T=0.0): OK ans=                   7
    c 1 (T=0.2): OK ans=                   7
    c 2 (T=0.3): OK ans=                   7
    c 3 (T=0.5): X  ans=                  -7
    c 4 (T=0.6): X  ans=                  -7
    c 5 (T=0.7): OK ans=                   7
    c 6 (T=0.8): OK ans=                   7
    c 7 (T=0.9): OK ans=                   7
    c 8 (T=1.0): X  ans=                   6
    c 9 (T=1.0): OK ans=                   7
    c10 (T=1.2): OK ans=                   7
    c11 (T=1.2): OK ans=                   7
  Base: OK | Any correct: True | Agreement: 0.75 | Time: 74.7s
[389/500] reason_389

  Task: reason_389 (medium, sequence)
  Product sequence
    c 0 (T=0.0): X  ans=                   1
    c 1 (T=0.2): OK ans=                5040
    c 2 (T=0.3): X  ans=                   4
    c 3 (T=0.5): X  ans=                 120
    c 4 (T=0.6): X  ans=                 720
    c 5 (T=0.7): OK ans=                5040
    c 6 (T=0.8): OK ans=                5040
    c 7 (T=0.9): X  ans=                   3
    c 8 (T=1.0): X  ans=                 120
    c 9 (T=1.0): X  ans=                   5
    c10 (T=1.2): OK ans=                5040
    c11 (T=1.2): X  ans=                   7
  Base: X  | Any correct: True | Agreement: 0.33 | Time: 86.0s
[390/500] reason_390

  Task: reason_390 (easy, sequence)
  Half each time
    c 0 (T=0.0): OK ans=                62.5
    c 1 (T=0.2): OK ans=                62.5
    c 2 (T=0.3): OK ans=                62.5
    c 3 (T=0.5): OK ans=                62.5
    c 4 (T=0.6): OK ans=                62.5
    c 5 (T=0.7): OK ans=                62.5
    c 6 (T=0.8): OK ans=                62.5
    c 7 (T=0.9): OK ans=                62.5
    c 8 (T=1.0): OK ans=                62.5
    c 9 (T=1.0): OK ans=                62.5
    c10 (T=1.2): OK ans=                62.5
    c11 (T=1.2): OK ans=                62.5
  Base: OK | Any correct: True | Agreement: 1.00 | Time: 75.0s
[391/500] reason_391

  Task: reason_391 (easy, math)
  Matrix trace 3x3
    c 0 (T=0.0): OK ans=                   9
    c 1 (T=0.2): OK ans=                   9
    c 2 (T=0.3): OK ans=                   9
    c 3 (T=0.5): OK ans=                   9
    c 4 (T=0.6): OK ans=                   9
    c 5 (T=0.7): OK ans=                   9
    c 6 (T=0.8): OK ans=                   9
    c 7 (T=0.9): OK ans=                   9
    c 8 (T=1.0): OK ans=                   9
    c 9 (T=1.0): OK ans=                   9
    c10 (T=1.2): OK ans=                   9
    c11 (T=1.2): OK ans=                   9
  Base: OK | Any correct: True | Agreement: 1.00 | Time: 47.5s
[392/500] reason_392

  Task: reason_392 (medium, math)
  Matrix determinant 3x3
    c 0 (T=0.0): OK ans=                   6
    c 1 (T=0.2): OK ans=                   6
    c 2 (T=0.3): OK ans=                   6
    c 3 (T=0.5): OK ans=                   6
    c 4 (T=0.6): OK ans=                   6
    c 5 (T=0.7): OK ans=                   6
    c 6 (T=0.8): OK ans=                   6
    c 7 (T=0.9): OK ans=                   6
    c 8 (T=1.0): OK ans=                   6
    c 9 (T=1.0): OK ans=                   6
    c10 (T=1.2): OK ans=                   6
    c11 (T=1.2): OK ans=                   6
  Base: OK | Any correct: True | Agreement: 1.00 | Time: 50.2s
[393/500] reason_393

  Task: reason_393 (easy, math)
  Eigenvalue diagonal
    c 0 (T=0.0): OK ans=                   5
    c 1 (T=0.2): X  ans=                   7
    c 2 (T=0.3): X  ans=                   0
    c 3 (T=0.5): X  ans=                   3
    c 4 (T=0.6): X  ans=                   7
    c 5 (T=0.7): X  ans=                   0
    c 6 (T=0.8): OK ans=                   5
    c 7 (T=0.9): X  ans=                   0
    c 8 (T=1.0): X  ans=                  3.
    c 9 (T=1.0): X  ans=                   0
    c10 (T=1.2): OK ans=                   5
    c11 (T=1.2): OK ans=                   5
  Base: OK | Any correct: True | Agreement: 0.33 | Time: 88.3s
[394/500] reason_394

  Task: reason_394 (medium, math)
  Cross product
    c 0 (T=0.0): X  ans=                   2
    c 1 (T=0.2): X  ans=                   0
    c 2 (T=0.3): X  ans=                   0
    c 3 (T=0.5): X  ans=                   0
    c 4 (T=0.6): X  ans=                   1
    c 5 (T=0.7): X  ans=                   4
    c 6 (T=0.8): X  ans=                   3
    c 7 (T=0.9): X  ans=                   1
    c 8 (T=1.0): X  ans=                   2
    c 9 (T=1.0): X  ans=                   3
    c10 (T=1.2): X  ans=                   4
    c11 (T=1.2): OK ans=                  -2
  Base: X  | Any correct: True | Agreement: 0.25 | Time: 86.4s
[395/500] reason_395

  Task: reason_395 (easy, math)
  Dot product perpendicular
    c 0 (T=0.0): OK ans=                   0
    c 1 (T=0.2): OK ans=                   0
    c 2 (T=0.3): OK ans=                   0
    c 3 (T=0.5): OK ans=                   0
    c 4 (T=0.6): OK ans=                   0
    c 5 (T=0.7): OK ans=                   0
    c 6 (T=0.8): OK ans=                   0
    c 7 (T=0.9): OK ans=                   0
    c 8 (T=1.0): X  ans=                 -12
    c 9 (T=1.0): OK ans=                   0
    c10 (T=1.2): OK ans=                   0
    c11 (T=1.2): OK ans=                   0
  Base: OK | Any correct: True | Agreement: 0.92 | Time: 58.3s
[396/500] reason_396

  Task: reason_396 (medium, math)
  Integration power rule
    c 0 (T=0.0): OK ans=                   8
    c 1 (T=0.2): X  ans=                   2
    c 2 (T=0.3): X  ans=                   2
    c 3 (T=0.5): X  ans=                   3
    c 4 (T=0.6): OK ans=                   8
    c 5 (T=0.7): OK ans=                   8
    c 6 (T=0.8): OK ans=                   8
    c 7 (T=0.9): X  ans=                   0
    c 8 (T=1.0): OK ans=                   8
    c 9 (T=1.0): X  ans=                   3
    c10 (T=1.2): OK ans=                   8
    c11 (T=1.2): OK ans=                   8
  Base: OK | Any correct: True | Agreement: 0.58 | Time: 80.5s
[397/500] reason_397

  Task: reason_397 (medium, math)
  Integration constant
    c 0 (T=0.0): OK ans=                   1
    c 1 (T=0.2): OK ans=                   1
    c 2 (T=0.3): OK ans=                   1
    c 3 (T=0.5): OK ans=                   1
    c 4 (T=0.6): OK ans=                   1
    c 5 (T=0.7): OK ans=                   1
    c 6 (T=0.8): X  ans=                   0
    c 7 (T=0.9): OK ans=                   1
    c 8 (T=1.0): OK ans=                   1
    c 9 (T=1.0): OK ans=                   1
    c10 (T=1.2): X  ans=                   0
    c11 (T=1.2): X  ans=                  5.
  Base: OK | Any correct: True | Agreement: 0.75 | Time: 87.2s
[398/500] reason_398

  Task: reason_398 (hard, math)
  Derivative product rule
    c 0 (T=0.0): X  ans=                   1
    c 1 (T=0.2): X  ans=                   1
    c 2 (T=0.3): X  ans=                   1
    c 3 (T=0.5): X  ans=                   1
    c 4 (T=0.6): X  ans=                   1
    c 5 (T=0.7): X  ans=                   1
    c 6 (T=0.8): X  ans=                   1
    c 7 (T=0.9): X  ans=                   1
    c 8 (T=1.0): X  ans=                   1
    c 9 (T=1.0): X  ans=                   1
    c10 (T=1.2): X  ans=                   1
    c11 (T=1.2): X  ans=                   1
  Base: X  | Any correct: False | Agreement: 1.00 | Time: 88.5s
[399/500] reason_399

  Task: reason_399 (hard, math)
  Derivative quotient rule
    c 0 (T=0.0): X  ans=                   1
    c 1 (T=0.2): X  ans=                   1
    c 2 (T=0.3): X  ans=                   1
    c 3 (T=0.5): X  ans=                   1
    c 4 (T=0.6): X  ans=                   1
    c 5 (T=0.7): X  ans=                   1
    c 6 (T=0.8): X  ans=                   1
    c 7 (T=0.9): X  ans=                   1
    c 8 (T=1.0): X  ans=                   1
    c 9 (T=1.0): X  ans=                   1
    c10 (T=1.2): X  ans=                   1
    c11 (T=1.2): X  ans=                   3
  Base: X  | Any correct: False | Agreement: 0.92 | Time: 88.4s
[400/500] reason_400

  Task: reason_400 (hard, math)
  Taylor series e^x
    c 0 (T=0.0): X  ans=                   0
    c 1 (T=0.2): X  ans=                   0
    c 2 (T=0.3): X  ans=                   1
    c 3 (T=0.5): X  ans=                   1
    c 4 (T=0.6): X  ans=                   1
    c 5 (T=0.7): X  ans=                   1
    c 6 (T=0.8): X  ans=                   1
    c 7 (T=0.9): X  ans=                   1
    c 8 (T=1.0): X  ans=                   1
    c 9 (T=1.0): X  ans=                   1
    c10 (T=1.2): X  ans=                   1
    c11 (T=1.2): X  ans=                   0
  Base: X  | Any correct: False | Agreement: 0.75 | Time: 88.5s
[401/500] reason_401

  Task: reason_401 (medium, math)
  Prime factorization large
    c 0 (T=0.0): X  ans=                  84
    c 1 (T=0.2): OK ans=                   7
    c 2 (T=0.3): OK ans=                   7
    c 3 (T=0.5): X  ans=                   1
    c 4 (T=0.6): OK ans=                   7
    c 5 (T=0.7): X  ans=                   2
    c 6 (T=0.8): X  ans=                   2
    c 7 (T=0.9): OK ans=                   7
    c 8 (T=1.0): OK ans=                   7
    c 9 (T=1.0): X  ans=                   2
    c10 (T=1.2): OK ans=                   7
    c11 (T=1.2): OK ans=                   7
  Base: X  | Any correct: True | Agreement: 0.58 | Time: 82.1s
[402/500] reason_402

  Task: reason_402 (easy, math)
  Coprime check
    c 0 (T=0.0): OK ans=                 Yes
    c 1 (T=0.2): OK ans=                 Yes
    c 2 (T=0.3): OK ans=                 yes
    c 3 (T=0.5): OK ans=                 yes
    c 4 (T=0.6): OK ans=                 yes
    c 5 (T=0.7): X  ans=                  21
    c 6 (T=0.8): OK ans=                 yes
    c 7 (T=0.9): OK ans=                 yes
    c 8 (T=1.0): OK ans=                 yes
    c 9 (T=1.0): X  ans=                  21
    c10 (T=1.2): OK ans=                 yes
    c11 (T=1.2): X  ans=                  44
  Base: OK | Any correct: True | Agreement: 0.58 | Time: 71.1s
[403/500] reason_403

  Task: reason_403 (hard, math)
  Modular inverse
    c 0 (T=0.0): X  ans=                  12
    c 1 (T=0.2): OK ans=                   5
    c 2 (T=0.3): X  ans=                   9
    c 3 (T=0.5): X  ans=                   1
    c 4 (T=0.6): X  ans=                  18
    c 5 (T=0.7): X  ans=                  15
    c 6 (T=0.8): X  ans=                  15
    c 7 (T=0.9): X  ans=                   4
    c 8 (T=1.0): X  ans=                  12
    c 9 (T=1.0): X  ans=                  12
    c10 (T=1.2): X  ans=                   3
    c11 (T=1.2): X  ans=                   4
  Base: X  | Any correct: True | Agreement: 0.25 | Time: 88.3s
[404/500] reason_404

  Task: reason_404 (hard, math)
  Prime power factorization
    c 0 (T=0.0): OK ans=                  12
    c 1 (T=0.2): OK ans=                  12
    c 2 (T=0.3): OK ans=                  12
    c 3 (T=0.5): OK ans=                  12
    c 4 (T=0.6): OK ans=                  12
    c 5 (T=0.7): OK ans=                  12
    c 6 (T=0.8): OK ans=                  12
    c 7 (T=0.9): OK ans=                  12
    c 8 (T=1.0): OK ans=                  12
    c 9 (T=1.0): OK ans=                  12
    c10 (T=1.2): OK ans=                  12
    c11 (T=1.2): OK ans=                  12
  Base: OK | Any correct: True | Agreement: 1.00 | Time: 52.6s
[405/500] reason_405

  Task: reason_405 (medium, math)
  Sum of primes below 20
    c 0 (T=0.0): OK ans=                  77
    c 1 (T=0.2): X  ans=                  18
    c 2 (T=0.3): OK ans=                  77
    c 3 (T=0.5): X  ans=                 17.
    c 4 (T=0.6): X  ans=                  18
    c 5 (T=0.7): X  ans=                  58
    c 6 (T=0.8): OK ans=                  77
    c 7 (T=0.9): X  ans=                  17
    c 8 (T=1.0): X  ans=                   3
    c 9 (T=1.0): OK ans=                  77
    c10 (T=1.2): X  ans=                   1
    c11 (T=1.2): OK ans=                  77
  Base: OK | Any correct: True | Agreement: 0.42 | Time: 83.9s
[406/500] reason_406

  Task: reason_406 (hard, math)
  Twin primes below 100
    c 0 (T=0.0): X  ans=                  17
    c 1 (T=0.2): X  ans=                  17
    c 2 (T=0.3): X  ans=                   1
    c 3 (T=0.5): X  ans=                  13
    c 4 (T=0.6): X  ans=                  17
    c 5 (T=0.7): OK ans=                   4
    c 6 (T=0.8): X  ans=                  19
    c 7 (T=0.9): X  ans=                  11
    c 8 (T=1.0): OK ans=                   4
    c 9 (T=1.0): X  ans=                  19
    c10 (T=1.2): OK ans=                   4
    c11 (T=1.2): X  ans=                   7
  Base: X  | Any correct: True | Agreement: 0.25 | Time: 84.9s
[407/500] reason_407

  Task: reason_407 (easy, math)
  Fermat pseudoprime
    c 0 (T=0.0): OK ans=                  no
    c 1 (T=0.2): OK ans=                  no
    c 2 (T=0.3): OK ans=                  no
    c 3 (T=0.5): OK ans=                  no
    c 4 (T=0.6): OK ans=                  no
    c 5 (T=0.7): OK ans=                  No
    c 6 (T=0.8): OK ans=                  no
    c 7 (T=0.9): X  ans=                   5
    c 8 (T=1.0): OK ans=                  no
    c 9 (T=1.0): OK ans=                  no
    c10 (T=1.2): OK ans=                  No
    c11 (T=1.2): X  ans=                  15
  Base: OK | Any correct: True | Agreement: 0.67 | Time: 62.8s
[408/500] reason_408

  Task: reason_408 (medium, math)
  Digit count
    c 0 (T=0.0): OK ans=                   7
    c 1 (T=0.2): OK ans=                   7
    c 2 (T=0.3): X  ans=                  20
    c 3 (T=0.5): OK ans=                   7
    c 4 (T=0.6): OK ans=                   7
    c 5 (T=0.7): OK ans=                   7
    c 6 (T=0.8): OK ans=                   7
    c 7 (T=0.9): OK ans=                   7
    c 8 (T=1.0): OK ans=                   7
    c 9 (T=1.0): X  ans=                   2
    c10 (T=1.2): X  ans=                   2
    c11 (T=1.2): X  ans=                   2
  Base: OK | Any correct: True | Agreement: 0.67 | Time: 81.6s
[409/500] reason_409

  Task: reason_409 (medium, math)
  Perfect number
    c 0 (T=0.0): OK ans=                 yes
    c 1 (T=0.2): OK ans=                 yes
    c 2 (T=0.3): OK ans=                 yes
    c 3 (T=0.5): X  ans=                 3.5
    c 4 (T=0.6): OK ans=                 yes
    c 5 (T=0.7): OK ans=                 yes
    c 6 (T=0.8): OK ans=                 yes
    c 7 (T=0.9): OK ans=                 yes
    c 8 (T=1.0): X  ans=                   1
    c 9 (T=1.0): OK ans=                 yes
    c10 (T=1.2): OK ans=                 yes
    c11 (T=1.2): OK ans=                 yes
  Base: OK | Any correct: True | Agreement: 0.83 | Time: 76.4s
[410/500] reason_410

  Task: reason_410 (medium, math)
  Abundant number
    c 0 (T=0.0): OK ans=                 yes
    c 1 (T=0.2): OK ans=                 yes
    c 2 (T=0.3): OK ans=                 yes
    c 3 (T=0.5): OK ans=                 yes
    c 4 (T=0.6): OK ans=                 yes
    c 5 (T=0.7): OK ans=                 yes
    c 6 (T=0.8): OK ans=                 yes
    c 7 (T=0.9): X  ans=                  12
    c 8 (T=1.0): X  ans=                   6
    c 9 (T=1.0): OK ans=                 yes
    c10 (T=1.2): X  ans=                  12
    c11 (T=1.2): X  ans=                  12
  Base: OK | Any correct: True | Agreement: 0.67 | Time: 77.6s
[411/500] reason_411

  Task: reason_411 (easy, math)
  Distractor: rope cutting
    c 0 (T=0.0): OK ans=                  15
    c 1 (T=0.2): OK ans=                  15
    c 2 (T=0.3): OK ans=                  15
    c 3 (T=0.5): OK ans=                  15
    c 4 (T=0.6): OK ans=                  15
    c 5 (T=0.7): OK ans=                  15
    c 6 (T=0.8): OK ans=                  15
    c 7 (T=0.9): OK ans=                  15
    c 8 (T=1.0): OK ans=                  15
    c 9 (T=1.0): OK ans=                  15
    c10 (T=1.2): OK ans=                  15
    c11 (T=1.2): OK ans=                  15
  Base: OK | Any correct: True | Agreement: 1.00 | Time: 38.1s
[412/500] reason_412

  Task: reason_412 (hard, math)
  Distractor: book pages
    c 0 (T=0.0): OK ans=                 192
    c 1 (T=0.2): OK ans=                 192
    c 2 (T=0.3): OK ans=                 192
    c 3 (T=0.5): OK ans=                 192
    c 4 (T=0.6): X  ans=                   3
    c 5 (T=0.7): OK ans=                 192
    c 6 (T=0.8): OK ans=                 192
    c 7 (T=0.9): OK ans=                 192
    c 8 (T=1.0): OK ans=                 192
    c 9 (T=1.0): OK ans=                 192
    c10 (T=1.2): OK ans=                 192
    c11 (T=1.2): OK ans=                 192
  Base: OK | Any correct: True | Agreement: 0.92 | Time: 73.6s
[413/500] reason_413

  Task: reason_413 (easy, combinatorics)
  Distractor: handshakes
    c 0 (T=0.0): X  ans=                   5
    c 1 (T=0.2): X  ans=                   5
    c 2 (T=0.3): OK ans=                  10
    c 3 (T=0.5): X  ans=                   3
    c 4 (T=0.6): OK ans=                  10
    c 5 (T=0.7): X  ans=                   5
    c 6 (T=0.8): X  ans=                   5
    c 7 (T=0.9): X  ans=                   3
    c 8 (T=1.0): OK ans=                  10
    c 9 (T=1.0): OK ans=                  10
    c10 (T=1.2): X  ans=                   5
    c11 (T=1.2): X  ans=                   2
  Base: X  | Any correct: True | Agreement: 0.42 | Time: 86.9s
[414/500] reason_414

  Task: reason_414 (hard, combinatorics)
  Distractor: stairs
    c 0 (T=0.0): X  ans=                  -1
    c 1 (T=0.2): X  ans=                   2
    c 2 (T=0.3): X  ans=                  10
    c 3 (T=0.5): X  ans=                   2
    c 4 (T=0.6): X  ans=                  3.
    c 5 (T=0.7): X  ans=                   5
    c 6 (T=0.8): X  ans=                   2
    c 7 (T=0.9): X  ans=                  -1
    c 8 (T=1.0): X  ans=                   3
    c 9 (T=1.0): X  ans=                  -1
    c10 (T=1.2): X  ans=                  -1
    c11 (T=1.2): X  ans=                  10
  Base: X  | Any correct: False | Agreement: 0.33 | Time: 88.5s
[415/500] reason_415

  Task: reason_415 (hard, logic)
  Distractor: clock overlap
    c 0 (T=0.0): X  ans=                  12
    c 1 (T=0.2): X  ans=                 360
    c 2 (T=0.3): OK ans=                  11
    c 3 (T=0.5): X  ans=                 5.5
    c 4 (T=0.6): X  ans=                 0.5
    c 5 (T=0.7): X  ans=               11/12
    c 6 (T=0.8): X  ans=                  12
    c 7 (T=0.9): X  ans=               11/12
    c 8 (T=1.0): X  ans=                  05
    c 9 (T=1.0): X  ans=                 360
    c10 (T=1.2): X  ans=                  12
    c11 (T=1.2): X  ans=                 360
  Base: X  | Any correct: True | Agreement: 0.25 | Time: 87.7s
[416/500] reason_416

  Task: reason_416 (easy, logic)
  Distractor: month days
    c 0 (T=0.0): X  ans=                   1
    c 1 (T=0.2): X  ans=                   1
    c 2 (T=0.3): X  ans=                   1
    c 3 (T=0.5): X  ans=                   1
    c 4 (T=0.6): X  ans=                   1
    c 5 (T=0.7): OK ans=                  12
    c 6 (T=0.8): X  ans=                   1
    c 7 (T=0.9): X  ans=                   1
    c 8 (T=1.0): X  ans=                   1
    c 9 (T=1.0): X  ans=                   1
    c10 (T=1.2): X  ans=                   1
    c11 (T=1.2): OK ans=                  12
  Base: X  | Any correct: True | Agreement: 0.83 | Time: 65.7s
[417/500] reason_417

  Task: reason_417 (easy, logic)
  Distractor: doctor
    c 0 (T=0.0): OK ans=                  60
    c 1 (T=0.2): OK ans=                  60
    c 2 (T=0.3): OK ans=                  60
    c 3 (T=0.5): OK ans=                  60
    c 4 (T=0.6): OK ans=                  60
    c 5 (T=0.7): OK ans=                  60
    c 6 (T=0.8): OK ans=                  60
    c 7 (T=0.9): OK ans=                  60
    c 8 (T=1.0): OK ans=                  60
    c 9 (T=1.0): OK ans=                  60
    c10 (T=1.2): OK ans=                  60
    c11 (T=1.2): OK ans=                  60
  Base: OK | Any correct: True | Agreement: 1.00 | Time: 30.1s
[418/500] reason_418

  Task: reason_418 (hard, logic)
  Distractor: water equal
    c 0 (T=0.0): OK ans=                   6
    c 1 (T=0.2): OK ans=                   6
    c 2 (T=0.3): OK ans=                   6
    c 3 (T=0.5): X  ans=                   8
    c 4 (T=0.6): OK ans=                   6
    c 5 (T=0.7): X  ans=                   4
    c 6 (T=0.8): OK ans=                   6
    c 7 (T=0.9): X  ans=                   8
    c 8 (T=1.0): X  ans=                   5
    c 9 (T=1.0): X  ans=                   4
    c10 (T=1.2): OK ans=                   6
    c11 (T=1.2): OK ans=                   6
  Base: OK | Any correct: True | Agreement: 0.58 | Time: 35.8s
[419/500] reason_419

  Task: reason_419 (medium, math)
  Distractor: father son
    c 0 (T=0.0): OK ans=                  10
    c 1 (T=0.2): OK ans=                  10
    c 2 (T=0.3): OK ans=                  10
    c 3 (T=0.5): OK ans=                  10
    c 4 (T=0.6): X  ans=                   1
    c 5 (T=0.7): OK ans=                  10
    c 6 (T=0.8): OK ans=                  10
    c 7 (T=0.9): OK ans=                  10
    c 8 (T=1.0): OK ans=                  10
    c 9 (T=1.0): OK ans=                  10
    c10 (T=1.2): X  ans=                   4
    c11 (T=1.2): OK ans=                  10
  Base: OK | Any correct: True | Agreement: 0.83 | Time: 77.5s
[420/500] reason_420

  Task: reason_420 (easy, logic)
  Distractor: race position
    c 0 (T=0.0): OK ans=                   2
    c 1 (T=0.2): OK ans=                   2
    c 2 (T=0.3): OK ans=                   2
    c 3 (T=0.5): OK ans=                   2
    c 4 (T=0.6): OK ans=                   2
    c 5 (T=0.7): OK ans=                   2
    c 6 (T=0.8): OK ans=                   2
    c 7 (T=0.9): OK ans=                   2
    c 8 (T=1.0): OK ans=                   2
    c 9 (T=1.0): OK ans=                   2
    c10 (T=1.2): OK ans=                   2
    c11 (T=1.2): OK ans=                   2
  Base: OK | Any correct: True | Agreement: 1.00 | Time: 22.8s
[421/500] reason_421

  Task: reason_421 (medium, math)
  Revenue problem
    c 0 (T=0.0): OK ans=                   0
    c 1 (T=0.2): OK ans=                   0
    c 2 (T=0.3): OK ans=                   0
    c 3 (T=0.5): OK ans=                   0
    c 4 (T=0.6): OK ans=                   0
    c 5 (T=0.7): OK ans=                   0
    c 6 (T=0.8): OK ans=                   0
    c 7 (T=0.9): OK ans=                   0
    c 8 (T=1.0): OK ans=                   0
    c 9 (T=1.0): OK ans=                   0
    c10 (T=1.2): OK ans=                   0
    c11 (T=1.2): OK ans=                   0
  Base: OK | Any correct: True | Agreement: 1.00 | Time: 47.3s
[422/500] reason_422

  Task: reason_422 (easy, math)
  Fuel efficiency
    c 0 (T=0.0): OK ans=                  28
    c 1 (T=0.2): OK ans=                  28
    c 2 (T=0.3): OK ans=                  28
    c 3 (T=0.5): OK ans=                  28
    c 4 (T=0.6): OK ans=                  28
    c 5 (T=0.7): OK ans=                  28
    c 6 (T=0.8): OK ans=                  28
    c 7 (T=0.9): OK ans=                  28
    c 8 (T=1.0): OK ans=                  28
    c 9 (T=1.0): OK ans=                  28
    c10 (T=1.2): OK ans=                  28
    c11 (T=1.2): OK ans=                  28
  Base: OK | Any correct: True | Agreement: 1.00 | Time: 64.1s
[423/500] reason_423

  Task: reason_423 (easy, math)
  Recipe scaling
    c 0 (T=0.0): OK ans=                   5
    c 1 (T=0.2): OK ans=                   5
    c 2 (T=0.3): OK ans=                   5
    c 3 (T=0.5): OK ans=                   5
    c 4 (T=0.6): OK ans=                   5
    c 5 (T=0.7): OK ans=                   5
    c 6 (T=0.8): OK ans=                   5
    c 7 (T=0.9): OK ans=                   5
    c 8 (T=1.0): OK ans=                   5
    c 9 (T=1.0): OK ans=                   5
    c10 (T=1.2): OK ans=                   5
    c11 (T=1.2): OK ans=                   5
  Base: OK | Any correct: True | Agreement: 1.00 | Time: 54.2s
[424/500] reason_424

  Task: reason_424 (easy, math)
  Temperature conversion 2
    c 0 (T=0.0): OK ans=                  77
    c 1 (T=0.2): OK ans=                  77
    c 2 (T=0.3): OK ans=                  77
    c 3 (T=0.5): OK ans=                  77
    c 4 (T=0.6): OK ans=                  77
    c 5 (T=0.7): OK ans=                  77
    c 6 (T=0.8): OK ans=                  77
    c 7 (T=0.9): OK ans=                  77
    c 8 (T=1.0): OK ans=                  77
    c 9 (T=1.0): OK ans=                  77
    c10 (T=1.2): OK ans=                  77
    c11 (T=1.2): OK ans=                  77
  Base: OK | Any correct: True | Agreement: 1.00 | Time: 55.5s
[425/500] reason_425

  Task: reason_425 (easy, math)
  Area of parallelogram
    c 0 (T=0.0): OK ans=                  60
    c 1 (T=0.2): OK ans=                  60
    c 2 (T=0.3): OK ans=                  60
    c 3 (T=0.5): OK ans=                  60
    c 4 (T=0.6): OK ans=                  60
    c 5 (T=0.7): OK ans=                  60
    c 6 (T=0.8): OK ans=                  60
    c 7 (T=0.9): OK ans=                  60
    c 8 (T=1.0): OK ans=                  60
    c 9 (T=1.0): OK ans=                  60
    c10 (T=1.2): OK ans=                  60
    c11 (T=1.2): OK ans=                  60
  Base: OK | Any correct: True | Agreement: 1.00 | Time: 36.9s
[426/500] reason_426

  Task: reason_426 (easy, math)
  Volume of box
    c 0 (T=0.0): OK ans=                 120
    c 1 (T=0.2): OK ans=                 120
    c 2 (T=0.3): OK ans=                 120
    c 3 (T=0.5): OK ans=                 120
    c 4 (T=0.6): OK ans=                 120
    c 5 (T=0.7): OK ans=                 120
    c 6 (T=0.8): OK ans=                 120
    c 7 (T=0.9): OK ans=                 120
    c 8 (T=1.0): OK ans=                 120
    c 9 (T=1.0): OK ans=                 120
    c10 (T=1.2): OK ans=                 120
    c11 (T=1.2): OK ans=                 120
  Base: OK | Any correct: True | Agreement: 1.00 | Time: 51.9s
[427/500] reason_427

  Task: reason_427 (medium, math)
  Surface area of box
    c 0 (T=0.0): X  ans=                   2
    c 1 (T=0.2): X  ans=                   2
    c 2 (T=0.3): X  ans=                   2
    c 3 (T=0.5): X  ans=                  12
    c 4 (T=0.6): OK ans=                  94
    c 5 (T=0.7): X  ans=                   4
    c 6 (T=0.8): X  ans=                   2
    c 7 (T=0.9): X  ans=                  30
    c 8 (T=1.0): OK ans=                  94
    c 9 (T=1.0): X  ans=                  47
    c10 (T=1.2): X  ans=                  47
    c11 (T=1.2): X  ans=                 30.
  Base: X  | Any correct: True | Agreement: 0.33 | Time: 88.1s
[428/500] reason_428

  Task: reason_428 (easy, math)
  Percentage increase
    c 0 (T=0.0): OK ans=                  25
    c 1 (T=0.2): OK ans=                  25
    c 2 (T=0.3): OK ans=                  25
    c 3 (T=0.5): OK ans=                  25
    c 4 (T=0.6): OK ans=                  25
    c 5 (T=0.7): OK ans=                  25
    c 6 (T=0.8): OK ans=                  25
    c 7 (T=0.9): OK ans=                  25
    c 8 (T=1.0): OK ans=                  25
    c 9 (T=1.0): OK ans=                  25
    c10 (T=1.2): OK ans=                  25
    c11 (T=1.2): OK ans=                  25
  Base: OK | Any correct: True | Agreement: 1.00 | Time: 42.2s
[429/500] reason_429

  Task: reason_429 (easy, math)
  Percentage decrease
    c 0 (T=0.0): OK ans=                  25
    c 1 (T=0.2): OK ans=                  25
    c 2 (T=0.3): OK ans=                  25
    c 3 (T=0.5): OK ans=                  25
    c 4 (T=0.6): OK ans=                  25
    c 5 (T=0.7): OK ans=                  25
    c 6 (T=0.8): OK ans=                  25
    c 7 (T=0.9): OK ans=                  25
    c 8 (T=1.0): OK ans=                  25
    c 9 (T=1.0): OK ans=                  25
    c10 (T=1.2): OK ans=                  25
    c11 (T=1.2): OK ans=                  25
  Base: OK | Any correct: True | Agreement: 1.00 | Time: 47.6s
[430/500] reason_430

  Task: reason_430 (easy, math)
  Ratio application
    c 0 (T=0.0): OK ans=                  24
    c 1 (T=0.2): OK ans=                  24
    c 2 (T=0.3): OK ans=                  24
    c 3 (T=0.5): OK ans=                  24
    c 4 (T=0.6): OK ans=                  24
    c 5 (T=0.7): OK ans=                  24
    c 6 (T=0.8): OK ans=                  24
    c 7 (T=0.9): OK ans=                  24
    c 8 (T=1.0): OK ans=                  24
    c 9 (T=1.0): OK ans=                  24
    c10 (T=1.2): OK ans=                  24
    c11 (T=1.2): OK ans=                  24
  Base: OK | Any correct: True | Agreement: 1.00 | Time: 65.1s
[431/500] reason_431

  Task: reason_431 (medium, math)
  Compound interest 2
    c 0 (T=0.0): X  ans=                5000
    c 1 (T=0.2): X  ans=                5000
    c 2 (T=0.3): X  ans=                5000
    c 3 (T=0.5): X  ans=                5000
    c 4 (T=0.6): X  ans=                   5
    c 5 (T=0.7): X  ans=                5000
    c 6 (T=0.8): OK ans=                5832
    c 7 (T=0.9): X  ans=                5000
    c 8 (T=1.0): X  ans=                5000
    c 9 (T=1.0): OK ans=                5832
    c10 (T=1.2): X  ans=                5000
    c11 (T=1.2): X  ans=                5000
  Base: X  | Any correct: True | Agreement: 0.75 | Time: 87.4s
[432/500] reason_432

  Task: reason_432 (easy, math)
  Simple interest 2
    c 0 (T=0.0): OK ans=                 720
    c 1 (T=0.2): OK ans=                 720
    c 2 (T=0.3): OK ans=                 720
    c 3 (T=0.5): OK ans=                 720
    c 4 (T=0.6): OK ans=                 720
    c 5 (T=0.7): OK ans=                 720
    c 6 (T=0.8): X  ans=                  72
    c 7 (T=0.9): OK ans=                 720
    c 8 (T=1.0): OK ans=                 720
    c 9 (T=1.0): OK ans=                 720
    c10 (T=1.2): OK ans=                 720
    c11 (T=1.2): OK ans=                 720
  Base: OK | Any correct: True | Agreement: 0.92 | Time: 77.4s
[433/500] reason_433

  Task: reason_433 (medium, math)
  Depreciation
    c 0 (T=0.0): OK ans=               14450
    c 1 (T=0.2): OK ans=               14450
    c 2 (T=0.3): OK ans=               14450
    c 3 (T=0.5): X  ans=                   1
    c 4 (T=0.6): X  ans=                1445
    c 5 (T=0.7): OK ans=               14450
    c 6 (T=0.8): OK ans=               14450
    c 7 (T=0.9): X  ans=                 000
    c 8 (T=1.0): OK ans=               14450
    c 9 (T=1.0): OK ans=               14450
    c10 (T=1.2): OK ans=               14450
    c11 (T=1.2): OK ans=               14450
  Base: OK | Any correct: True | Agreement: 0.75 | Time: 82.2s
[434/500] reason_434

  Task: reason_434 (medium, math)
  Markup vs margin
    c 0 (T=0.0): X  ans=               66.67
    c 1 (T=0.2): X  ans=               66.67
    c 2 (T=0.3): X  ans=               66.67
    c 3 (T=0.5): X  ans=               66.67
    c 4 (T=0.6): X  ans=               66.67
    c 5 (T=0.7): X  ans=               66.67
    c 6 (T=0.8): X  ans=               66.67
    c 7 (T=0.9): X  ans=               66.67
    c 8 (T=1.0): X  ans=               66.67
    c 9 (T=1.0): X  ans=                  60
    c10 (T=1.2): X  ans=               66.67
    c11 (T=1.2): X  ans=               66.67
  Base: X  | Any correct: False | Agreement: 0.92 | Time: 63.0s
[435/500] reason_435

  Task: reason_435 (medium, math)
  Break even
    c 0 (T=0.0): X  ans=                   1
    c 1 (T=0.2): OK ans=                1000
    c 2 (T=0.3): OK ans=                1000
    c 3 (T=0.5): OK ans=                1000
    c 4 (T=0.6): OK ans=                1000
    c 5 (T=0.7): OK ans=                1000
    c 6 (T=0.8): OK ans=                1000
    c 7 (T=0.9): X  ans=                  10
    c 8 (T=1.0): X  ans=                 100
    c 9 (T=1.0): OK ans=                1000
    c10 (T=1.2): X  ans=                   1
    c11 (T=1.2): OK ans=                1000
  Base: X  | Any correct: True | Agreement: 0.67 | Time: 79.6s
[436/500] reason_436

  Task: reason_436 (medium, math)
  Speed conversion 2
    c 0 (T=0.0): X  ans=          27.7777777
    c 1 (T=0.2): OK ans=                27.8
    c 2 (T=0.3): OK ans=                27.8
    c 3 (T=0.5): OK ans=                27.8
    c 4 (T=0.6): X  ans=                3600
    c 5 (T=0.7): OK ans=                27.8
    c 6 (T=0.8): OK ans=                27.8
    c 7 (T=0.9): OK ans=                27.8
    c 8 (T=1.0): X  ans=                  36
    c 9 (T=1.0): OK ans=                27.8
    c10 (T=1.2): OK ans=                27.8
    c11 (T=1.2): OK ans=                27.8
  Base: X  | Any correct: True | Agreement: 0.75 | Time: 77.3s
[437/500] reason_437

  Task: reason_437 (medium, math)
  Area between circles
    c 0 (T=0.0): X  ans=                3.14
    c 1 (T=0.2): X  ans=                3.14
    c 2 (T=0.3): X  ans=                3.14
    c 3 (T=0.5): X  ans=                3.14
    c 4 (T=0.6): X  ans=                3.14
    c 5 (T=0.7): X  ans=                3.14
    c 6 (T=0.8): X  ans=                 314
    c 7 (T=0.9): X  ans=                 314
    c 8 (T=1.0): X  ans=                3.14
    c 9 (T=1.0): X  ans=                   6
    c10 (T=1.2): X  ans=                3.14
    c11 (T=1.2): X  ans=                3.14
  Base: X  | Any correct: False | Agreement: 0.75 | Time: 88.7s
[438/500] reason_438

  Task: reason_438 (medium, math)
  Diagonal of cube
    c 0 (T=0.0): OK ans=                8.66
    c 1 (T=0.2): X  ans=                  50
    c 2 (T=0.3): OK ans=                8.66
    c 3 (T=0.5): X  ans=                   8
    c 4 (T=0.6): X  ans=                   5
    c 5 (T=0.7): X  ans=                   5
    c 6 (T=0.8): OK ans=                8.66
    c 7 (T=0.9): X  ans=                   5
    c 8 (T=1.0): X  ans=                 8.6
    c 9 (T=1.0): OK ans=                8.66
    c10 (T=1.2): X  ans=                  50
    c11 (T=1.2): OK ans=                8.66
  Base: OK | Any correct: True | Agreement: 0.42 | Time: 78.9s
[439/500] reason_439

  Task: reason_439 (medium, math)
  Volume of pyramid
    c 0 (T=0.0): OK ans=                  96
    c 1 (T=0.2): OK ans=                  96
    c 2 (T=0.3): OK ans=                  96
    c 3 (T=0.5): OK ans=                  96
    c 4 (T=0.6): OK ans=                  96
    c 5 (T=0.7): OK ans=                  96
    c 6 (T=0.8): OK ans=                  96
    c 7 (T=0.9): OK ans=                  96
    c 8 (T=1.0): OK ans=                  96
    c 9 (T=1.0): OK ans=                  96
    c10 (T=1.2): OK ans=                  96
    c11 (T=1.2): OK ans=                  96
  Base: OK | Any correct: True | Agreement: 1.00 | Time: 65.4s
[440/500] reason_440

  Task: reason_440 (easy, math)
  Angle supplementary
    c 0 (T=0.0): OK ans=                  70
    c 1 (T=0.2): OK ans=                  70
    c 2 (T=0.3): OK ans=                  70
    c 3 (T=0.5): OK ans=                  70
    c 4 (T=0.6): OK ans=                  70
    c 5 (T=0.7): OK ans=                  70
    c 6 (T=0.8): OK ans=                  70
    c 7 (T=0.9): OK ans=                  70
    c 8 (T=1.0): OK ans=                  70
    c 9 (T=1.0): OK ans=                  70
    c10 (T=1.2): OK ans=                  70
    c11 (T=1.2): OK ans=                  70
  Base: OK | Any correct: True | Agreement: 1.00 | Time: 44.9s
[441/500] reason_441

  Task: reason_441 (easy, math)
  Angle complementary
    c 0 (T=0.0): OK ans=                  55
    c 1 (T=0.2): OK ans=                  55
    c 2 (T=0.3): OK ans=                  55
    c 3 (T=0.5): OK ans=                  55
    c 4 (T=0.6): OK ans=                  55
    c 5 (T=0.7): OK ans=                  55
    c 6 (T=0.8): OK ans=                  55
    c 7 (T=0.9): OK ans=                  55
    c 8 (T=1.0): OK ans=                  55
    c 9 (T=1.0): OK ans=                  55
    c10 (T=1.2): OK ans=                  55
    c11 (T=1.2): OK ans=                  55
  Base: OK | Any correct: True | Agreement: 1.00 | Time: 37.7s
[442/500] reason_442

  Task: reason_442 (medium, math)
  Polygon interior angle
    c 0 (T=0.0): OK ans=                 108
    c 1 (T=0.2): OK ans=                 108
    c 2 (T=0.3): OK ans=                 108
    c 3 (T=0.5): OK ans=                 108
    c 4 (T=0.6): OK ans=                 108
    c 5 (T=0.7): OK ans=                 108
    c 6 (T=0.8): OK ans=                 108
    c 7 (T=0.9): OK ans=                 108
    c 8 (T=1.0): OK ans=                 108
    c 9 (T=1.0): OK ans=                 108
    c10 (T=1.2): OK ans=                 108
    c11 (T=1.2): OK ans=                 108
  Base: OK | Any correct: True | Agreement: 1.00 | Time: 73.7s
[443/500] reason_443

  Task: reason_443 (easy, math)
  Polygon exterior angle
    c 0 (T=0.0): X  ans=                 120
    c 1 (T=0.2): OK ans=                  60
    c 2 (T=0.3): OK ans=                  60
    c 3 (T=0.5): OK ans=                  60
    c 4 (T=0.6): OK ans=                  60
    c 5 (T=0.7): OK ans=                  60
    c 6 (T=0.8): OK ans=                  60
    c 7 (T=0.9): OK ans=                  60
    c 8 (T=1.0): X  ans=                 180
    c 9 (T=1.0): X  ans=                   1
    c10 (T=1.2): OK ans=                  60
    c11 (T=1.2): OK ans=                  60
  Base: X  | Any correct: True | Agreement: 0.75 | Time: 62.9s
[444/500] reason_444

  Task: reason_444 (medium, math)
  Arc length
    c 0 (T=0.0): X  ans=                  6.
    c 1 (T=0.2): OK ans=                6.28
    c 2 (T=0.3): OK ans=                6.28
    c 3 (T=0.5): OK ans=                6.28
    c 4 (T=0.6): OK ans=                6.28
    c 5 (T=0.7): OK ans=                6.28
    c 6 (T=0.8): OK ans=                6.28
    c 7 (T=0.9): X  ans=                  50
    c 8 (T=1.0): X  ans=                   2
    c 9 (T=1.0): X  ans=                    
    c10 (T=1.2): X  ans=                  45
    c11 (T=1.2): X  ans=                   1
  Base: X  | Any correct: True | Agreement: 0.50 | Time: 88.4s
[445/500] reason_445

  Task: reason_445 (easy, math)
  Pythagorean triple 2
    c 0 (T=0.0): X  ans=                 289
    c 1 (T=0.2): X  ans=                   2
    c 2 (T=0.3): OK ans=                  17
    c 3 (T=0.5): OK ans=                  17
    c 4 (T=0.6): X  ans=                 289
    c 5 (T=0.7): OK ans=                  17
    c 6 (T=0.8): OK ans=                  17
    c 7 (T=0.9): OK ans=                  17
    c 8 (T=1.0): OK ans=                  17
    c 9 (T=1.0): OK ans=                  17
    c10 (T=1.2): OK ans=                  17
    c11 (T=1.2): OK ans=                  17
  Base: X  | Any correct: True | Agreement: 0.75 | Time: 79.7s
[446/500] reason_446

  Task: reason_446 (hard, math)
  Limit computation
    c 0 (T=0.0): OK ans=                  -2
    c 1 (T=0.2): OK ans=                  -2
    c 2 (T=0.3): OK ans=                  -2
    c 3 (T=0.5): OK ans=                  -2
    c 4 (T=0.6): X  ans=                   0
    c 5 (T=0.7): OK ans=                  -2
    c 6 (T=0.8): OK ans=                  -2
    c 7 (T=0.9): OK ans=                  -2
    c 8 (T=1.0): OK ans=                  -2
    c 9 (T=1.0): OK ans=                  -2
    c10 (T=1.2): OK ans=                  -2
    c11 (T=1.2): X  ans=                   3
  Base: OK | Any correct: True | Agreement: 0.83 | Time: 72.3s
[447/500] reason_447

  Task: reason_447 (medium, math)
  Series sum finite
    c 0 (T=0.0): X  ans=                  50
    c 1 (T=0.2): X  ans=                  50
    c 2 (T=0.3): X  ans=                  50
    c 3 (T=0.5): X  ans=                  50
    c 4 (T=0.6): X  ans=                  50
    c 5 (T=0.7): X  ans=                  50
    c 6 (T=0.8): X  ans=                  50
    c 7 (T=0.9): X  ans=                   2
    c 8 (T=1.0): X  ans=                   5
    c 9 (T=1.0): X  ans=                   2
    c10 (T=1.2): X  ans=                  50
    c11 (T=1.2): X  ans=                   2
  Base: X  | Any correct: False | Agreement: 0.67 | Time: 88.4s
[448/500] reason_448

  Task: reason_448 (medium, math)
  Geometric series finite
    c 0 (T=0.0): OK ans=                 189
    c 1 (T=0.2): OK ans=                 189
    c 2 (T=0.3): OK ans=                 189
    c 3 (T=0.5): OK ans=                 189
    c 4 (T=0.6): OK ans=                 189
    c 5 (T=0.7): OK ans=                 189
    c 6 (T=0.8): OK ans=                 189
    c 7 (T=0.9): OK ans=                 189
    c 8 (T=1.0): OK ans=                 189
    c 9 (T=1.0): OK ans=                 189
    c10 (T=1.2): OK ans=                 189
    c11 (T=1.2): OK ans=                 189
  Base: OK | Any correct: True | Agreement: 1.00 | Time: 54.5s
[449/500] reason_449

  Task: reason_449 (medium, math)
  Infinite geometric
    c 0 (T=0.0): OK ans=                   8
    c 1 (T=0.2): X  ans=                   4
    c 2 (T=0.3): X  ans=                   4
    c 3 (T=0.5): OK ans=                   8
    c 4 (T=0.6): OK ans=                   8
    c 5 (T=0.7): OK ans=                   8
    c 6 (T=0.8): X  ans=                   4
    c 7 (T=0.9): OK ans=                   8
    c 8 (T=1.0): OK ans=                   8
    c 9 (T=1.0): OK ans=                   8
    c10 (T=1.2): OK ans=                   8
    c11 (T=1.2): OK ans=                   8
  Base: OK | Any correct: True | Agreement: 0.75 | Time: 61.1s
[450/500] reason_450

  Task: reason_450 (easy, math)
  Logarithm change of base 2
    c 0 (T=0.0): OK ans=                   3
    c 1 (T=0.2): OK ans=                   3
    c 2 (T=0.3): OK ans=                   3
    c 3 (T=0.5): OK ans=                   3
    c 4 (T=0.6): OK ans=                   3
    c 5 (T=0.7): OK ans=                   3
    c 6 (T=0.8): OK ans=                   3
    c 7 (T=0.9): OK ans=                   3
    c 8 (T=1.0): OK ans=                   3
    c 9 (T=1.0): OK ans=                   3
    c10 (T=1.2): OK ans=                   3
    c11 (T=1.2): OK ans=                   3
  Base: OK | Any correct: True | Agreement: 1.00 | Time: 43.1s
[451/500] reason_451

  Task: reason_451 (easy, math)
  Modular arithmetic 2
    c 0 (T=0.0): OK ans=                   2
    c 1 (T=0.2): OK ans=                   2
    c 2 (T=0.3): OK ans=                   2
    c 3 (T=0.5): OK ans=                   2
    c 4 (T=0.6): OK ans=                   2
    c 5 (T=0.7): OK ans=                   2
    c 6 (T=0.8): OK ans=                   2
    c 7 (T=0.9): OK ans=                   2
    c 8 (T=1.0): OK ans=                   2
    c 9 (T=1.0): OK ans=                   2
    c10 (T=1.2): OK ans=                   2
    c11 (T=1.2): OK ans=                   2
  Base: OK | Any correct: True | Agreement: 1.00 | Time: 54.2s
[452/500] reason_452

  Task: reason_452 (medium, math)
  GCD application
    c 0 (T=0.0): OK ans=                  42
    c 1 (T=0.2): OK ans=                  42
    c 2 (T=0.3): OK ans=                  42
    c 3 (T=0.5): OK ans=                  42
    c 4 (T=0.6): OK ans=                  42
    c 5 (T=0.7): OK ans=                  42
    c 6 (T=0.8): OK ans=                  42
    c 7 (T=0.9): X  ans=                   7
    c 8 (T=1.0): OK ans=                  42
    c 9 (T=1.0): OK ans=                  42
    c10 (T=1.2): OK ans=                  42
    c11 (T=1.2): OK ans=                  42
  Base: OK | Any correct: True | Agreement: 0.92 | Time: 69.0s
[453/500] reason_453

  Task: reason_453 (easy, math)
  LCM application
    c 0 (T=0.0): OK ans=                  36
    c 1 (T=0.2): OK ans=                  36
    c 2 (T=0.3): OK ans=                  36
    c 3 (T=0.5): OK ans=                  36
    c 4 (T=0.6): OK ans=                  36
    c 5 (T=0.7): OK ans=                  36
    c 6 (T=0.8): OK ans=                  36
    c 7 (T=0.9): OK ans=                  36
    c 8 (T=1.0): OK ans=                  36
    c 9 (T=1.0): OK ans=                  36
    c10 (T=1.2): OK ans=                  36
    c11 (T=1.2): OK ans=                  36
  Base: OK | Any correct: True | Agreement: 1.00 | Time: 65.5s
[454/500] reason_454

  Task: reason_454 (easy, math)
  Divisibility by 9
    c 0 (T=0.0): OK ans=                 yes
    c 1 (T=0.2): OK ans=                 yes
    c 2 (T=0.3): OK ans=                 yes
    c 3 (T=0.5): OK ans=                 yes
    c 4 (T=0.6): OK ans=                 yes
    c 5 (T=0.7): OK ans=                 yes
    c 6 (T=0.8): OK ans=                 yes
    c 7 (T=0.9): X  ans=                1233
    c 8 (T=1.0): OK ans=                 yes
    c 9 (T=1.0): OK ans=                 yes
    c10 (T=1.2): OK ans=                 yes
    c11 (T=1.2): OK ans=                 yes
  Base: OK | Any correct: True | Agreement: 0.92 | Time: 50.2s
[455/500] reason_455

  Task: reason_455 (medium, math)
  Divisibility by 11
    c 0 (T=0.0): X  ans=                   4
    c 1 (T=0.2): X  ans=                   4
    c 2 (T=0.3): OK ans=                 yes
    c 3 (T=0.5): X  ans=                   4
    c 4 (T=0.6): X  ans=                   1
    c 5 (T=0.7): X  ans=                   0
    c 6 (T=0.8): X  ans=                  11
    c 7 (T=0.9): X  ans=                   0
    c 8 (T=1.0): X  ans=                   4
    c 9 (T=1.0): OK ans=                 yes
    c10 (T=1.2): X  ans=                   0
    c11 (T=1.2): X  ans=                   2
  Base: X  | Any correct: True | Agreement: 0.33 | Time: 86.9s
[456/500] reason_456

  Task: reason_456 (medium, math)
  Prime between
    c 0 (T=0.0): X  ans=                  62
    c 1 (T=0.2): X  ans=                  62
    c 2 (T=0.3): X  ans=                  62
    c 3 (T=0.5): X  ans=                   2
    c 4 (T=0.6): X  ans=                   2
    c 5 (T=0.7): X  ans=                  12
    c 6 (T=0.8): X  ans=                  11
    c 7 (T=0.9): X  ans=                  60
    c 8 (T=1.0): X  ans=                  70
    c 9 (T=1.0): X  ans=                  53
    c10 (T=1.2): X  ans=                  10
    c11 (T=1.2): X  ans=                  29
  Base: X  | Any correct: False | Agreement: 0.25 | Time: 88.1s
[457/500] reason_457

  Task: reason_457 (easy, math)
  Square root estimation
    c 0 (T=0.0): OK ans=                  12
    c 1 (T=0.2): OK ans=                  12
    c 2 (T=0.3): OK ans=                  12
    c 3 (T=0.5): OK ans=                  12
    c 4 (T=0.6): OK ans=                  12
    c 5 (T=0.7): OK ans=                  12
    c 6 (T=0.8): OK ans=                  12
    c 7 (T=0.9): OK ans=                  12
    c 8 (T=1.0): OK ans=                  12
    c 9 (T=1.0): OK ans=                  12
    c10 (T=1.2): OK ans=                  12
    c11 (T=1.2): OK ans=                  12
  Base: OK | Any correct: True | Agreement: 1.00 | Time: 60.3s
[458/500] reason_458

  Task: reason_458 (medium, math)
  Cube root estimation
    c 0 (T=0.0): OK ans=                   5
    c 1 (T=0.2): OK ans=                   5
    c 2 (T=0.3): OK ans=                   5
    c 3 (T=0.5): OK ans=                   5
    c 4 (T=0.6): OK ans=                   5
    c 5 (T=0.7): OK ans=                   5
    c 6 (T=0.8): OK ans=                   5
    c 7 (T=0.9): OK ans=                 5.9
    c 8 (T=1.0): OK ans=                 5.8
    c 9 (T=1.0): X  ans=             195.112
    c10 (T=1.2): OK ans=                 5.9
    c11 (T=1.2): OK ans=                   5
  Base: OK | Any correct: True | Agreement: 0.67 | Time: 62.5s
[459/500] reason_459

  Task: reason_459 (easy, math)
  Power of 2
    c 0 (T=0.0): X  ans=                   2
    c 1 (T=0.2): X  ans=                   2
    c 2 (T=0.3): X  ans=                   2
    c 3 (T=0.5): X  ans=                   2
    c 4 (T=0.6): X  ans=                   2
    c 5 (T=0.7): X  ans=                   4
    c 6 (T=0.8): X  ans=                   2
    c 7 (T=0.9): X  ans=                   2
    c 8 (T=1.0): X  ans=                 512
    c 9 (T=1.0): OK ans=                4096
    c10 (T=1.2): X  ans=                2560
    c11 (T=1.2): X  ans=                   2
  Base: X  | Any correct: True | Agreement: 0.67 | Time: 87.1s
[460/500] reason_460

  Task: reason_460 (easy, math)
  Power of 3
    c 0 (T=0.0): OK ans=                 729
    c 1 (T=0.2): OK ans=                 729
    c 2 (T=0.3): OK ans=                 729
    c 3 (T=0.5): OK ans=                 729
    c 4 (T=0.6): OK ans=                 729
    c 5 (T=0.7): OK ans=                 729
    c 6 (T=0.8): OK ans=                 729
    c 7 (T=0.9): X  ans=                2187
    c 8 (T=1.0): OK ans=                 729
    c 9 (T=1.0): OK ans=                 729
    c10 (T=1.2): OK ans=                 729
    c11 (T=1.2): OK ans=                 729
  Base: OK | Any correct: True | Agreement: 0.92 | Time: 49.3s
[461/500] reason_461

  Task: reason_461 (easy, math)
  Factorial 7
    c 0 (T=0.0): OK ans=                5040
    c 1 (T=0.2): OK ans=                5040
    c 2 (T=0.3): OK ans=                5040
    c 3 (T=0.5): OK ans=                5040
    c 4 (T=0.6): OK ans=                5040
    c 5 (T=0.7): OK ans=                5040
    c 6 (T=0.8): OK ans=                5040
    c 7 (T=0.9): OK ans=                5040
    c 8 (T=1.0): OK ans=                5040
    c 9 (T=1.0): OK ans=                5040
    c10 (T=1.2): OK ans=                5040
    c11 (T=1.2): OK ans=                5040
  Base: OK | Any correct: True | Agreement: 1.00 | Time: 63.0s
[462/500] reason_462

  Task: reason_462 (medium, math)
  Factorial 8
    c 0 (T=0.0): OK ans=               40320
    c 1 (T=0.2): OK ans=               40320
    c 2 (T=0.3): OK ans=               40320
    c 3 (T=0.5): OK ans=               40320
    c 4 (T=0.6): OK ans=               40320
    c 5 (T=0.7): OK ans=               40320
    c 6 (T=0.8): OK ans=               40320
    c 7 (T=0.9): OK ans=               40320
    c 8 (T=1.0): OK ans=               40320
    c 9 (T=1.0): OK ans=               40320
    c10 (T=1.2): OK ans=               40320
    c11 (T=1.2): OK ans=               40320
  Base: OK | Any correct: True | Agreement: 1.00 | Time: 67.9s
[463/500] reason_463

  Task: reason_463 (easy, combinatorics)
  Combination simple
    c 0 (T=0.0): OK ans=                  20
    c 1 (T=0.2): OK ans=                  20
    c 2 (T=0.3): OK ans=                  20
    c 3 (T=0.5): OK ans=                  20
    c 4 (T=0.6): OK ans=                  20
    c 5 (T=0.7): OK ans=                  20
    c 6 (T=0.8): OK ans=                  20
    c 7 (T=0.9): OK ans=                  20
    c 8 (T=1.0): OK ans=                  20
    c 9 (T=1.0): OK ans=                  20
    c10 (T=1.2): OK ans=                  20
    c11 (T=1.2): OK ans=                  20
  Base: OK | Any correct: True | Agreement: 1.00 | Time: 80.2s
[464/500] reason_464

  Task: reason_464 (easy, combinatorics)
  Permutation simple
    c 0 (T=0.0): OK ans=                  60
    c 1 (T=0.2): OK ans=                  60
    c 2 (T=0.3): OK ans=                  60
    c 3 (T=0.5): OK ans=                  60
    c 4 (T=0.6): OK ans=                  60
    c 5 (T=0.7): OK ans=                  60
    c 6 (T=0.8): OK ans=                  60
    c 7 (T=0.9): X  ans=                   2
    c 8 (T=1.0): OK ans=                  60
    c 9 (T=1.0): OK ans=                  60
    c10 (T=1.2): OK ans=                  60
    c11 (T=1.2): OK ans=                  60
  Base: OK | Any correct: True | Agreement: 0.92 | Time: 78.2s
[465/500] reason_465

  Task: reason_465 (easy, math)
  Probability union
    c 0 (T=0.0): OK ans=                 0.8
    c 1 (T=0.2): OK ans=                 0.8
    c 2 (T=0.3): OK ans=                 0.8
    c 3 (T=0.5): OK ans=                 0.8
    c 4 (T=0.6): OK ans=                 0.8
    c 5 (T=0.7): OK ans=                 0.8
    c 6 (T=0.8): OK ans=                 0.8
    c 7 (T=0.9): OK ans=                 0.8
    c 8 (T=1.0): OK ans=                 0.8
    c 9 (T=1.0): OK ans=                 0.8
    c10 (T=1.2): OK ans=                 0.8
    c11 (T=1.2): OK ans=                 0.8
  Base: OK | Any correct: True | Agreement: 1.00 | Time: 64.8s
[466/500] reason_466

  Task: reason_466 (medium, math)
  Expected value dice 2
    c 0 (T=0.0): X  ans=                   5
    c 1 (T=0.2): X  ans=                   5
    c 2 (T=0.3): X  ans=                  +4
    c 3 (T=0.5): X  ans=                   6
    c 4 (T=0.6): X  ans=                   5
    c 5 (T=0.7): X  ans=                  36
    c 6 (T=0.8): OK ans=                   7
    c 7 (T=0.9): X  ans=                   1
    c 8 (T=1.0): X  ans=                 3.5
    c 9 (T=1.0): X  ans=                 3.5
    c10 (T=1.2): X  ans=                  36
    c11 (T=1.2): X  ans=                  36
  Base: X  | Any correct: True | Agreement: 0.25 | Time: 87.4s
[467/500] reason_467

  Task: reason_467 (easy, math)
  Median of numbers
    c 0 (T=0.0): OK ans=                   9
    c 1 (T=0.2): OK ans=                   9
    c 2 (T=0.3): OK ans=                   9
    c 3 (T=0.5): OK ans=                   9
    c 4 (T=0.6): OK ans=                   9
    c 5 (T=0.7): OK ans=                   9
    c 6 (T=0.8): OK ans=                   9
    c 7 (T=0.9): OK ans=                   9
    c 8 (T=1.0): OK ans=                   9
    c 9 (T=1.0): OK ans=                   9
    c10 (T=1.2): OK ans=                   9
    c11 (T=1.2): OK ans=                   9
  Base: OK | Any correct: True | Agreement: 1.00 | Time: 58.2s
[468/500] reason_468

  Task: reason_468 (easy, math)
  Mode of numbers
    c 0 (T=0.0): OK ans=                   5
    c 1 (T=0.2): OK ans=                   5
    c 2 (T=0.3): OK ans=                   5
    c 3 (T=0.5): OK ans=                   5
    c 4 (T=0.6): OK ans=                   5
    c 5 (T=0.7): OK ans=                   5
    c 6 (T=0.8): OK ans=                   5
    c 7 (T=0.9): OK ans=                   5
    c 8 (T=1.0): OK ans=                   5
    c 9 (T=1.0): OK ans=                   5
    c10 (T=1.2): OK ans=                   5
    c11 (T=1.2): OK ans=                   5
  Base: OK | Any correct: True | Agreement: 1.00 | Time: 46.2s
[469/500] reason_469

  Task: reason_469 (easy, math)
  Range of numbers
    c 0 (T=0.0): OK ans=                  24
    c 1 (T=0.2): OK ans=                  24
    c 2 (T=0.3): OK ans=                  24
    c 3 (T=0.5): OK ans=                  24
    c 4 (T=0.6): OK ans=                  24
    c 5 (T=0.7): OK ans=                  24
    c 6 (T=0.8): OK ans=                  24
    c 7 (T=0.9): OK ans=                  24
    c 8 (T=1.0): OK ans=                  24
    c 9 (T=1.0): OK ans=                  24
    c10 (T=1.2): OK ans=                  24
    c11 (T=1.2): OK ans=                  24
  Base: OK | Any correct: True | Agreement: 1.00 | Time: 51.9s
[470/500] reason_470

  Task: reason_470 (easy, math)
  Mean of numbers
    c 0 (T=0.0): OK ans=                  12
    c 1 (T=0.2): OK ans=                  12
    c 2 (T=0.3): OK ans=                  12
    c 3 (T=0.5): OK ans=                  12
    c 4 (T=0.6): OK ans=                  12
    c 5 (T=0.7): OK ans=                  12
    c 6 (T=0.8): OK ans=                  12
    c 7 (T=0.9): OK ans=                  12
    c 8 (T=1.0): OK ans=                  12
    c 9 (T=1.0): OK ans=                  12
    c10 (T=1.2): OK ans=                  12
    c11 (T=1.2): OK ans=                  12
  Base: OK | Any correct: True | Agreement: 1.00 | Time: 46.7s
[471/500] reason_471

  Task: reason_471 (medium, logic)
  If and only if
    c 0 (T=0.0): X  ans=                  5.
    c 1 (T=0.2): X  ans=                  4.
    c 2 (T=0.3): X  ans=                  2.
    c 3 (T=0.5): X  ans=                  3.
    c 4 (T=0.6): X  ans=                  5.
    c 5 (T=0.7): X  ans=                  4.
    c 6 (T=0.8): X  ans=                  4.
    c 7 (T=0.9): X  ans=                  4.
    c 8 (T=1.0): X  ans=                  4.
    c 9 (T=1.0): X  ans=                  4.
    c10 (T=1.2): X  ans=                   3
    c11 (T=1.2): X  ans=                  4.
  Base: X  | Any correct: False | Agreement: 0.58 | Time: 88.5s
[472/500] reason_472

  Task: reason_472 (medium, logic)
  Nested quantifiers
    c 0 (T=0.0): X  ans=                   0
    c 1 (T=0.2): X  ans=                   0
    c 2 (T=0.3): X  ans=                   0
    c 3 (T=0.5): X  ans=                   0
    c 4 (T=0.6): OK ans=                 Yes
    c 5 (T=0.7): X  ans=                   0
    c 6 (T=0.8): OK ans=                 Yes
    c 7 (T=0.9): X  ans=                   0
    c 8 (T=1.0): OK ans=                 Yes
    c 9 (T=1.0): X  ans=                  -3
    c10 (T=1.2): X  ans=                   0
    c11 (T=1.2): X  ans=                  -2
  Base: X  | Any correct: True | Agreement: 0.58 | Time: 85.7s
[473/500] reason_473

  Task: reason_473 (hard, logic)
  Quantifier order matters
    c 0 (T=0.0): X  ans=                   0
    c 1 (T=0.2): X  ans=                   1
    c 2 (T=0.3): X  ans=                   0
    c 3 (T=0.5): X  ans=                   0
    c 4 (T=0.6): X  ans=                   0
    c 5 (T=0.7): X  ans=                   1
    c 6 (T=0.8): X  ans=                   0
    c 7 (T=0.9): X  ans=                   0
    c 8 (T=1.0): X  ans=                   0
    c 9 (T=1.0): X  ans=                   0
    c10 (T=1.2): X  ans=                   0
    c11 (T=1.2): X  ans=                   3
  Base: X  | Any correct: False | Agreement: 0.75 | Time: 86.9s
[474/500] reason_474

  Task: reason_474 (medium, logic)
  Proof by contradiction
    c 0 (T=0.0): X  ans=                   2
    c 1 (T=0.2): X  ans=                   2
    c 2 (T=0.3): X  ans=                   2
    c 3 (T=0.5): OK ans=            rational
    c 4 (T=0.6): X  ans=                   2
    c 5 (T=0.7): X  ans=\(p\) must be even (
    c 6 (T=0.8): X  ans=                   2
    c 7 (T=0.9): X  ans=                   2
    c 8 (T=1.0): X  ans=                   6
    c 9 (T=1.0): X  ans=                   2
    c10 (T=1.2): X  ans=                   2
    c11 (T=1.2): X  ans=                   2
  Base: X  | Any correct: True | Agreement: 0.75 | Time: 86.4s
[475/500] reason_475

  Task: reason_475 (easy, logic)
  Logical consequence
    c 0 (T=0.0): X  ans=                   4
    c 1 (T=0.2): X  ans=                No**
    c 2 (T=0.3): X  ans=                   4
    c 3 (T=0.5): X  ans=         Answer: Yes
    c 4 (T=0.6): X  ans=                  No
    c 5 (T=0.7): X  ans=                  No
    c 6 (T=0.8): X  ans=                  No
    c 7 (T=0.9): X  ans=                No**
    c 8 (T=1.0): X  ans=                  3.
    c 9 (T=1.0): X  ans=                  No
    c10 (T=1.2): X  ans=                  No
    c11 (T=1.2): X  ans=                  No
  Base: X  | Any correct: False | Agreement: 0.50 | Time: 68.0s
[476/500] reason_476

  Task: reason_476 (medium, logic)
  Vacuous truth
    c 0 (T=0.0): OK ans=                 yes
    c 1 (T=0.2): OK ans=                 Yes
    c 2 (T=0.3): OK ans=                 yes
    c 3 (T=0.5): OK ans=                 yes
    c 4 (T=0.6): X  ans=                   4
    c 5 (T=0.7): OK ans=                 Yes
    c 6 (T=0.8): OK ans=                 yes
    c 7 (T=0.9): OK ans=                 Yes
    c 8 (T=1.0): OK ans=                 Yes
    c 9 (T=1.0): OK ans=                 yes
    c10 (T=1.2): OK ans=                 yes
    c11 (T=1.2): OK ans=                 yes
  Base: OK | Any correct: True | Agreement: 0.58 | Time: 65.7s
[477/500] reason_477

  Task: reason_477 (hard, math)
  Three door puzzle
    c 0 (T=0.0): X  ans=                   1
    c 1 (T=0.2): X  ans=                   3
    c 2 (T=0.3): X  ans=                   3
    c 3 (T=0.5): X  ans=                   3
    c 4 (T=0.6): X  ans=                   3
    c 5 (T=0.7): X  ans=                   2
    c 6 (T=0.8): X  ans=                  5.
    c 7 (T=0.9): X  ans=                   2
    c 8 (T=1.0): X  ans=                   2
    c 9 (T=1.0): X  ans=                   2
    c10 (T=1.2): X  ans=                   3
    c11 (T=1.2): X  ans=                   1
  Base: X  | Any correct: False | Agreement: 0.42 | Time: 88.9s
[478/500] reason_478

  Task: reason_478 (hard, math)
  Birthday problem 2
    c 0 (T=0.0): X  ans=                 365
    c 1 (T=0.2): X  ans=                 365
    c 2 (T=0.3): X  ans=                 365
    c 3 (T=0.5): X  ans=                 365
    c 4 (T=0.6): X  ans=                 316
    c 5 (T=0.7): X  ans=                  50
    c 6 (T=0.8): X  ans=                 316
    c 7 (T=0.9): X  ans=                 365
    c 8 (T=1.0): X  ans=                   1
    c 9 (T=1.0): X  ans=                  50
    c10 (T=1.2): X  ans=                  2.
    c11 (T=1.2): X  ans=                 365
  Base: X  | Any correct: False | Agreement: 0.50 | Time: 88.5s
[479/500] reason_479

  Task: reason_479 (hard, math)
  Gambler's ruin
    c 0 (T=0.0): X  ans=                   1
    c 1 (T=0.2): X  ans=                   1
    c 2 (T=0.3): OK ans=                 0.5
    c 3 (T=0.5): X  ans=                  19
    c 4 (T=0.6): X  ans=                   2
    c 5 (T=0.7): X  ans=                   1
    c 6 (T=0.8): X  ans=                   0
    c 7 (T=0.9): X  ans=                  20
    c 8 (T=1.0): X  ans=                   0
    c 9 (T=1.0): X  ans=                   1
    c10 (T=1.2): X  ans=                  50
    c11 (T=1.2): OK ans=                 0.5
  Base: X  | Any correct: True | Agreement: 0.33 | Time: 88.6s
[480/500] reason_480

  Task: reason_480 (hard, math)
  St Petersburg paradox
    c 0 (T=0.0): X  ans=                   1
    c 1 (T=0.2): X  ans=                   1
    c 2 (T=0.3): X  ans=                   1
    c 3 (T=0.5): X  ans=                   3
    c 4 (T=0.6): OK ans=            infinity
    c 5 (T=0.7): X  ans=                   3
    c 6 (T=0.8): X  ans=                   3
    c 7 (T=0.9): X  ans=                   3
    c 8 (T=1.0): X  ans=                   8
    c 9 (T=1.0): X  ans=                   3
    c10 (T=1.2): X  ans=                   2
    c11 (T=1.2): X  ans=                   1
  Base: X  | Any correct: True | Agreement: 0.42 | Time: 87.4s
[481/500] reason_481

  Task: reason_481 (medium, math)
  Sum of arithmetic 2
    c 0 (T=0.0): X  ans=                  10
    c 1 (T=0.2): X  ans=                   2
    c 2 (T=0.3): X  ans=                 100
    c 3 (T=0.5): X  ans=                 100
    c 4 (T=0.6): X  ans=                 100
    c 5 (T=0.7): X  ans=                   1
    c 6 (T=0.8): X  ans=                1000
    c 7 (T=0.9): X  ans=                  10
    c 8 (T=1.0): X  ans=                 100
    c 9 (T=1.0): X  ans=                   1
    c10 (T=1.2): X  ans=                 100
    c11 (T=1.2): X  ans=                 100
  Base: X  | Any correct: False | Agreement: 0.50 | Time: 88.3s
[482/500] reason_482

  Task: reason_482 (easy, math)
  Sum of geometric 2
    c 0 (T=0.0): OK ans=                 364
    c 1 (T=0.2): OK ans=                 364
    c 2 (T=0.3): OK ans=                 364
    c 3 (T=0.5): OK ans=                 364
    c 4 (T=0.6): OK ans=                 364
    c 5 (T=0.7): OK ans=                 364
    c 6 (T=0.8): OK ans=                 364
    c 7 (T=0.9): OK ans=                 364
    c 8 (T=1.0): OK ans=                 364
    c 9 (T=1.0): OK ans=                 364
    c10 (T=1.2): OK ans=                 364
    c11 (T=1.2): OK ans=                 364
  Base: OK | Any correct: True | Agreement: 1.00 | Time: 44.9s
[483/500] reason_483

  Task: reason_483 (easy, math)
  Percentage of total
    c 0 (T=0.0): OK ans=                  64
    c 1 (T=0.2): OK ans=                  64
    c 2 (T=0.3): OK ans=                  64
    c 3 (T=0.5): OK ans=                  64
    c 4 (T=0.6): OK ans=                  64
    c 5 (T=0.7): OK ans=                  64
    c 6 (T=0.8): OK ans=                  64
    c 7 (T=0.9): OK ans=                  64
    c 8 (T=1.0): OK ans=                  64
    c 9 (T=1.0): OK ans=                  64
    c10 (T=1.2): OK ans=                  64
    c11 (T=1.2): OK ans=                  64
  Base: OK | Any correct: True | Agreement: 1.00 | Time: 41.2s
[484/500] reason_484

  Task: reason_484 (easy, math)
  Ratio total
    c 0 (T=0.0): OK ans=                 100
    c 1 (T=0.2): X  ans=                  20
    c 2 (T=0.3): OK ans=                 100
    c 3 (T=0.5): OK ans=                 100
    c 4 (T=0.6): OK ans=                 100
    c 5 (T=0.7): X  ans=                   5
    c 6 (T=0.8): OK ans=                 100
    c 7 (T=0.9): OK ans=                 100
    c 8 (T=1.0): OK ans=                 100
    c 9 (T=1.0): OK ans=                 100
    c10 (T=1.2): OK ans=                 100
    c11 (T=1.2): OK ans=                 100
  Base: OK | Any correct: True | Agreement: 0.83 | Time: 72.4s
[485/500] reason_485

  Task: reason_485 (medium, math)
  Work rate 3
    c 0 (T=0.0): OK ans=                   9
    c 1 (T=0.2): OK ans=                   9
    c 2 (T=0.3): OK ans=                   9
    c 3 (T=0.5): OK ans=                   9
    c 4 (T=0.6): X  ans=                   1
    c 5 (T=0.7): OK ans=                   9
    c 6 (T=0.8): OK ans=                   9
    c 7 (T=0.9): OK ans=                   9
    c 8 (T=1.0): OK ans=                   9
    c 9 (T=1.0): OK ans=                   9
    c10 (T=1.2): OK ans=                   9
    c11 (T=1.2): OK ans=                   9
  Base: OK | Any correct: True | Agreement: 0.92 | Time: 75.9s
[486/500] reason_486

  Task: reason_486 (medium, math)
  Pipe drain
    c 0 (T=0.0): OK ans=                  18
    c 1 (T=0.2): OK ans=                  18
    c 2 (T=0.3): X  ans=                  4.
    c 3 (T=0.5): X  ans=                   1
    c 4 (T=0.6): X  ans=                   1
    c 5 (T=0.7): X  ans=                   1
    c 6 (T=0.8): X  ans=                   2
    c 7 (T=0.9): X  ans=                   1
    c 8 (T=1.0): OK ans=                  18
    c 9 (T=1.0): X  ans=                   2
    c10 (T=1.2): OK ans=                  18
    c11 (T=1.2): X  ans=                   1
  Base: OK | Any correct: True | Agreement: 0.42 | Time: 88.3s
[487/500] reason_487

  Task: reason_487 (medium, math)
  Average of averages
    c 0 (T=0.0): OK ans=               73.33
    c 1 (T=0.2): OK ans=               73.33
    c 2 (T=0.3): OK ans=               73.33
    c 3 (T=0.5): X  ans=                   7
    c 4 (T=0.6): X  ans=                2200
    c 5 (T=0.7): X  ans=                2200
    c 6 (T=0.8): OK ans=               73.33
    c 7 (T=0.9): OK ans=               73.33
    c 8 (T=1.0): X  ans=                  30
    c 9 (T=1.0): OK ans=               73.33
    c10 (T=1.2): X  ans=                  30
    c11 (T=1.2): X  ans=                  10
  Base: OK | Any correct: True | Agreement: 0.50 | Time: 87.0s
[488/500] reason_488

  Task: reason_488 (easy, math)
  Weighted average
    c 0 (T=0.0): OK ans=                  86
    c 1 (T=0.2): OK ans=                  86
    c 2 (T=0.3): OK ans=                  86
    c 3 (T=0.5): OK ans=                  86
    c 4 (T=0.6): OK ans=                  86
    c 5 (T=0.7): OK ans=                  86
    c 6 (T=0.8): OK ans=                  86
    c 7 (T=0.9): OK ans=                  86
    c 8 (T=1.0): OK ans=                  86
    c 9 (T=1.0): OK ans=                  86
    c10 (T=1.2): OK ans=                  86
    c11 (T=1.2): OK ans=                  86
  Base: OK | Any correct: True | Agreement: 1.00 | Time: 66.6s
[489/500] reason_489

  Task: reason_489 (hard, math)
  Compound ratio
    c 0 (T=0.0): X  ans=                   8
    c 1 (T=0.2): X  ans=                   4
    c 2 (T=0.3): X  ans=                   4
    c 3 (T=0.5): X  ans=                   8
    c 4 (T=0.6): X  ans=                   6
    c 5 (T=0.7): X  ans=                   8
    c 6 (T=0.8): X  ans=                   3
    c 7 (T=0.9): X  ans=                   8
    c 8 (T=1.0): X  ans=                   4
    c 9 (T=1.0): X  ans=                   3
    c10 (T=1.2): X  ans=                   3
    c11 (T=1.2): X  ans=                   6
  Base: X  | Any correct: False | Agreement: 0.33 | Time: 88.3s
[490/500] reason_490

  Task: reason_490 (medium, math)
  Proportion problem
    c 0 (T=0.0): OK ans=                 480
    c 1 (T=0.2): OK ans=                 480
    c 2 (T=0.3): OK ans=                 480
    c 3 (T=0.5): X  ans=                   6
    c 4 (T=0.6): OK ans=                 480
    c 5 (T=0.7): OK ans=                 480
    c 6 (T=0.8): OK ans=                 480
    c 7 (T=0.9): X  ans=                  80
    c 8 (T=1.0): X  ans=                  48
    c 9 (T=1.0): OK ans=                 480
    c10 (T=1.2): OK ans=                 480
    c11 (T=1.2): X  ans=                   8
  Base: OK | Any correct: True | Agreement: 0.67 | Time: 83.4s
[491/500] reason_491

  Task: reason_491 (hard, math)
  Remainder large
    c 0 (T=0.0): X  ans=                   7
    c 1 (T=0.2): X  ans=                  25
    c 2 (T=0.3): X  ans=                  25
    c 3 (T=0.5): X  ans=                  10
    c 4 (T=0.6): OK ans=                   1
    c 5 (T=0.7): X  ans=                  25
    c 6 (T=0.8): X  ans=                  25
    c 7 (T=0.9): X  ans=                  25
    c 8 (T=1.0): X  ans=                  10
    c 9 (T=1.0): X  ans=                  25
    c10 (T=1.2): X  ans=                   7
    c11 (T=1.2): X  ans=                  25
  Base: X  | Any correct: True | Agreement: 0.58 | Time: 88.4s
[492/500] reason_492

  Task: reason_492 (hard, math)
  Last digit power
    c 0 (T=0.0): X  ans=                 506
    c 1 (T=0.2): X  ans=                 506
    c 2 (T=0.3): X  ans=                 506
    c 3 (T=0.5): OK ans=                   1
    c 4 (T=0.6): X  ans=                2024
    c 5 (T=0.7): X  ans=                6561
    c 6 (T=0.8): X  ans=                 506
    c 7 (T=0.9): X  ans=                2024
    c 8 (T=1.0): X  ans=                  20
    c 9 (T=1.0): X  ans=                2024
    c10 (T=1.2): X  ans=                 243
    c11 (T=1.2): X  ans=                 506
  Base: X  | Any correct: True | Agreement: 0.42 | Time: 86.9s
[493/500] reason_493

  Task: reason_493 (medium, math)
  Sum of digits 2
    c 0 (T=0.0): OK ans=                  45
    c 1 (T=0.2): OK ans=                  45
    c 2 (T=0.3): OK ans=                  45
    c 3 (T=0.5): OK ans=                  45
    c 4 (T=0.6): OK ans=                  45
    c 5 (T=0.7): OK ans=                  45
    c 6 (T=0.8): OK ans=                  45
    c 7 (T=0.9): OK ans=                  45
    c 8 (T=1.0): OK ans=                  45
    c 9 (T=1.0): OK ans=                  45
    c10 (T=1.2): OK ans=                  45
    c11 (T=1.2): OK ans=                  45
  Base: OK | Any correct: True | Agreement: 1.00 | Time: 50.8s
[494/500] reason_494

  Task: reason_494 (hard, math)
  Number of zeros
    c 0 (T=0.0): OK ans=                   6
    c 1 (T=0.2): OK ans=                   6
    c 2 (T=0.3): OK ans=                   6
    c 3 (T=0.5): X  ans=                   5
    c 4 (T=0.6): OK ans=                   6
    c 5 (T=0.7): X  ans=                   5
    c 6 (T=0.8): X  ans=                   1
    c 7 (T=0.9): OK ans=                   6
    c 8 (T=1.0): OK ans=                   6
    c 9 (T=1.0): OK ans=                   6
    c10 (T=1.2): OK ans=                   6
    c11 (T=1.2): OK ans=                   6
  Base: OK | Any correct: True | Agreement: 0.75 | Time: 80.7s
[495/500] reason_495

  Task: reason_495 (hard, math)
  Cyclic pattern
    c 0 (T=0.0): X  ans=                  12
    c 1 (T=0.2): OK ans=                   4
    c 2 (T=0.3): OK ans=                   4
    c 3 (T=0.5): X  ans=                  12
    c 4 (T=0.6): OK ans=                   4
    c 5 (T=0.7): X  ans=                  12
    c 6 (T=0.8): X  ans=                  50
    c 7 (T=0.9): X  ans=                   1
    c 8 (T=1.0): X  ans=                   2
    c 9 (T=1.0): X  ans=                    
    c10 (T=1.2): X  ans=                  12
    c11 (T=1.2): X  ans=                    
  Base: X  | Any correct: True | Agreement: 0.33 | Time: 88.0s
[496/500] reason_496

  Task: reason_496 (easy, math)
  Digit product
    c 0 (T=0.0): OK ans=                 120
    c 1 (T=0.2): OK ans=                 120
    c 2 (T=0.3): OK ans=                 120
    c 3 (T=0.5): OK ans=                 120
    c 4 (T=0.6): OK ans=                 120
    c 5 (T=0.7): OK ans=                 120
    c 6 (T=0.8): OK ans=                 120
    c 7 (T=0.9): OK ans=                 120
    c 8 (T=1.0): OK ans=                 120
    c 9 (T=1.0): OK ans=                 120
    c10 (T=1.2): OK ans=                 120
    c11 (T=1.2): OK ans=                 120
  Base: OK | Any correct: True | Agreement: 1.00 | Time: 48.7s
[497/500] reason_497

  Task: reason_497 (easy, math)
  Reverse number
    c 0 (T=0.0): OK ans=                5555
    c 1 (T=0.2): OK ans=                5555
    c 2 (T=0.3): OK ans=                5555
    c 3 (T=0.5): OK ans=                5555
    c 4 (T=0.6): OK ans=                5555
    c 5 (T=0.7): OK ans=                5555
    c 6 (T=0.8): OK ans=                5555
    c 7 (T=0.9): OK ans=                5555
    c 8 (T=1.0): OK ans=                5555
    c 9 (T=1.0): OK ans=                5555
    c10 (T=1.2): OK ans=                5555
    c11 (T=1.2): OK ans=                5555
  Base: OK | Any correct: True | Agreement: 1.00 | Time: 45.3s
[498/500] reason_498

  Task: reason_498 (easy, logic)
  Palindrome check
    c 0 (T=0.0): OK ans=                 yes
    c 1 (T=0.2): OK ans=                 yes
    c 2 (T=0.3): OK ans=                 yes
    c 3 (T=0.5): OK ans=                 yes
    c 4 (T=0.6): OK ans=                 yes
    c 5 (T=0.7): OK ans=                 yes
    c 6 (T=0.8): OK ans=                 yes
    c 7 (T=0.9): OK ans=                 yes
    c 8 (T=1.0): OK ans=                 yes
    c 9 (T=1.0): OK ans=                 yes
    c10 (T=1.2): OK ans=                 yes
    c11 (T=1.2): OK ans=                 yes
  Base: OK | Any correct: True | Agreement: 1.00 | Time: 42.2s
[499/500] reason_499

  Task: reason_499 (medium, sequence)
  Fibonacci sum
    c 0 (T=0.0): X  ans=                  13
    c 1 (T=0.2): X  ans=                  13
    c 2 (T=0.3): X  ans=                  21
    c 3 (T=0.5): X  ans=                  21
    c 4 (T=0.6): X  ans=                  21
    c 5 (T=0.7): X  ans=                  13
    c 6 (T=0.8): X  ans=                  13
    c 7 (T=0.9): X  ans=                  13
    c 8 (T=1.0): X  ans=                  13
    c 9 (T=1.0): X  ans=                   8
    c10 (T=1.2): X  ans=                   1
    c11 (T=1.2): X  ans=                   3
  Base: X  | Any correct: False | Agreement: 0.50 | Time: 88.5s
[500/500] reason_500

  Task: reason_500 (medium, math)
  Triangular number 100
    c 0 (T=0.0): OK ans=                5050
    c 1 (T=0.2): OK ans=                5050
    c 2 (T=0.3): OK ans=                5050
    c 3 (T=0.5): OK ans=                5050
    c 4 (T=0.6): OK ans=                5050
    c 5 (T=0.7): OK ans=                5050
    c 6 (T=0.8): OK ans=                5050
    c 7 (T=0.9): OK ans=                5050
    c 8 (T=1.0): OK ans=                5050
    c 9 (T=1.0): OK ans=                5050
    c10 (T=1.2): OK ans=                5050
    c11 (T=1.2): OK ans=                5050
  Base: OK | Any correct: True | Agreement: 1.00 | Time: 62.7s

============================================================
  INTERIM DIAGNOSTIC: N=500
============================================================
  Oracle@ 2: 294/500 = 58.8%
  Oracle@ 4: 329/500 = 65.8%
  Oracle@ 6: 352/500 = 70.4%
  Oracle@ 8: 363/500 = 72.6%
  Oracle@12: 376/500 = 75.2%
  Base correct: 260/500 = 52.0%
  Any correct:   376/500 = 75.2%
  Rescue avail:  116/500 = 23.2%
  Categories: {'math': 323, 'sequence': 49, 'logic': 78, 'combinatorics': 50}
  Difficulty:  {'easy': 155, 'medium': 200, 'hard': 145}

============================================================
  STAGE 1 SUMMARY
============================================================
  Tasks: 500
  Base correct: 260 (52.0%)
  Any candidate correct: 376 (75.2%)
  Rescue available: 116 (23.2%)
  Oracle@ 2: 294/500 = 58.8%
  Oracle@ 4: 329/500 = 65.8%
  Oracle@ 6: 352/500 = 70.4%
  Oracle@ 8: 363/500 = 72.6%
  Oracle@12: 376/500 = 75.2%
  Base correct: 260/500 = 52.0%
  Any correct:   376/500 = 75.2%
  Rescue avail:  116/500 = 23.2%
  Categories: {'math': 323, 'sequence': 49, 'logic': 78, 'combinatorics': 50}
  Difficulty:  {'easy': 155, 'medium': 200, 'hard': 145}
